[INFO] Scanning for projects...
[INFO] 
[INFO] ----------------------< com.river:LegalAssistant >----------------------
[INFO] Building LegalAssistant 0.0.1-SNAPSHOT
[INFO]   from pom.xml
[INFO] --------------------------------[ jar ]---------------------------------
[INFO] 
[INFO] >>> spring-boot:3.3.4:run (default-cli) > test-compile @ LegalAssistant >>>
[INFO] 
[INFO] --- jacoco:0.8.11:prepare-agent (default) @ LegalAssistant ---
[INFO] argLine set to -javaagent:F:\\apache-maven-3.9.9\\mvn_repo\\org\\jacoco\\org.jacoco.agent\\0.8.11\\org.jacoco.agent-0.8.11-runtime.jar=destfile=F:\\LegalAssistant\\target\\jacoco.exec
[INFO] 
[INFO] --- resources:3.3.1:resources (default-resources) @ LegalAssistant ---
[INFO] Copying 4 resources from src\main\resources to target\classes
[INFO] Copying 27 resources from src\main\resources to target\classes
[INFO] 
[INFO] --- compiler:3.13.0:compile (default-compile) @ LegalAssistant ---
[INFO] Nothing to compile - all classes are up to date.
[INFO] 
[INFO] --- resources:3.3.1:testResources (default-testResources) @ LegalAssistant ---
[INFO] Copying 1 resource from src\test\resources to target\test-classes
[INFO] 
[INFO] --- compiler:3.13.0:testCompile (default-testCompile) @ LegalAssistant ---
[INFO] Nothing to compile - all classes are up to date.
[INFO] 
[INFO] <<< spring-boot:3.3.4:run (default-cli) < test-compile @ LegalAssistant <<<
[INFO] 
[INFO] 
[INFO] --- spring-boot:3.3.4:run (default-cli) @ LegalAssistant ---
[INFO] Attaching agents: []

  .   ____          _            __ _ _
 /\\ / ___'_ __ _ _(_)_ __  __ _ \ \ \ \
( ( )\___ | '_ | '_| | '_ \/ _` | \ \ \ \
 \\/  ___)| |_)| | | | | || (_| |  ) ) ) )
  '  |____| .__|_| |_|_| |_\__, | / / / /
 =========|_|==============|___/=/_/_/_/

 :: Spring Boot ::                (v3.3.4)

2026-03-09 13:41:34.765 [main] INFO  c.r.L.LegalAssistantApplication - Starting LegalAssistantApplication using Java 21.0.5 with PID 37100 (F:\LegalAssistant\target\classes started by river in F:\LegalAssistant)
2026-03-09 13:41:34.767 [main] INFO  c.r.L.LegalAssistantApplication - No active profile set, falling back to 1 default profile: "default"
2026-03-09 13:41:38.840 [main] INFO  com.zaxxer.hikari.HikariDataSource - HikariPool-1 - Starting...
2026-03-09 13:41:39.053 [main] INFO  com.zaxxer.hikari.pool.HikariPool - HikariPool-1 - Added connection org.postgresql.jdbc.PgConnection@32eb38e5
2026-03-09 13:41:39.134 [main] INFO  com.zaxxer.hikari.HikariDataSource - HikariPool-1 - Start completed.
2026-03-09 13:41:39.162 [main] INFO  org.flywaydb.core.FlywayExecutor - Database: jdbc:postgresql://localhost:5432/legal_assistant_benchmark_20260309134127 (PostgreSQL 17.6)
2026-03-09 13:41:39.177 [main] WARN  o.f.c.i.database.base.Database - Flyway upgrade recommended: PostgreSQL 17.6 is newer than this version of Flyway and support has not been tested. The latest supported version of PostgreSQL is 16.
2026-03-09 13:41:39.210 [main] INFO  o.f.c.i.s.JdbcTableSchemaHistory - Creating Schema History table "public"."flyway_schema_history" ...
2026-03-09 13:41:39.403 [main] INFO  o.f.core.internal.command.DbMigrate - Current version of schema "public": << Empty Schema >>
2026-03-09 13:41:39.421 [main] INFO  o.f.core.internal.command.DbMigrate - Migrating schema "public" to version "1 - Initial setup"
2026-03-09 13:41:39.469 [main] INFO  o.f.c.i.s.DefaultSqlScriptExecutor - DB: PGVector extension loaded successfully
2026-03-09 13:41:39.517 [main] INFO  o.f.c.i.s.DefaultSqlScriptExecutor - DB: HNSW vector index created successfully
2026-03-09 13:41:39.559 [main] INFO  o.f.core.internal.command.DbMigrate - Migrating schema "public" to version "2 - Update admin password"
2026-03-09 13:41:39.579 [main] INFO  o.f.core.internal.command.DbMigrate - Migrating schema "public" to version "3 - Fix vector dimensions"
2026-03-09 13:41:39.585 [main] INFO  o.f.c.i.s.DefaultSqlScriptExecutor - DB: Created vector_store table with vector(768) type
2026-03-09 13:41:39.591 [main] INFO  o.f.c.i.s.DefaultSqlScriptExecutor - DB: HNSW vector index created successfully for 768 dimensions
2026-03-09 13:41:39.607 [main] INFO  o.f.core.internal.command.DbMigrate - Migrating schema "public" to version "4 - Add demo user"
2026-03-09 13:41:39.620 [main] INFO  o.f.core.internal.command.DbMigrate - Migrating schema "public" to version "5 - Fix langchain4j compatibility"
2026-03-09 13:41:39.627 [main] INFO  o.f.c.i.s.DefaultSqlScriptExecutor - DB: Created LangChain4j compatible vector_store table with vector(768) type
2026-03-09 13:41:39.631 [main] INFO  o.f.c.i.s.DefaultSqlScriptExecutor - DB: HNSW vector index created successfully for similarity search
2026-03-09 13:41:39.642 [main] INFO  o.f.c.i.s.DefaultSqlScriptExecutor - DB: vector_store table created successfully with LangChain4j compatible structure
2026-03-09 13:41:39.643 [main] INFO  o.f.c.i.s.DefaultSqlScriptExecutor - DB: Column: embedding_id | Type: uuid | Nullable: NO | Default: uuid_generate_v4()
2026-03-09 13:41:39.644 [main] INFO  o.f.c.i.s.DefaultSqlScriptExecutor - DB: Column: embedding | Type: USER-DEFINED | Nullable: NO | Default: <NULL>
2026-03-09 13:41:39.644 [main] INFO  o.f.c.i.s.DefaultSqlScriptExecutor - DB: Column: text | Type: text | Nullable: NO | Default: <NULL>
2026-03-09 13:41:39.644 [main] INFO  o.f.c.i.s.DefaultSqlScriptExecutor - DB: Column: metadata | Type: jsonb | Nullable: YES | Default: '{}'::jsonb
2026-03-09 13:41:39.645 [main] INFO  o.f.c.i.s.DefaultSqlScriptExecutor - DB: Column: created_at | Type: timestamp with time zone | Nullable: YES | Default: CURRENT_TIMESTAMP
2026-03-09 13:41:39.660 [main] INFO  o.f.core.internal.command.DbMigrate - Migrating schema "public" to version "8 - Reset vector store tables"
2026-03-09 13:41:39.663 [main] INFO  o.f.c.i.s.DefaultSqlScriptExecutor - DB: 表 "langchain4j_embeddings" 不存在
2026-03-09 13:41:39.670 [main] INFO  o.f.c.i.s.DefaultSqlScriptExecutor - DB: Created Spring AI compatible vector_store table with vector(768) type
2026-03-09 13:41:39.670 [main] INFO  o.f.c.i.s.DefaultSqlScriptExecutor - DB: HNSW vector index created successfully for similarity search
2026-03-09 13:41:39.676 [main] INFO  o.f.c.i.s.DefaultSqlScriptExecutor - DB: Created LangChain4j embeddings table with vector(768) type
2026-03-09 13:41:39.676 [main] INFO  o.f.c.i.s.DefaultSqlScriptExecutor - DB: HNSW vector index created for LangChain4j embeddings table
2026-03-09 13:41:39.684 [main] INFO  o.f.c.i.s.DefaultSqlScriptExecutor - DB: === Final vector storage tables structure ===
2026-03-09 13:41:39.685 [main] INFO  o.f.c.i.s.DefaultSqlScriptExecutor - DB: === vector_store table (Spring AI) ===
2026-03-09 13:41:39.685 [main] INFO  o.f.c.i.s.DefaultSqlScriptExecutor - DB: Column: id | Type: uuid | Nullable: NO | Default: uuid_generate_v4()
2026-03-09 13:41:39.685 [main] INFO  o.f.c.i.s.DefaultSqlScriptExecutor - DB: Column: content | Type: text | Nullable: NO | Default: <NULL>
2026-03-09 13:41:39.685 [main] INFO  o.f.c.i.s.DefaultSqlScriptExecutor - DB: Column: metadata | Type: jsonb | Nullable: YES | Default: '{}'::jsonb
2026-03-09 13:41:39.685 [main] INFO  o.f.c.i.s.DefaultSqlScriptExecutor - DB: Column: embedding | Type: USER-DEFINED | Nullable: NO | Default: <NULL>
2026-03-09 13:41:39.686 [main] INFO  o.f.c.i.s.DefaultSqlScriptExecutor - DB: Column: created_at | Type: timestamp with time zone | Nullable: YES | Default: CURRENT_TIMESTAMP
2026-03-09 13:41:39.686 [main] INFO  o.f.c.i.s.DefaultSqlScriptExecutor - DB: === langchain4j_embeddings table (LangChain4j) ===
2026-03-09 13:41:39.686 [main] INFO  o.f.c.i.s.DefaultSqlScriptExecutor - DB: Column: embedding_id | Type: uuid | Nullable: NO | Default: uuid_generate_v4()
2026-03-09 13:41:39.686 [main] INFO  o.f.c.i.s.DefaultSqlScriptExecutor - DB: Column: embedding | Type: USER-DEFINED | Nullable: NO | Default: <NULL>
2026-03-09 13:41:39.686 [main] INFO  o.f.c.i.s.DefaultSqlScriptExecutor - DB: Column: text | Type: text | Nullable: NO | Default: <NULL>
2026-03-09 13:41:39.686 [main] INFO  o.f.c.i.s.DefaultSqlScriptExecutor - DB: Column: metadata | Type: jsonb | Nullable: YES | Default: '{}'::jsonb
2026-03-09 13:41:39.687 [main] INFO  o.f.c.i.s.DefaultSqlScriptExecutor - DB: Column: created_at | Type: timestamp with time zone | Nullable: YES | Default: CURRENT_TIMESTAMP
2026-03-09 13:41:39.687 [main] INFO  o.f.c.i.s.DefaultSqlScriptExecutor - DB: ✓ Both vector storage tables created successfully
2026-03-09 13:41:39.687 [main] INFO  o.f.c.i.s.DefaultSqlScriptExecutor - DB: ✓ Dual vector storage architecture is ready
2026-03-09 13:41:39.698 [main] INFO  o.f.core.internal.command.DbMigrate - Migrating schema "public" to version "9 - Fix vector store index size limit"
2026-03-09 13:41:39.702 [main] INFO  o.f.c.i.s.DefaultSqlScriptExecutor - DB: Created content hash index for vector_store table
2026-03-09 13:41:39.703 [main] INFO  o.f.c.i.s.DefaultSqlScriptExecutor - DB: Created full-text search index for vector_store content
2026-03-09 13:41:39.703 [main] INFO  o.f.c.i.s.DefaultSqlScriptExecutor - DB: Created GIN index for vector_store metadata
2026-03-09 13:41:39.708 [main] INFO  o.f.c.i.s.DefaultSqlScriptExecutor - DB: Created text hash index for langchain4j_embeddings table
2026-03-09 13:41:39.709 [main] INFO  o.f.c.i.s.DefaultSqlScriptExecutor - DB: Created full-text search index for langchain4j_embeddings text
2026-03-09 13:41:39.710 [main] INFO  o.f.c.i.s.DefaultSqlScriptExecutor - DB: Created GIN index for langchain4j_embeddings metadata
2026-03-09 13:41:39.719 [main] INFO  o.f.c.i.s.DefaultSqlScriptExecutor - DB: === Vector Storage Index Optimization Complete ===
2026-03-09 13:41:39.719 [main] INFO  o.f.c.i.s.DefaultSqlScriptExecutor - DB: 
2026-03-09 13:41:39.720 [main] INFO  o.f.c.i.s.DefaultSqlScriptExecutor - DB: === vector_store table indexes ===
2026-03-09 13:41:39.720 [main] INFO  o.f.c.i.s.DefaultSqlScriptExecutor - DB: Index: idx_vector_store_content_fulltext | Definition: CREATE INDEX idx_vector_store_content_fulltext ON public.vector_store USING gin (to_tsvector('simple'::regconfig, "left"(content, 1000)))
2026-03-09 13:41:39.720 [main] INFO  o.f.c.i.s.DefaultSqlScriptExecutor - DB: Index: idx_vector_store_content_hash | Definition: CREATE INDEX idx_vector_store_content_hash ON public.vector_store USING hash (md5(content))
2026-03-09 13:41:39.720 [main] INFO  o.f.c.i.s.DefaultSqlScriptExecutor - DB: Index: idx_vector_store_created_at | Definition: CREATE INDEX idx_vector_store_created_at ON public.vector_store USING btree (created_at)
2026-03-09 13:41:39.720 [main] INFO  o.f.c.i.s.DefaultSqlScriptExecutor - DB: Index: idx_vector_store_embedding_hnsw | Definition: CREATE INDEX idx_vector_store_embedding_hnsw ON public.vector_store USING hnsw (embedding vector_cosine_ops)
2026-03-09 13:41:39.721 [main] INFO  o.f.c.i.s.DefaultSqlScriptExecutor - DB: Index: idx_vector_store_metadata_gin | Definition: CREATE INDEX idx_vector_store_metadata_gin ON public.vector_store USING gin (metadata)
2026-03-09 13:41:39.721 [main] INFO  o.f.c.i.s.DefaultSqlScriptExecutor - DB: Index: vector_store_pkey | Definition: CREATE UNIQUE INDEX vector_store_pkey ON public.vector_store USING btree (id)
2026-03-09 13:41:39.721 [main] INFO  o.f.c.i.s.DefaultSqlScriptExecutor - DB: 
2026-03-09 13:41:39.721 [main] INFO  o.f.c.i.s.DefaultSqlScriptExecutor - DB: === langchain4j_embeddings table indexes ===
2026-03-09 13:41:39.721 [main] INFO  o.f.c.i.s.DefaultSqlScriptExecutor - DB: Index: idx_langchain4j_embeddings_created_at | Definition: CREATE INDEX idx_langchain4j_embeddings_created_at ON public.langchain4j_embeddings USING btree (created_at)
2026-03-09 13:41:39.722 [main] INFO  o.f.c.i.s.DefaultSqlScriptExecutor - DB: Index: idx_langchain4j_embeddings_hnsw | Definition: CREATE INDEX idx_langchain4j_embeddings_hnsw ON public.langchain4j_embeddings USING hnsw (embedding vector_cosine_ops)
2026-03-09 13:41:39.722 [main] INFO  o.f.c.i.s.DefaultSqlScriptExecutor - DB: Index: idx_langchain4j_metadata_gin | Definition: CREATE INDEX idx_langchain4j_metadata_gin ON public.langchain4j_embeddings USING gin (metadata)
2026-03-09 13:41:39.722 [main] INFO  o.f.c.i.s.DefaultSqlScriptExecutor - DB: Index: idx_langchain4j_text_fulltext | Definition: CREATE INDEX idx_langchain4j_text_fulltext ON public.langchain4j_embeddings USING gin (to_tsvector('simple'::regconfig, "left"(text, 1000)))
2026-03-09 13:41:39.723 [main] INFO  o.f.c.i.s.DefaultSqlScriptExecutor - DB: Index: idx_langchain4j_text_hash | Definition: CREATE INDEX idx_langchain4j_text_hash ON public.langchain4j_embeddings USING hash (md5(text))
2026-03-09 13:41:39.723 [main] INFO  o.f.c.i.s.DefaultSqlScriptExecutor - DB: Index: langchain4j_embeddings_pkey | Definition: CREATE UNIQUE INDEX langchain4j_embeddings_pkey ON public.langchain4j_embeddings USING btree (embedding_id)
2026-03-09 13:41:39.723 [main] INFO  o.f.c.i.s.DefaultSqlScriptExecutor - DB: 
2026-03-09 13:41:39.723 [main] INFO  o.f.c.i.s.DefaultSqlScriptExecutor - DB: ✓ Index optimization completed successfully
2026-03-09 13:41:39.723 [main] INFO  o.f.c.i.s.DefaultSqlScriptExecutor - DB: ✓ B-tree content indexes removed to prevent size limit errors
2026-03-09 13:41:39.723 [main] INFO  o.f.c.i.s.DefaultSqlScriptExecutor - DB: ✓ Hash indexes created for exact matching
2026-03-09 13:41:39.723 [main] INFO  o.f.c.i.s.DefaultSqlScriptExecutor - DB: ✓ Full-text indexes created for content search (first 1000 chars)
2026-03-09 13:41:39.723 [main] INFO  o.f.c.i.s.DefaultSqlScriptExecutor - DB: ✓ GIN indexes created for metadata JSON queries
2026-03-09 13:41:39.724 [main] INFO  o.f.c.i.s.DefaultSqlScriptExecutor - DB: 
2026-03-09 13:41:39.724 [main] INFO  o.f.c.i.s.DefaultSqlScriptExecutor - DB: Note: You can query v_vector_store_content_stats view to monitor content sizes
2026-03-09 13:41:39.733 [main] INFO  o.f.core.internal.command.DbMigrate - Migrating schema "public" to version "10 - Create chat memory tables"
2026-03-09 13:41:39.755 [main] INFO  o.f.c.i.s.DefaultSqlScriptExecutor - DB: 关系 "ollama_chat_memory"的触发器"update_ollama_chat_memory_updated_at"不存在，跳过
2026-03-09 13:41:39.756 [main] INFO  o.f.c.i.s.DefaultSqlScriptExecutor - DB: 关系 "deepseek_chat_memory"的触发器"update_deepseek_chat_memory_updated_at"不存在，跳过
2026-03-09 13:41:39.773 [main] INFO  o.f.core.internal.command.DbMigrate - Migrating schema "public" to version "11 - Create Chat History Tables"
2026-03-09 13:41:39.805 [main] INFO  o.f.core.internal.command.DbMigrate - Successfully applied 9 migrations to schema "public", now at version v11 (execution time 00:00.283s)
2026-03-09 13:41:42.372 [main] INFO  c.g.x.k.s.c.Knife4jAutoConfiguration - init CorsFilter...
2026-03-09 13:41:42.443 [main] INFO  c.r.L.service.PromptTemplateService - 开始初始化提示词模板服务...
2026-03-09 13:41:42.447 [main] INFO  c.r.L.service.PromptTemplateService - 提示词模板服务初始化完成，共加载 14 个模板
2026-03-09 13:41:42.478 [main] INFO  c.r.L.config.OllamaConfig - === Ollama 配置初始化 ===
2026-03-09 13:41:42.479 [main] INFO  c.r.L.config.OllamaConfig - 使用本地 Ollama 服务，不依赖任何云端 AI 服务
2026-03-09 13:41:42.479 [main] INFO  c.r.L.config.OllamaConfig - 确保 Ollama 服务运行在 http://localhost:11434
2026-03-09 13:41:42.479 [main] INFO  c.r.L.config.OllamaConfig - 推荐模型:
2026-03-09 13:41:42.479 [main] INFO  c.r.L.config.OllamaConfig -   - 聊天模型: qwen2:1.5b, llama3.2:3b
2026-03-09 13:41:42.480 [main] INFO  c.r.L.config.OllamaConfig -   - 嵌入模型: nomic-embed-text
2026-03-09 13:41:42.480 [main] INFO  c.r.L.config.OllamaConfig - ========================
2026-03-09 13:41:42.930 [main] INFO  c.r.LegalAssistant.config.AiConfig - 初始化default聊天客户端，优先使用DeepSeek模型
2026-03-09 13:41:42.968 [main] INFO  c.r.L.config.ChatMemoryConfig - 创建Ollama聊天记忆存储库（内存存储）
2026-03-09 13:41:42.970 [main] INFO  c.r.L.config.ChatMemoryConfig - 创建Ollama聊天记忆，最大消息数: 15
2026-03-09 13:41:42.976 [main] INFO  c.r.L.config.ChatMemoryConfig - 创建DeepSeek聊天记忆存储库（内存存储）
2026-03-09 13:41:42.978 [main] INFO  c.r.L.config.ChatMemoryConfig - 创建DeepSeek聊天记忆，最大消息数: 30
2026-03-09 13:41:42.979 [main] INFO  c.r.L.service.ChatMemoryService - 聊天记忆服务初始化完成
2026-03-09 13:41:43.043 [main] INFO  c.r.LegalAssistant.config.AiConfig - 设置 Ollama Embedding 模型为主要嵌入模型
2026-03-09 13:41:43.319 [main] INFO  o.s.a.v.pgvector.PgVectorStore - Using the vector table name: vector_store. Is empty: false
2026-03-09 13:41:43.329 [main] INFO  o.s.a.v.pgvector.PgVectorStore - Initializing PGVectorStore schema for table: vector_store in schema: public
2026-03-09 13:41:43.330 [main] INFO  o.s.a.v.pgvector.PgVectorStore - vectorTableValidationsEnabled false
2026-03-09 13:41:43.331 [main] DEBUG o.s.a.v.pgvector.PgVectorStore - Skipping the schema initialization for the table: public.vector_store
2026-03-09 13:41:43.351 [main] INFO  c.r.L.config.LangChain4jConfig - 初始化 LangChain4j PGVector 嵌入存储（独立表）
2026-03-09 13:41:43.352 [main] INFO  c.r.L.config.LangChain4jConfig - 连接 PGVector 数据库: localhost:5432/legal_assistant_benchmark_20260309134127, 表: langchain4j_embeddings, 维度: 768
2026-03-09 13:41:43.419 [main] INFO  c.r.L.config.LangChain4jConfig - 初始化 LangChain4j 嵌入模型: nomic-embed-text
2026-03-09 13:41:43.876 [main] INFO  c.r.L.config.AsyncConfig - 初始化支持SecurityContext的异步执行器
2026-03-09 13:41:43.889 [main] INFO  c.r.L.service.AgentService - 混合AI法律顾问代理服务启动
2026-03-09 13:41:43.892 [main] INFO  c.r.L.service.AgentService - 正在初始化混合AI法律顾问代理服务...
2026-03-09 13:41:43.893 [main] INFO  c.r.L.service.AgentService - 配置：混合模式=true, 基础提供者=ollama, 高级提供者=deepseek, 自动降级=true
2026-03-09 13:41:43.894 [main] INFO  c.r.L.service.AgentService - 初始化基础AI服务：ollama (qwen3:4b)
2026-03-09 13:41:43.904 [main] INFO  c.r.L.service.AgentService - 基础AI服务初始化成功：qwen3:4b
2026-03-09 13:41:43.904 [main] INFO  c.r.L.service.AgentService - 初始化高级AI服务：deepseek (deepseek-chat)
2026-03-09 13:41:43.951 [main] INFO  c.r.L.service.AgentService - 高级AI服务初始化成功：deepseek-chat
2026-03-09 13:41:43.952 [main] INFO  c.r.L.service.AgentService - === 混合AI法律顾问服务初始化完成 ===
2026-03-09 13:41:43.952 [main] INFO  c.r.L.service.AgentService - 基础服务状态：可用 (qwen3:4b)
2026-03-09 13:41:43.953 [main] INFO  c.r.L.service.AgentService - 高级服务状态：可用 (deepseek-chat)
2026-03-09 13:41:43.953 [main] INFO  c.r.L.service.AgentService - 自动降级：启用
2026-03-09 13:41:43.953 [main] INFO  c.r.L.service.AgentService - 混合AI架构完全就绪，智能路由已激活。
2026-03-09 13:41:43.953 [main] INFO  c.r.L.service.AgentService - ========================================
2026-03-09 13:41:43.973 [main] INFO  c.r.L.config.LangChain4jConfig - 初始化 LangChain4j 聊天模型: qwen3:4b
2026-03-09 13:41:43.996 [main] INFO  c.r.L.s.advanced.LegalQueryRouter - 初始化法律查询路由器...
2026-03-09 13:41:43.997 [main] INFO  c.r.L.s.advanced.LegalQueryRouter - 法律查询路由器初始化完成，配置 6 个检索器
2026-03-09 13:41:44.012 [main] INFO  c.r.L.s.a.AdvancedLegalRagService - Initializing Advanced Legal RAG service
2026-03-09 13:41:44.020 [main] INFO  c.r.L.s.a.AdvancedLegalRagService - Advanced Legal RAG service initialized
2026-03-09 13:41:44.135 [main] INFO  o.s.s.c.a.a.c.InitializeUserDetailsBeanManagerConfigurer$InitializeUserDetailsManagerConfigurer - Global AuthenticationManager configured with UserDetailsService bean with name userService
2026-03-09 13:41:44.684 [main] INFO  c.r.L.service.EtlService - ETL服务初始化完成 - chunk大小: 0, 重叠: 0, 最小块: 0
2026-03-09 13:41:44.811 [main] INFO  c.r.L.c.LegalDocumentSplitterConfig - 初始化法律文档分割器配置:
2026-03-09 13:41:44.812 [main] INFO  c.r.L.c.LegalDocumentSplitterConfig -   - 最大Token数: 512
2026-03-09 13:41:44.813 [main] INFO  c.r.L.c.LegalDocumentSplitterConfig -   - 层级结构解析: true
2026-03-09 13:41:44.813 [main] INFO  c.r.L.c.LegalDocumentSplitterConfig -   - 重叠字符数: 50
2026-03-09 13:41:44.814 [main] INFO  c.r.L.s.s.LegalDocumentSplitter - 初始化法律文档分割器 - maxTokens: 512, enableHierarchicalParsing: true, chunkOverlap: 50
2026-03-09 13:41:44.823 [main] INFO  c.r.L.s.s.DocumentSplitterFactory - DocumentSplitterFactory 初始化完成 - 已注册分割器: Legal, Contract, Recursive
2026-03-09 13:41:44.827 [main] INFO  c.r.L.s.DocumentProcessingService - DocumentProcessingService 初始化完成 - 统一文档处理服务已启用
2026-03-09 13:41:44.938 [main] INFO  c.r.L.s.DocumentIndexingService - DocumentIndexingService 初始化完成,已启用法律文档分割器
2026-03-09 13:41:44.973 [main] INFO  c.r.L.s.VectorDatabaseManagementService - VectorDatabaseManagementService 初始化完成,已启用统一文档处理服务和法律文档分割器
2026-03-09 13:41:45.003 [main] INFO  c.r.LegalAssistant.config.AiConfig - 初始化基础聊天客户端，使用Ollama Chat模型
2026-03-09 13:41:45.005 [main] INFO  c.r.LegalAssistant.config.AiConfig - 初始化advanced聊天客户端，优先使用DeepSeek模型
2026-03-09 13:41:45.033 [main] INFO  c.r.L.config.ChatMemoryConfig - 创建默认聊天记忆，使用Ollama聊天记忆
2026-03-09 13:41:45.034 [main] INFO  c.r.L.config.LangChain4jConfig - 初始化 LangChain4j 流式聊天模型: qwen3:4b
2026-03-09 13:41:45.040 [main] INFO  c.r.L.config.OpenApiConfig - 初始化OpenAPI配置, contextPath: /api/v1, port: 18080
2026-03-09 13:41:45.314 [main] WARN  o.s.b.a.o.j.JpaBaseConfiguration$JpaWebConfiguration - spring.jpa.open-in-view is enabled by default. Therefore, database queries may be performed during view rendering. Explicitly configure spring.jpa.open-in-view to disable this warning
2026-03-09 13:41:45.632 [main] INFO  c.r.LegalAssistant.config.WebConfig - 配置现有JSON消息转换器，禁用非ASCII字符转义
2026-03-09 13:41:46.267 [main] INFO  c.r.LegalAssistant.config.SseConfig - SSE ObjectMapper配置完成，禁用非ASCII字符转义
2026-03-09 13:41:46.537 [main] INFO  c.r.LegalAssistant.config.WebConfig - 配置Web异步支持，设置超时为25分钟以支持长时间AI分析
2026-03-09 13:41:47.918 [main] INFO  c.r.L.LegalAssistantApplication - Started LegalAssistantApplication in 13.775 seconds (process running for 14.14)
2026-03-09 13:41:50.587 [http-nio-18080-exec-1] INFO  c.r.L.filter.RequestTrackingFilter - [REQUEST_END] traceId=5b18d7b5, method=GET, uri=/api/v1/health, status=200, duration=47ms
2026-03-09 13:41:51.179 [http-nio-18080-exec-2] INFO  c.r.L.c.AuthenticationController - 用户登录请求: admin
2026-03-09 13:41:51.532 [http-nio-18080-exec-2] INFO  c.r.L.c.AuthenticationController - 用户 admin 登录成功
2026-03-09 13:41:51.546 [http-nio-18080-exec-2] INFO  c.r.L.filter.RequestTrackingFilter - [REQUEST_END] traceId=fcdb1981, method=POST, uri=/api/v1/auth/login, status=200, duration=388ms
2026-03-09 13:41:51.558 [http-nio-18080-exec-3] INFO  c.r.L.c.AuthenticationController - 用户登录请求: demo
2026-03-09 13:41:51.640 [http-nio-18080-exec-3] INFO  c.r.L.c.AuthenticationController - 用户 demo 登录成功
2026-03-09 13:41:51.642 [http-nio-18080-exec-3] INFO  c.r.L.filter.RequestTrackingFilter - [REQUEST_END] traceId=09d927e5, method=POST, uri=/api/v1/auth/login, status=200, duration=86ms
2026-03-09 13:41:51.873 [http-nio-18080-exec-4] INFO  c.r.L.c.KnowledgeBaseController - 管理员上传单个法律文档: kb-advertising-compliance.md
2026-03-09 13:41:51.878 [http-nio-18080-exec-4] INFO  c.r.L.service.KnowledgeBaseService - 开始上传文档到知识库 (使用EtlService): kb-advertising-compliance.md, 大小: 608 bytes
2026-03-09 13:41:51.879 [http-nio-18080-exec-4] INFO  c.r.L.service.DocumentParserService - 开始解析文档: kb-advertising-compliance.md, 类型: md, 大小: 608 bytes
2026-03-09 13:41:51.879 [http-nio-18080-exec-4] INFO  c.r.L.service.DocumentParserService - 文档解析成功: kb-advertising-compliance.md, 内容长度: 225 字符
2026-03-09 13:41:51.884 [http-nio-18080-exec-4] INFO  c.r.L.s.DocumentProcessingService - 开始处理文档 - 类型: BENCHMARK-20260309134127, 长度: 225 字符
2026-03-09 13:41:54.040 [http-nio-18080-exec-4] INFO  c.r.L.s.DocumentProcessingService - 文档处理完成 - 片段数: 1, 存储数: 1, 耗时: 2156ms
2026-03-09 13:41:54.101 [http-nio-18080-exec-4] INFO  c.r.L.service.KnowledgeBaseService - 文档保存到数据库成功：kb-advertising-compliance.md
2026-03-09 13:41:54.101 [http-nio-18080-exec-4] INFO  c.r.L.service.KnowledgeBaseService - 文档上传完成 (DocumentProcessingService): kb-advertising-compliance.md, 文档ID: 1, 块数: 1, 分割器: RecursiveSplitter
2026-03-09 13:41:54.107 [http-nio-18080-exec-4] INFO  c.r.L.filter.RequestTrackingFilter - [REQUEST_END] traceId=01262dfc, method=POST, uri=/api/v1/knowledge-base/documents/upload-single, status=200, duration=2291ms
2026-03-09 13:41:54.146 [http-nio-18080-exec-6] INFO  c.r.L.c.KnowledgeBaseController - 管理员上传单个法律文档: kb-civil-breach.md
2026-03-09 13:41:54.147 [http-nio-18080-exec-6] INFO  c.r.L.service.KnowledgeBaseService - 开始上传文档到知识库 (使用EtlService): kb-civil-breach.md, 大小: 793 bytes
2026-03-09 13:41:54.147 [http-nio-18080-exec-6] INFO  c.r.L.service.DocumentParserService - 开始解析文档: kb-civil-breach.md, 类型: md, 大小: 793 bytes
2026-03-09 13:41:54.148 [http-nio-18080-exec-6] INFO  c.r.L.service.DocumentParserService - 文档解析成功: kb-civil-breach.md, 内容长度: 284 字符
2026-03-09 13:41:54.150 [http-nio-18080-exec-6] INFO  c.r.L.s.DocumentProcessingService - 开始处理文档 - 类型: BENCHMARK-20260309134127, 长度: 284 字符
2026-03-09 13:41:54.291 [http-nio-18080-exec-6] INFO  c.r.L.s.DocumentProcessingService - 文档处理完成 - 片段数: 1, 存储数: 1, 耗时: 140ms
2026-03-09 13:41:54.297 [http-nio-18080-exec-6] INFO  c.r.L.service.KnowledgeBaseService - 文档保存到数据库成功：kb-civil-breach.md
2026-03-09 13:41:54.297 [http-nio-18080-exec-6] INFO  c.r.L.service.KnowledgeBaseService - 文档上传完成 (DocumentProcessingService): kb-civil-breach.md, 文档ID: 2, 块数: 1, 分割器: RecursiveSplitter
2026-03-09 13:41:54.299 [http-nio-18080-exec-6] INFO  c.r.L.filter.RequestTrackingFilter - [REQUEST_END] traceId=ba8438a9, method=POST, uri=/api/v1/knowledge-base/documents/upload-single, status=200, duration=155ms
2026-03-09 13:41:54.314 [http-nio-18080-exec-9] INFO  c.r.L.c.KnowledgeBaseController - 管理员上传单个法律文档: kb-data-cross-border.md
2026-03-09 13:41:54.315 [http-nio-18080-exec-9] INFO  c.r.L.service.KnowledgeBaseService - 开始上传文档到知识库 (使用EtlService): kb-data-cross-border.md, 大小: 690 bytes
2026-03-09 13:41:54.315 [http-nio-18080-exec-9] INFO  c.r.L.service.DocumentParserService - 开始解析文档: kb-data-cross-border.md, 类型: md, 大小: 690 bytes
2026-03-09 13:41:54.316 [http-nio-18080-exec-9] INFO  c.r.L.service.DocumentParserService - 文档解析成功: kb-data-cross-border.md, 内容长度: 253 字符
2026-03-09 13:41:54.319 [http-nio-18080-exec-9] INFO  c.r.L.s.DocumentProcessingService - 开始处理文档 - 类型: BENCHMARK-20260309134127, 长度: 253 字符
2026-03-09 13:41:54.455 [http-nio-18080-exec-9] INFO  c.r.L.s.DocumentProcessingService - 文档处理完成 - 片段数: 1, 存储数: 1, 耗时: 136ms
2026-03-09 13:41:54.460 [http-nio-18080-exec-9] INFO  c.r.L.service.KnowledgeBaseService - 文档保存到数据库成功：kb-data-cross-border.md
2026-03-09 13:41:54.460 [http-nio-18080-exec-9] INFO  c.r.L.service.KnowledgeBaseService - 文档上传完成 (DocumentProcessingService): kb-data-cross-border.md, 文档ID: 3, 块数: 1, 分割器: RecursiveSplitter
2026-03-09 13:41:54.463 [http-nio-18080-exec-9] INFO  c.r.L.filter.RequestTrackingFilter - [REQUEST_END] traceId=0b1a8250, method=POST, uri=/api/v1/knowledge-base/documents/upload-single, status=200, duration=150ms
2026-03-09 13:41:54.479 [http-nio-18080-exec-10] INFO  c.r.L.c.KnowledgeBaseController - 管理员上传单个法律文档: kb-ecommerce-consumer-rights.md
2026-03-09 13:41:54.480 [http-nio-18080-exec-10] INFO  c.r.L.service.KnowledgeBaseService - 开始上传文档到知识库 (使用EtlService): kb-ecommerce-consumer-rights.md, 大小: 736 bytes
2026-03-09 13:41:54.480 [http-nio-18080-exec-10] INFO  c.r.L.service.DocumentParserService - 开始解析文档: kb-ecommerce-consumer-rights.md, 类型: md, 大小: 736 bytes
2026-03-09 13:41:54.480 [http-nio-18080-exec-10] INFO  c.r.L.service.DocumentParserService - 文档解析成功: kb-ecommerce-consumer-rights.md, 内容长度: 265 字符
2026-03-09 13:41:54.483 [http-nio-18080-exec-10] INFO  c.r.L.s.DocumentProcessingService - 开始处理文档 - 类型: BENCHMARK-20260309134127, 长度: 265 字符
2026-03-09 13:41:54.628 [http-nio-18080-exec-10] INFO  c.r.L.s.DocumentProcessingService - 文档处理完成 - 片段数: 1, 存储数: 1, 耗时: 145ms
2026-03-09 13:41:54.634 [http-nio-18080-exec-10] INFO  c.r.L.service.KnowledgeBaseService - 文档保存到数据库成功：kb-ecommerce-consumer-rights.md
2026-03-09 13:41:54.634 [http-nio-18080-exec-10] INFO  c.r.L.service.KnowledgeBaseService - 文档上传完成 (DocumentProcessingService): kb-ecommerce-consumer-rights.md, 文档ID: 4, 块数: 1, 分割器: RecursiveSplitter
2026-03-09 13:41:54.636 [http-nio-18080-exec-10] INFO  c.r.L.filter.RequestTrackingFilter - [REQUEST_END] traceId=a39852e1, method=POST, uri=/api/v1/knowledge-base/documents/upload-single, status=200, duration=160ms
2026-03-09 13:41:54.651 [http-nio-18080-exec-2] INFO  c.r.L.c.KnowledgeBaseController - 管理员上传单个法律文档: kb-labor-termination.md
2026-03-09 13:41:54.652 [http-nio-18080-exec-2] INFO  c.r.L.service.KnowledgeBaseService - 开始上传文档到知识库 (使用EtlService): kb-labor-termination.md, 大小: 658 bytes
2026-03-09 13:41:54.652 [http-nio-18080-exec-2] INFO  c.r.L.service.DocumentParserService - 开始解析文档: kb-labor-termination.md, 类型: md, 大小: 658 bytes
2026-03-09 13:41:54.652 [http-nio-18080-exec-2] INFO  c.r.L.service.DocumentParserService - 文档解析成功: kb-labor-termination.md, 内容长度: 239 字符
2026-03-09 13:41:54.654 [http-nio-18080-exec-2] INFO  c.r.L.s.DocumentProcessingService - 开始处理文档 - 类型: BENCHMARK-20260309134127, 长度: 239 字符
2026-03-09 13:41:54.788 [http-nio-18080-exec-2] INFO  c.r.L.s.DocumentProcessingService - 文档处理完成 - 片段数: 1, 存储数: 1, 耗时: 133ms
2026-03-09 13:41:54.794 [http-nio-18080-exec-2] INFO  c.r.L.service.KnowledgeBaseService - 文档保存到数据库成功：kb-labor-termination.md
2026-03-09 13:41:54.795 [http-nio-18080-exec-2] INFO  c.r.L.service.KnowledgeBaseService - 文档上传完成 (DocumentProcessingService): kb-labor-termination.md, 文档ID: 5, 块数: 1, 分割器: RecursiveSplitter
2026-03-09 13:41:54.797 [http-nio-18080-exec-2] INFO  c.r.L.filter.RequestTrackingFilter - [REQUEST_END] traceId=d1783c53, method=POST, uri=/api/v1/knowledge-base/documents/upload-single, status=200, duration=148ms
2026-03-09 13:41:54.812 [http-nio-18080-exec-4] INFO  c.r.L.c.KnowledgeBaseController - 管理员上传单个法律文档: kb-personal-info-processing.md
2026-03-09 13:41:54.812 [http-nio-18080-exec-4] INFO  c.r.L.service.KnowledgeBaseService - 开始上传文档到知识库 (使用EtlService): kb-personal-info-processing.md, 大小: 634 bytes
2026-03-09 13:41:54.812 [http-nio-18080-exec-4] INFO  c.r.L.service.DocumentParserService - 开始解析文档: kb-personal-info-processing.md, 类型: md, 大小: 634 bytes
2026-03-09 13:41:54.813 [http-nio-18080-exec-4] INFO  c.r.L.service.DocumentParserService - 文档解析成功: kb-personal-info-processing.md, 内容长度: 231 字符
2026-03-09 13:41:54.815 [http-nio-18080-exec-4] INFO  c.r.L.s.DocumentProcessingService - 开始处理文档 - 类型: BENCHMARK-20260309134127, 长度: 231 字符
2026-03-09 13:41:54.972 [http-nio-18080-exec-4] INFO  c.r.L.s.DocumentProcessingService - 文档处理完成 - 片段数: 1, 存储数: 1, 耗时: 157ms
2026-03-09 13:41:54.978 [http-nio-18080-exec-4] INFO  c.r.L.service.KnowledgeBaseService - 文档保存到数据库成功：kb-personal-info-processing.md
2026-03-09 13:41:54.978 [http-nio-18080-exec-4] INFO  c.r.L.service.KnowledgeBaseService - 文档上传完成 (DocumentProcessingService): kb-personal-info-processing.md, 文档ID: 6, 块数: 1, 分割器: RecursiveSplitter
2026-03-09 13:41:54.979 [http-nio-18080-exec-4] INFO  c.r.L.filter.RequestTrackingFilter - [REQUEST_END] traceId=dfed4662, method=POST, uri=/api/v1/knowledge-base/documents/upload-single, status=200, duration=169ms
2026-03-09 13:41:55.049 [http-nio-18080-exec-6] INFO  c.r.L.c.UnifiedChatController - 收到统一聊天请求: message=合同违约后通常有哪些承担责任的方式？, modelType=UNIFIED, conversationId=null, useKnowledgeBase=true
2026-03-09 13:41:55.050 [http-nio-18080-exec-6] INFO  c.r.L.c.UnifiedChatController - Unified mode routed to Advanced RAG for simple query
2026-03-09 13:41:55.051 [http-nio-18080-exec-6] INFO  c.r.L.s.a.AdvancedLegalRagService - Advanced RAG chat request received, sessionId=default
2026-03-09 13:41:55.054 [http-nio-18080-exec-6] INFO  c.r.L.s.a.LegalQueryTransformer - 转换法律查询: 合同违约后通常有哪些承担责任的方式？
2026-03-09 13:41:57.306 [http-nio-18080-exec-6] WARN  dev.langchain4j.internal.RetryUtils - A retriable exception occurred. Remaining retries: 2 of 2
dev.langchain4j.exception.InternalServerException: {"error":"model requires more system memory (16.7 GiB) than is available (10.7 GiB)"}
	at dev.langchain4j.internal.ExceptionMapper$DefaultExceptionMapper.mapHttpStatusCode(ExceptionMapper.java:56)
	at dev.langchain4j.internal.ExceptionMapper$DefaultExceptionMapper.mapException(ExceptionMapper.java:44)
	at dev.langchain4j.internal.ExceptionMapper.withExceptionMapper(ExceptionMapper.java:31)
	at dev.langchain4j.internal.RetryUtils.lambda$withRetryMappingExceptions$1(RetryUtils.java:322)
	at dev.langchain4j.internal.RetryUtils$RetryPolicy.withRetry(RetryUtils.java:204)
	at dev.langchain4j.internal.RetryUtils.withRetry(RetryUtils.java:259)
	at dev.langchain4j.internal.RetryUtils.withRetryMappingExceptions(RetryUtils.java:322)
	at dev.langchain4j.internal.RetryUtils.withRetryMappingExceptions(RetryUtils.java:305)
	at dev.langchain4j.model.ollama.OllamaChatModel.doChat(OllamaChatModel.java:41)
	at dev.langchain4j.model.chat.ChatModel.chat(ChatModel.java:46)
	at dev.langchain4j.model.chat.ChatModel.chat(ChatModel.java:76)
	at com.river.LegalAssistant.service.advanced.LegalQueryTransformer.generateProfessionalQuery(LegalQueryTransformer.java:139)
	at com.river.LegalAssistant.service.advanced.LegalQueryTransformer.transform(LegalQueryTransformer.java:68)
	at dev.langchain4j.rag.DefaultRetrievalAugmentor.augment(DefaultRetrievalAugmentor.java:148)
	at com.river.LegalAssistant.service.advanced.AdvancedLegalRagService.retrieveContents(AdvancedLegalRagService.java:271)
	at com.river.LegalAssistant.service.advanced.AdvancedLegalRagService.advancedLegalChat(AdvancedLegalRagService.java:115)
	at com.river.LegalAssistant.controller.UnifiedChatController.handleAdvancedRagChat(UnifiedChatController.java:614)
	at com.river.LegalAssistant.controller.UnifiedChatController.handleUnifiedChat(UnifiedChatController.java:652)
	at com.river.LegalAssistant.controller.UnifiedChatController.chat(UnifiedChatController.java:117)
	at java.base/jdk.internal.reflect.DirectMethodHandleAccessor.invoke(DirectMethodHandleAccessor.java:103)
	at java.base/java.lang.reflect.Method.invoke(Method.java:580)
	at org.springframework.web.method.support.InvocableHandlerMethod.doInvoke(InvocableHandlerMethod.java:255)
	at org.springframework.web.method.support.InvocableHandlerMethod.invokeForRequest(InvocableHandlerMethod.java:188)
	at org.springframework.web.servlet.mvc.method.annotation.ServletInvocableHandlerMethod.invokeAndHandle(ServletInvocableHandlerMethod.java:118)
	at org.springframework.web.servlet.mvc.method.annotation.RequestMappingHandlerAdapter.invokeHandlerMethod(RequestMappingHandlerAdapter.java:926)
	at org.springframework.web.servlet.mvc.method.annotation.RequestMappingHandlerAdapter.handleInternal(RequestMappingHandlerAdapter.java:831)
	at org.springframework.web.servlet.mvc.method.AbstractHandlerMethodAdapter.handle(AbstractHandlerMethodAdapter.java:87)
	at org.springframework.web.servlet.DispatcherServlet.doDispatch(DispatcherServlet.java:1089)
	at org.springframework.web.servlet.DispatcherServlet.doService(DispatcherServlet.java:979)
	at org.springframework.web.servlet.FrameworkServlet.processRequest(FrameworkServlet.java:1014)
	at org.springframework.web.servlet.FrameworkServlet.doPost(FrameworkServlet.java:914)
	at jakarta.servlet.http.HttpServlet.service(HttpServlet.java:590)
	at org.springframework.web.servlet.FrameworkServlet.service(FrameworkServlet.java:885)
	at jakarta.servlet.http.HttpServlet.service(HttpServlet.java:658)
	at org.apache.catalina.core.ApplicationFilterChain.internalDoFilter(ApplicationFilterChain.java:195)
	at org.apache.catalina.core.ApplicationFilterChain.doFilter(ApplicationFilterChain.java:140)
	at org.apache.tomcat.websocket.server.WsFilter.doFilter(WsFilter.java:51)
	at org.apache.catalina.core.ApplicationFilterChain.internalDoFilter(ApplicationFilterChain.java:164)
	at org.apache.catalina.core.ApplicationFilterChain.doFilter(ApplicationFilterChain.java:140)
	at org.springframework.web.filter.CorsFilter.doFilterInternal(CorsFilter.java:91)
	at org.springframework.web.filter.OncePerRequestFilter.doFilter(OncePerRequestFilter.java:116)
	at org.apache.catalina.core.ApplicationFilterChain.internalDoFilter(ApplicationFilterChain.java:164)
	at org.apache.catalina.core.ApplicationFilterChain.doFilter(ApplicationFilterChain.java:140)
	at org.springframework.web.filter.OncePerRequestFilter.doFilter(OncePerRequestFilter.java:110)
	at org.apache.catalina.core.ApplicationFilterChain.internalDoFilter(ApplicationFilterChain.java:164)
	at org.apache.catalina.core.ApplicationFilterChain.doFilter(ApplicationFilterChain.java:140)
	at com.river.LegalAssistant.filter.RateLimitFilter.doFilter(RateLimitFilter.java:82)
	at org.apache.catalina.core.ApplicationFilterChain.internalDoFilter(ApplicationFilterChain.java:164)
	at org.apache.catalina.core.ApplicationFilterChain.doFilter(ApplicationFilterChain.java:140)
	at com.river.LegalAssistant.filter.RequestTrackingFilter.doFilter(RequestTrackingFilter.java:51)
	at org.apache.catalina.core.ApplicationFilterChain.internalDoFilter(ApplicationFilterChain.java:164)
	at org.apache.catalina.core.ApplicationFilterChain.doFilter(ApplicationFilterChain.java:140)
	at org.springframework.web.filter.CompositeFilter$VirtualFilterChain.doFilter(CompositeFilter.java:108)
	at org.springframework.security.web.FilterChainProxy.lambda$doFilterInternal$3(FilterChainProxy.java:231)
	at org.springframework.security.web.ObservationFilterChainDecorator$FilterObservation$SimpleFilterObservation.lambda$wrap$1(ObservationFilterChainDecorator.java:479)
	at org.springframework.security.web.ObservationFilterChainDecorator$AroundFilterObservation$SimpleAroundFilterObservation.lambda$wrap$1(ObservationFilterChainDecorator.java:340)
	at org.springframework.security.web.ObservationFilterChainDecorator.lambda$wrapSecured$0(ObservationFilterChainDecorator.java:82)
	at org.springframework.security.web.ObservationFilterChainDecorator$VirtualFilterChain.doFilter(ObservationFilterChainDecorator.java:128)
	at org.springframework.security.web.access.intercept.AuthorizationFilter.doFilter(AuthorizationFilter.java:100)
	at org.springframework.security.web.ObservationFilterChainDecorator$ObservationFilter.wrapFilter(ObservationFilterChainDecorator.java:240)
	at org.springframework.security.web.ObservationFilterChainDecorator$ObservationFilter.doFilter(ObservationFilterChainDecorator.java:227)
	at org.springframework.security.web.ObservationFilterChainDecorator$VirtualFilterChain.doFilter(ObservationFilterChainDecorator.java:137)
	at org.springframework.security.web.access.ExceptionTranslationFilter.doFilter(ExceptionTranslationFilter.java:126)
	at org.springframework.security.web.access.ExceptionTranslationFilter.doFilter(ExceptionTranslationFilter.java:120)
	at org.springframework.security.web.ObservationFilterChainDecorator$ObservationFilter.wrapFilter(ObservationFilterChainDecorator.java:240)
	at org.springframework.security.web.ObservationFilterChainDecorator$ObservationFilter.doFilter(ObservationFilterChainDecorator.java:227)
	at org.springframework.security.web.ObservationFilterChainDecorator$VirtualFilterChain.doFilter(ObservationFilterChainDecorator.java:137)
	at org.springframework.security.web.session.SessionManagementFilter.doFilter(SessionManagementFilter.java:131)
	at org.springframework.security.web.session.SessionManagementFilter.doFilter(SessionManagementFilter.java:85)
	at org.springframework.security.web.ObservationFilterChainDecorator$ObservationFilter.wrapFilter(ObservationFilterChainDecorator.java:240)
	at org.springframework.security.web.ObservationFilterChainDecorator$ObservationFilter.doFilter(ObservationFilterChainDecorator.java:227)
	at org.springframework.security.web.ObservationFilterChainDecorator$VirtualFilterChain.doFilter(ObservationFilterChainDecorator.java:137)
	at org.springframework.security.web.authentication.AnonymousAuthenticationFilter.doFilter(AnonymousAuthenticationFilter.java:100)
	at org.springframework.security.web.ObservationFilterChainDecorator$ObservationFilter.wrapFilter(ObservationFilterChainDecorator.java:240)
	at org.springframework.security.web.ObservationFilterChainDecorator$ObservationFilter.doFilter(ObservationFilterChainDecorator.java:227)
	at org.springframework.security.web.ObservationFilterChainDecorator$VirtualFilterChain.doFilter(ObservationFilterChainDecorator.java:137)
	at org.springframework.security.web.servletapi.SecurityContextHolderAwareRequestFilter.doFilter(SecurityContextHolderAwareRequestFilter.java:179)
	at org.springframework.security.web.ObservationFilterChainDecorator$ObservationFilter.wrapFilter(ObservationFilterChainDecorator.java:240)
	at org.springframework.security.web.ObservationFilterChainDecorator$ObservationFilter.doFilter(ObservationFilterChainDecorator.java:227)
	at org.springframework.security.web.ObservationFilterChainDecorator$VirtualFilterChain.doFilter(ObservationFilterChainDecorator.java:137)
	at org.springframework.security.web.savedrequest.RequestCacheAwareFilter.doFilter(RequestCacheAwareFilter.java:63)
	at org.springframework.security.web.ObservationFilterChainDecorator$ObservationFilter.wrapFilter(ObservationFilterChainDecorator.java:240)
	at org.springframework.security.web.ObservationFilterChainDecorator$ObservationFilter.doFilter(ObservationFilterChainDecorator.java:227)
	at org.springframework.security.web.ObservationFilterChainDecorator$VirtualFilterChain.doFilter(ObservationFilterChainDecorator.java:137)
	at com.river.LegalAssistant.filter.JwtAuthenticationFilter.doFilterInternal(JwtAuthenticationFilter.java:81)
	at org.springframework.web.filter.OncePerRequestFilter.doFilter(OncePerRequestFilter.java:116)
	at org.springframework.security.web.ObservationFilterChainDecorator$ObservationFilter.wrapFilter(ObservationFilterChainDecorator.java:240)
	at org.springframework.security.web.ObservationFilterChainDecorator$ObservationFilter.doFilter(ObservationFilterChainDecorator.java:227)
	at org.springframework.security.web.ObservationFilterChainDecorator$VirtualFilterChain.doFilter(ObservationFilterChainDecorator.java:137)
	at org.springframework.security.web.authentication.logout.LogoutFilter.doFilter(LogoutFilter.java:107)
	at org.springframework.security.web.authentication.logout.LogoutFilter.doFilter(LogoutFilter.java:93)
	at org.springframework.security.web.ObservationFilterChainDecorator$ObservationFilter.wrapFilter(ObservationFilterChainDecorator.java:240)
	at org.springframework.security.web.ObservationFilterChainDecorator$ObservationFilter.doFilter(ObservationFilterChainDecorator.java:227)
	at org.springframework.security.web.ObservationFilterChainDecorator$VirtualFilterChain.doFilter(ObservationFilterChainDecorator.java:137)
	at org.springframework.web.filter.CorsFilter.doFilterInternal(CorsFilter.java:91)
	at org.springframework.web.filter.OncePerRequestFilter.doFilter(OncePerRequestFilter.java:116)
	at org.springframework.security.web.ObservationFilterChainDecorator$ObservationFilter.wrapFilter(ObservationFilterChainDecorator.java:240)
	at org.springframework.security.web.ObservationFilterChainDecorator$ObservationFilter.doFilter(ObservationFilterChainDecorator.java:227)
	at org.springframework.security.web.ObservationFilterChainDecorator$VirtualFilterChain.doFilter(ObservationFilterChainDecorator.java:137)
	at org.springframework.security.web.header.HeaderWriterFilter.doHeadersAfter(HeaderWriterFilter.java:90)
	at org.springframework.security.web.header.HeaderWriterFilter.doFilterInternal(HeaderWriterFilter.java:75)
	at org.springframework.web.filter.OncePerRequestFilter.doFilter(OncePerRequestFilter.java:116)
	at org.springframework.security.web.ObservationFilterChainDecorator$ObservationFilter.wrapFilter(ObservationFilterChainDecorator.java:240)
	at org.springframework.security.web.ObservationFilterChainDecorator$ObservationFilter.doFilter(ObservationFilterChainDecorator.java:227)
	at org.springframework.security.web.ObservationFilterChainDecorator$VirtualFilterChain.doFilter(ObservationFilterChainDecorator.java:137)
	at org.springframework.security.web.context.SecurityContextHolderFilter.doFilter(SecurityContextHolderFilter.java:82)
	at org.springframework.security.web.context.SecurityContextHolderFilter.doFilter(SecurityContextHolderFilter.java:69)
	at org.springframework.security.web.ObservationFilterChainDecorator$ObservationFilter.wrapFilter(ObservationFilterChainDecorator.java:240)
	at org.springframework.security.web.ObservationFilterChainDecorator$ObservationFilter.doFilter(ObservationFilterChainDecorator.java:227)
	at org.springframework.security.web.ObservationFilterChainDecorator$VirtualFilterChain.doFilter(ObservationFilterChainDecorator.java:137)
	at org.springframework.security.web.context.request.async.WebAsyncManagerIntegrationFilter.doFilterInternal(WebAsyncManagerIntegrationFilter.java:62)
	at org.springframework.web.filter.OncePerRequestFilter.doFilter(OncePerRequestFilter.java:116)
	at org.springframework.security.web.ObservationFilterChainDecorator$ObservationFilter.wrapFilter(ObservationFilterChainDecorator.java:240)
	at org.springframework.security.web.ObservationFilterChainDecorator$ObservationFilter.doFilter(ObservationFilterChainDecorator.java:227)
	at org.springframework.security.web.ObservationFilterChainDecorator$VirtualFilterChain.doFilter(ObservationFilterChainDecorator.java:137)
	at org.springframework.security.web.session.DisableEncodeUrlFilter.doFilterInternal(DisableEncodeUrlFilter.java:42)
	at org.springframework.web.filter.OncePerRequestFilter.doFilter(OncePerRequestFilter.java:116)
	at org.springframework.security.web.ObservationFilterChainDecorator$ObservationFilter.wrapFilter(ObservationFilterChainDecorator.java:240)
	at org.springframework.security.web.ObservationFilterChainDecorator$AroundFilterObservation$SimpleAroundFilterObservation.lambda$wrap$0(ObservationFilterChainDecorator.java:323)
	at org.springframework.security.web.ObservationFilterChainDecorator$ObservationFilter.doFilter(ObservationFilterChainDecorator.java:224)
	at org.springframework.security.web.ObservationFilterChainDecorator$VirtualFilterChain.doFilter(ObservationFilterChainDecorator.java:137)
	at org.springframework.security.web.FilterChainProxy.doFilterInternal(FilterChainProxy.java:233)
	at org.springframework.security.web.FilterChainProxy.doFilter(FilterChainProxy.java:191)
	at org.springframework.web.filter.CompositeFilter$VirtualFilterChain.doFilter(CompositeFilter.java:113)
	at org.springframework.web.servlet.handler.HandlerMappingIntrospector.lambda$createCacheFilter$3(HandlerMappingIntrospector.java:195)
	at org.springframework.web.filter.CompositeFilter$VirtualFilterChain.doFilter(CompositeFilter.java:113)
	at org.springframework.web.filter.CompositeFilter.doFilter(CompositeFilter.java:74)
	at org.springframework.security.config.annotation.web.configuration.WebMvcSecurityConfiguration$CompositeFilterChainProxy.doFilter(WebMvcSecurityConfiguration.java:230)
	at org.springframework.web.filter.DelegatingFilterProxy.invokeDelegate(DelegatingFilterProxy.java:352)
	at org.springframework.web.filter.DelegatingFilterProxy.doFilter(DelegatingFilterProxy.java:268)
	at org.apache.catalina.core.ApplicationFilterChain.internalDoFilter(ApplicationFilterChain.java:164)
	at org.apache.catalina.core.ApplicationFilterChain.doFilter(ApplicationFilterChain.java:140)
	at org.springframework.web.filter.RequestContextFilter.doFilterInternal(RequestContextFilter.java:100)
	at org.springframework.web.filter.OncePerRequestFilter.doFilter(OncePerRequestFilter.java:116)
	at org.apache.catalina.core.ApplicationFilterChain.internalDoFilter(ApplicationFilterChain.java:164)
	at org.apache.catalina.core.ApplicationFilterChain.doFilter(ApplicationFilterChain.java:140)
	at org.springframework.web.filter.FormContentFilter.doFilterInternal(FormContentFilter.java:93)
	at org.springframework.web.filter.OncePerRequestFilter.doFilter(OncePerRequestFilter.java:116)
	at org.apache.catalina.core.ApplicationFilterChain.internalDoFilter(ApplicationFilterChain.java:164)
	at org.apache.catalina.core.ApplicationFilterChain.doFilter(ApplicationFilterChain.java:140)
	at org.springframework.web.filter.ServerHttpObservationFilter.doFilterInternal(ServerHttpObservationFilter.java:113)
	at org.springframework.web.filter.OncePerRequestFilter.doFilter(OncePerRequestFilter.java:116)
	at org.apache.catalina.core.ApplicationFilterChain.internalDoFilter(ApplicationFilterChain.java:164)
	at org.apache.catalina.core.ApplicationFilterChain.doFilter(ApplicationFilterChain.java:140)
	at org.springframework.web.filter.CharacterEncodingFilter.doFilterInternal(CharacterEncodingFilter.java:201)
	at org.springframework.web.filter.OncePerRequestFilter.doFilter(OncePerRequestFilter.java:116)
	at org.apache.catalina.core.ApplicationFilterChain.internalDoFilter(ApplicationFilterChain.java:164)
	at org.apache.catalina.core.ApplicationFilterChain.doFilter(ApplicationFilterChain.java:140)
	at org.apache.catalina.core.StandardWrapperValve.invoke(StandardWrapperValve.java:167)
	at org.apache.catalina.core.StandardContextValve.invoke(StandardContextValve.java:90)
	at org.apache.catalina.authenticator.AuthenticatorBase.invoke(AuthenticatorBase.java:483)
	at org.apache.catalina.core.StandardHostValve.invoke(StandardHostValve.java:115)
	at org.apache.catalina.valves.ErrorReportValve.invoke(ErrorReportValve.java:93)
	at org.apache.catalina.core.StandardEngineValve.invoke(StandardEngineValve.java:74)
	at org.apache.catalina.connector.CoyoteAdapter.service(CoyoteAdapter.java:344)
	at org.apache.coyote.http11.Http11Processor.service(Http11Processor.java:384)
	at org.apache.coyote.AbstractProcessorLight.process(AbstractProcessorLight.java:63)
	at org.apache.coyote.AbstractProtocol$ConnectionHandler.process(AbstractProtocol.java:905)
	at org.apache.tomcat.util.net.NioEndpoint$SocketProcessor.doRun(NioEndpoint.java:1741)
	at org.apache.tomcat.util.net.SocketProcessorBase.run(SocketProcessorBase.java:52)
	at org.apache.tomcat.util.threads.ThreadPoolExecutor.runWorker(ThreadPoolExecutor.java:1190)
	at org.apache.tomcat.util.threads.ThreadPoolExecutor$Worker.run(ThreadPoolExecutor.java:659)
	at org.apache.tomcat.util.threads.TaskThread$WrappingRunnable.run(TaskThread.java:63)
	at java.base/java.lang.Thread.run(Thread.java:1583)
Caused by: dev.langchain4j.exception.HttpException: {"error":"model requires more system memory (16.7 GiB) than is available (10.7 GiB)"}
	at dev.langchain4j.http.client.jdk.JdkHttpClient.execute(JdkHttpClient.java:53)
	at dev.langchain4j.model.ollama.OllamaClient.chat(OllamaClient.java:102)
	at dev.langchain4j.model.ollama.OllamaChatModel.lambda$doChat$0(OllamaChatModel.java:41)
	at dev.langchain4j.internal.ExceptionMapper.withExceptionMapper(ExceptionMapper.java:29)
	... 161 common frames omitted
2026-03-09 13:41:59.202 [http-nio-18080-exec-6] WARN  dev.langchain4j.internal.RetryUtils - A retriable exception occurred. Remaining retries: 1 of 2
dev.langchain4j.exception.InternalServerException: {"error":"model requires more system memory (16.7 GiB) than is available (12.1 GiB)"}
	at dev.langchain4j.internal.ExceptionMapper$DefaultExceptionMapper.mapHttpStatusCode(ExceptionMapper.java:56)
	at dev.langchain4j.internal.ExceptionMapper$DefaultExceptionMapper.mapException(ExceptionMapper.java:44)
	at dev.langchain4j.internal.ExceptionMapper.withExceptionMapper(ExceptionMapper.java:31)
	at dev.langchain4j.internal.RetryUtils.lambda$withRetryMappingExceptions$1(RetryUtils.java:322)
	at dev.langchain4j.internal.RetryUtils$RetryPolicy.withRetry(RetryUtils.java:204)
	at dev.langchain4j.internal.RetryUtils.withRetry(RetryUtils.java:259)
	at dev.langchain4j.internal.RetryUtils.withRetryMappingExceptions(RetryUtils.java:322)
	at dev.langchain4j.internal.RetryUtils.withRetryMappingExceptions(RetryUtils.java:305)
	at dev.langchain4j.model.ollama.OllamaChatModel.doChat(OllamaChatModel.java:41)
	at dev.langchain4j.model.chat.ChatModel.chat(ChatModel.java:46)
	at dev.langchain4j.model.chat.ChatModel.chat(ChatModel.java:76)
	at com.river.LegalAssistant.service.advanced.LegalQueryTransformer.generateProfessionalQuery(LegalQueryTransformer.java:139)
	at com.river.LegalAssistant.service.advanced.LegalQueryTransformer.transform(LegalQueryTransformer.java:68)
	at dev.langchain4j.rag.DefaultRetrievalAugmentor.augment(DefaultRetrievalAugmentor.java:148)
	at com.river.LegalAssistant.service.advanced.AdvancedLegalRagService.retrieveContents(AdvancedLegalRagService.java:271)
	at com.river.LegalAssistant.service.advanced.AdvancedLegalRagService.advancedLegalChat(AdvancedLegalRagService.java:115)
	at com.river.LegalAssistant.controller.UnifiedChatController.handleAdvancedRagChat(UnifiedChatController.java:614)
	at com.river.LegalAssistant.controller.UnifiedChatController.handleUnifiedChat(UnifiedChatController.java:652)
	at com.river.LegalAssistant.controller.UnifiedChatController.chat(UnifiedChatController.java:117)
	at java.base/jdk.internal.reflect.DirectMethodHandleAccessor.invoke(DirectMethodHandleAccessor.java:103)
	at java.base/java.lang.reflect.Method.invoke(Method.java:580)
	at org.springframework.web.method.support.InvocableHandlerMethod.doInvoke(InvocableHandlerMethod.java:255)
	at org.springframework.web.method.support.InvocableHandlerMethod.invokeForRequest(InvocableHandlerMethod.java:188)
	at org.springframework.web.servlet.mvc.method.annotation.ServletInvocableHandlerMethod.invokeAndHandle(ServletInvocableHandlerMethod.java:118)
	at org.springframework.web.servlet.mvc.method.annotation.RequestMappingHandlerAdapter.invokeHandlerMethod(RequestMappingHandlerAdapter.java:926)
	at org.springframework.web.servlet.mvc.method.annotation.RequestMappingHandlerAdapter.handleInternal(RequestMappingHandlerAdapter.java:831)
	at org.springframework.web.servlet.mvc.method.AbstractHandlerMethodAdapter.handle(AbstractHandlerMethodAdapter.java:87)
	at org.springframework.web.servlet.DispatcherServlet.doDispatch(DispatcherServlet.java:1089)
	at org.springframework.web.servlet.DispatcherServlet.doService(DispatcherServlet.java:979)
	at org.springframework.web.servlet.FrameworkServlet.processRequest(FrameworkServlet.java:1014)
	at org.springframework.web.servlet.FrameworkServlet.doPost(FrameworkServlet.java:914)
	at jakarta.servlet.http.HttpServlet.service(HttpServlet.java:590)
	at org.springframework.web.servlet.FrameworkServlet.service(FrameworkServlet.java:885)
	at jakarta.servlet.http.HttpServlet.service(HttpServlet.java:658)
	at org.apache.catalina.core.ApplicationFilterChain.internalDoFilter(ApplicationFilterChain.java:195)
	at org.apache.catalina.core.ApplicationFilterChain.doFilter(ApplicationFilterChain.java:140)
	at org.apache.tomcat.websocket.server.WsFilter.doFilter(WsFilter.java:51)
	at org.apache.catalina.core.ApplicationFilterChain.internalDoFilter(ApplicationFilterChain.java:164)
	at org.apache.catalina.core.ApplicationFilterChain.doFilter(ApplicationFilterChain.java:140)
	at org.springframework.web.filter.CorsFilter.doFilterInternal(CorsFilter.java:91)
	at org.springframework.web.filter.OncePerRequestFilter.doFilter(OncePerRequestFilter.java:116)
	at org.apache.catalina.core.ApplicationFilterChain.internalDoFilter(ApplicationFilterChain.java:164)
	at org.apache.catalina.core.ApplicationFilterChain.doFilter(ApplicationFilterChain.java:140)
	at org.springframework.web.filter.OncePerRequestFilter.doFilter(OncePerRequestFilter.java:110)
	at org.apache.catalina.core.ApplicationFilterChain.internalDoFilter(ApplicationFilterChain.java:164)
	at org.apache.catalina.core.ApplicationFilterChain.doFilter(ApplicationFilterChain.java:140)
	at com.river.LegalAssistant.filter.RateLimitFilter.doFilter(RateLimitFilter.java:82)
	at org.apache.catalina.core.ApplicationFilterChain.internalDoFilter(ApplicationFilterChain.java:164)
	at org.apache.catalina.core.ApplicationFilterChain.doFilter(ApplicationFilterChain.java:140)
	at com.river.LegalAssistant.filter.RequestTrackingFilter.doFilter(RequestTrackingFilter.java:51)
	at org.apache.catalina.core.ApplicationFilterChain.internalDoFilter(ApplicationFilterChain.java:164)
	at org.apache.catalina.core.ApplicationFilterChain.doFilter(ApplicationFilterChain.java:140)
	at org.springframework.web.filter.CompositeFilter$VirtualFilterChain.doFilter(CompositeFilter.java:108)
	at org.springframework.security.web.FilterChainProxy.lambda$doFilterInternal$3(FilterChainProxy.java:231)
	at org.springframework.security.web.ObservationFilterChainDecorator$FilterObservation$SimpleFilterObservation.lambda$wrap$1(ObservationFilterChainDecorator.java:479)
	at org.springframework.security.web.ObservationFilterChainDecorator$AroundFilterObservation$SimpleAroundFilterObservation.lambda$wrap$1(ObservationFilterChainDecorator.java:340)
	at org.springframework.security.web.ObservationFilterChainDecorator.lambda$wrapSecured$0(ObservationFilterChainDecorator.java:82)
	at org.springframework.security.web.ObservationFilterChainDecorator$VirtualFilterChain.doFilter(ObservationFilterChainDecorator.java:128)
	at org.springframework.security.web.access.intercept.AuthorizationFilter.doFilter(AuthorizationFilter.java:100)
	at org.springframework.security.web.ObservationFilterChainDecorator$ObservationFilter.wrapFilter(ObservationFilterChainDecorator.java:240)
	at org.springframework.security.web.ObservationFilterChainDecorator$ObservationFilter.doFilter(ObservationFilterChainDecorator.java:227)
	at org.springframework.security.web.ObservationFilterChainDecorator$VirtualFilterChain.doFilter(ObservationFilterChainDecorator.java:137)
	at org.springframework.security.web.access.ExceptionTranslationFilter.doFilter(ExceptionTranslationFilter.java:126)
	at org.springframework.security.web.access.ExceptionTranslationFilter.doFilter(ExceptionTranslationFilter.java:120)
	at org.springframework.security.web.ObservationFilterChainDecorator$ObservationFilter.wrapFilter(ObservationFilterChainDecorator.java:240)
	at org.springframework.security.web.ObservationFilterChainDecorator$ObservationFilter.doFilter(ObservationFilterChainDecorator.java:227)
	at org.springframework.security.web.ObservationFilterChainDecorator$VirtualFilterChain.doFilter(ObservationFilterChainDecorator.java:137)
	at org.springframework.security.web.session.SessionManagementFilter.doFilter(SessionManagementFilter.java:131)
	at org.springframework.security.web.session.SessionManagementFilter.doFilter(SessionManagementFilter.java:85)
	at org.springframework.security.web.ObservationFilterChainDecorator$ObservationFilter.wrapFilter(ObservationFilterChainDecorator.java:240)
	at org.springframework.security.web.ObservationFilterChainDecorator$ObservationFilter.doFilter(ObservationFilterChainDecorator.java:227)
	at org.springframework.security.web.ObservationFilterChainDecorator$VirtualFilterChain.doFilter(ObservationFilterChainDecorator.java:137)
	at org.springframework.security.web.authentication.AnonymousAuthenticationFilter.doFilter(AnonymousAuthenticationFilter.java:100)
	at org.springframework.security.web.ObservationFilterChainDecorator$ObservationFilter.wrapFilter(ObservationFilterChainDecorator.java:240)
	at org.springframework.security.web.ObservationFilterChainDecorator$ObservationFilter.doFilter(ObservationFilterChainDecorator.java:227)
	at org.springframework.security.web.ObservationFilterChainDecorator$VirtualFilterChain.doFilter(ObservationFilterChainDecorator.java:137)
	at org.springframework.security.web.servletapi.SecurityContextHolderAwareRequestFilter.doFilter(SecurityContextHolderAwareRequestFilter.java:179)
	at org.springframework.security.web.ObservationFilterChainDecorator$ObservationFilter.wrapFilter(ObservationFilterChainDecorator.java:240)
	at org.springframework.security.web.ObservationFilterChainDecorator$ObservationFilter.doFilter(ObservationFilterChainDecorator.java:227)
	at org.springframework.security.web.ObservationFilterChainDecorator$VirtualFilterChain.doFilter(ObservationFilterChainDecorator.java:137)
	at org.springframework.security.web.savedrequest.RequestCacheAwareFilter.doFilter(RequestCacheAwareFilter.java:63)
	at org.springframework.security.web.ObservationFilterChainDecorator$ObservationFilter.wrapFilter(ObservationFilterChainDecorator.java:240)
	at org.springframework.security.web.ObservationFilterChainDecorator$ObservationFilter.doFilter(ObservationFilterChainDecorator.java:227)
	at org.springframework.security.web.ObservationFilterChainDecorator$VirtualFilterChain.doFilter(ObservationFilterChainDecorator.java:137)
	at com.river.LegalAssistant.filter.JwtAuthenticationFilter.doFilterInternal(JwtAuthenticationFilter.java:81)
	at org.springframework.web.filter.OncePerRequestFilter.doFilter(OncePerRequestFilter.java:116)
	at org.springframework.security.web.ObservationFilterChainDecorator$ObservationFilter.wrapFilter(ObservationFilterChainDecorator.java:240)
	at org.springframework.security.web.ObservationFilterChainDecorator$ObservationFilter.doFilter(ObservationFilterChainDecorator.java:227)
	at org.springframework.security.web.ObservationFilterChainDecorator$VirtualFilterChain.doFilter(ObservationFilterChainDecorator.java:137)
	at org.springframework.security.web.authentication.logout.LogoutFilter.doFilter(LogoutFilter.java:107)
	at org.springframework.security.web.authentication.logout.LogoutFilter.doFilter(LogoutFilter.java:93)
	at org.springframework.security.web.ObservationFilterChainDecorator$ObservationFilter.wrapFilter(ObservationFilterChainDecorator.java:240)
	at org.springframework.security.web.ObservationFilterChainDecorator$ObservationFilter.doFilter(ObservationFilterChainDecorator.java:227)
	at org.springframework.security.web.ObservationFilterChainDecorator$VirtualFilterChain.doFilter(ObservationFilterChainDecorator.java:137)
	at org.springframework.web.filter.CorsFilter.doFilterInternal(CorsFilter.java:91)
	at org.springframework.web.filter.OncePerRequestFilter.doFilter(OncePerRequestFilter.java:116)
	at org.springframework.security.web.ObservationFilterChainDecorator$ObservationFilter.wrapFilter(ObservationFilterChainDecorator.java:240)
	at org.springframework.security.web.ObservationFilterChainDecorator$ObservationFilter.doFilter(ObservationFilterChainDecorator.java:227)
	at org.springframework.security.web.ObservationFilterChainDecorator$VirtualFilterChain.doFilter(ObservationFilterChainDecorator.java:137)
	at org.springframework.security.web.header.HeaderWriterFilter.doHeadersAfter(HeaderWriterFilter.java:90)
	at org.springframework.security.web.header.HeaderWriterFilter.doFilterInternal(HeaderWriterFilter.java:75)
	at org.springframework.web.filter.OncePerRequestFilter.doFilter(OncePerRequestFilter.java:116)
	at org.springframework.security.web.ObservationFilterChainDecorator$ObservationFilter.wrapFilter(ObservationFilterChainDecorator.java:240)
	at org.springframework.security.web.ObservationFilterChainDecorator$ObservationFilter.doFilter(ObservationFilterChainDecorator.java:227)
	at org.springframework.security.web.ObservationFilterChainDecorator$VirtualFilterChain.doFilter(ObservationFilterChainDecorator.java:137)
	at org.springframework.security.web.context.SecurityContextHolderFilter.doFilter(SecurityContextHolderFilter.java:82)
	at org.springframework.security.web.context.SecurityContextHolderFilter.doFilter(SecurityContextHolderFilter.java:69)
	at org.springframework.security.web.ObservationFilterChainDecorator$ObservationFilter.wrapFilter(ObservationFilterChainDecorator.java:240)
	at org.springframework.security.web.ObservationFilterChainDecorator$ObservationFilter.doFilter(ObservationFilterChainDecorator.java:227)
	at org.springframework.security.web.ObservationFilterChainDecorator$VirtualFilterChain.doFilter(ObservationFilterChainDecorator.java:137)
	at org.springframework.security.web.context.request.async.WebAsyncManagerIntegrationFilter.doFilterInternal(WebAsyncManagerIntegrationFilter.java:62)
	at org.springframework.web.filter.OncePerRequestFilter.doFilter(OncePerRequestFilter.java:116)
	at org.springframework.security.web.ObservationFilterChainDecorator$ObservationFilter.wrapFilter(ObservationFilterChainDecorator.java:240)
	at org.springframework.security.web.ObservationFilterChainDecorator$ObservationFilter.doFilter(ObservationFilterChainDecorator.java:227)
	at org.springframework.security.web.ObservationFilterChainDecorator$VirtualFilterChain.doFilter(ObservationFilterChainDecorator.java:137)
	at org.springframework.security.web.session.DisableEncodeUrlFilter.doFilterInternal(DisableEncodeUrlFilter.java:42)
	at org.springframework.web.filter.OncePerRequestFilter.doFilter(OncePerRequestFilter.java:116)
	at org.springframework.security.web.ObservationFilterChainDecorator$ObservationFilter.wrapFilter(ObservationFilterChainDecorator.java:240)
	at org.springframework.security.web.ObservationFilterChainDecorator$AroundFilterObservation$SimpleAroundFilterObservation.lambda$wrap$0(ObservationFilterChainDecorator.java:323)
	at org.springframework.security.web.ObservationFilterChainDecorator$ObservationFilter.doFilter(ObservationFilterChainDecorator.java:224)
	at org.springframework.security.web.ObservationFilterChainDecorator$VirtualFilterChain.doFilter(ObservationFilterChainDecorator.java:137)
	at org.springframework.security.web.FilterChainProxy.doFilterInternal(FilterChainProxy.java:233)
	at org.springframework.security.web.FilterChainProxy.doFilter(FilterChainProxy.java:191)
	at org.springframework.web.filter.CompositeFilter$VirtualFilterChain.doFilter(CompositeFilter.java:113)
	at org.springframework.web.servlet.handler.HandlerMappingIntrospector.lambda$createCacheFilter$3(HandlerMappingIntrospector.java:195)
	at org.springframework.web.filter.CompositeFilter$VirtualFilterChain.doFilter(CompositeFilter.java:113)
	at org.springframework.web.filter.CompositeFilter.doFilter(CompositeFilter.java:74)
	at org.springframework.security.config.annotation.web.configuration.WebMvcSecurityConfiguration$CompositeFilterChainProxy.doFilter(WebMvcSecurityConfiguration.java:230)
	at org.springframework.web.filter.DelegatingFilterProxy.invokeDelegate(DelegatingFilterProxy.java:352)
	at org.springframework.web.filter.DelegatingFilterProxy.doFilter(DelegatingFilterProxy.java:268)
	at org.apache.catalina.core.ApplicationFilterChain.internalDoFilter(ApplicationFilterChain.java:164)
	at org.apache.catalina.core.ApplicationFilterChain.doFilter(ApplicationFilterChain.java:140)
	at org.springframework.web.filter.RequestContextFilter.doFilterInternal(RequestContextFilter.java:100)
	at org.springframework.web.filter.OncePerRequestFilter.doFilter(OncePerRequestFilter.java:116)
	at org.apache.catalina.core.ApplicationFilterChain.internalDoFilter(ApplicationFilterChain.java:164)
	at org.apache.catalina.core.ApplicationFilterChain.doFilter(ApplicationFilterChain.java:140)
	at org.springframework.web.filter.FormContentFilter.doFilterInternal(FormContentFilter.java:93)
	at org.springframework.web.filter.OncePerRequestFilter.doFilter(OncePerRequestFilter.java:116)
	at org.apache.catalina.core.ApplicationFilterChain.internalDoFilter(ApplicationFilterChain.java:164)
	at org.apache.catalina.core.ApplicationFilterChain.doFilter(ApplicationFilterChain.java:140)
	at org.springframework.web.filter.ServerHttpObservationFilter.doFilterInternal(ServerHttpObservationFilter.java:113)
	at org.springframework.web.filter.OncePerRequestFilter.doFilter(OncePerRequestFilter.java:116)
	at org.apache.catalina.core.ApplicationFilterChain.internalDoFilter(ApplicationFilterChain.java:164)
	at org.apache.catalina.core.ApplicationFilterChain.doFilter(ApplicationFilterChain.java:140)
	at org.springframework.web.filter.CharacterEncodingFilter.doFilterInternal(CharacterEncodingFilter.java:201)
	at org.springframework.web.filter.OncePerRequestFilter.doFilter(OncePerRequestFilter.java:116)
	at org.apache.catalina.core.ApplicationFilterChain.internalDoFilter(ApplicationFilterChain.java:164)
	at org.apache.catalina.core.ApplicationFilterChain.doFilter(ApplicationFilterChain.java:140)
	at org.apache.catalina.core.StandardWrapperValve.invoke(StandardWrapperValve.java:167)
	at org.apache.catalina.core.StandardContextValve.invoke(StandardContextValve.java:90)
	at org.apache.catalina.authenticator.AuthenticatorBase.invoke(AuthenticatorBase.java:483)
	at org.apache.catalina.core.StandardHostValve.invoke(StandardHostValve.java:115)
	at org.apache.catalina.valves.ErrorReportValve.invoke(ErrorReportValve.java:93)
	at org.apache.catalina.core.StandardEngineValve.invoke(StandardEngineValve.java:74)
	at org.apache.catalina.connector.CoyoteAdapter.service(CoyoteAdapter.java:344)
	at org.apache.coyote.http11.Http11Processor.service(Http11Processor.java:384)
	at org.apache.coyote.AbstractProcessorLight.process(AbstractProcessorLight.java:63)
	at org.apache.coyote.AbstractProtocol$ConnectionHandler.process(AbstractProtocol.java:905)
	at org.apache.tomcat.util.net.NioEndpoint$SocketProcessor.doRun(NioEndpoint.java:1741)
	at org.apache.tomcat.util.net.SocketProcessorBase.run(SocketProcessorBase.java:52)
	at org.apache.tomcat.util.threads.ThreadPoolExecutor.runWorker(ThreadPoolExecutor.java:1190)
	at org.apache.tomcat.util.threads.ThreadPoolExecutor$Worker.run(ThreadPoolExecutor.java:659)
	at org.apache.tomcat.util.threads.TaskThread$WrappingRunnable.run(TaskThread.java:63)
	at java.base/java.lang.Thread.run(Thread.java:1583)
Caused by: dev.langchain4j.exception.HttpException: {"error":"model requires more system memory (16.7 GiB) than is available (12.1 GiB)"}
	at dev.langchain4j.http.client.jdk.JdkHttpClient.execute(JdkHttpClient.java:53)
	at dev.langchain4j.model.ollama.OllamaClient.chat(OllamaClient.java:102)
	at dev.langchain4j.model.ollama.OllamaChatModel.lambda$doChat$0(OllamaChatModel.java:41)
	at dev.langchain4j.internal.ExceptionMapper.withExceptionMapper(ExceptionMapper.java:29)
	... 161 common frames omitted
2026-03-09 13:42:01.318 [http-nio-18080-exec-6] WARN  c.r.L.s.a.LegalQueryTransformer - 生成专业查询失败: {"error":"model requires more system memory (16.7 GiB) than is available (12.1 GiB)"}
2026-03-09 13:42:02.621 [http-nio-18080-exec-6] WARN  dev.langchain4j.internal.RetryUtils - A retriable exception occurred. Remaining retries: 2 of 2
dev.langchain4j.exception.InternalServerException: {"error":"model requires more system memory (16.7 GiB) than is available (12.2 GiB)"}
	at dev.langchain4j.internal.ExceptionMapper$DefaultExceptionMapper.mapHttpStatusCode(ExceptionMapper.java:56)
	at dev.langchain4j.internal.ExceptionMapper$DefaultExceptionMapper.mapException(ExceptionMapper.java:44)
	at dev.langchain4j.internal.ExceptionMapper.withExceptionMapper(ExceptionMapper.java:31)
	at dev.langchain4j.internal.RetryUtils.lambda$withRetryMappingExceptions$1(RetryUtils.java:322)
	at dev.langchain4j.internal.RetryUtils$RetryPolicy.withRetry(RetryUtils.java:204)
	at dev.langchain4j.internal.RetryUtils.withRetry(RetryUtils.java:259)
	at dev.langchain4j.internal.RetryUtils.withRetryMappingExceptions(RetryUtils.java:322)
	at dev.langchain4j.internal.RetryUtils.withRetryMappingExceptions(RetryUtils.java:305)
	at dev.langchain4j.model.ollama.OllamaChatModel.doChat(OllamaChatModel.java:41)
	at dev.langchain4j.model.chat.ChatModel.chat(ChatModel.java:46)
	at dev.langchain4j.model.chat.ChatModel.chat(ChatModel.java:76)
	at com.river.LegalAssistant.service.advanced.LegalQueryTransformer.generateSubQuestions(LegalQueryTransformer.java:172)
	at com.river.LegalAssistant.service.advanced.LegalQueryTransformer.transform(LegalQueryTransformer.java:75)
	at dev.langchain4j.rag.DefaultRetrievalAugmentor.augment(DefaultRetrievalAugmentor.java:148)
	at com.river.LegalAssistant.service.advanced.AdvancedLegalRagService.retrieveContents(AdvancedLegalRagService.java:271)
	at com.river.LegalAssistant.service.advanced.AdvancedLegalRagService.advancedLegalChat(AdvancedLegalRagService.java:115)
	at com.river.LegalAssistant.controller.UnifiedChatController.handleAdvancedRagChat(UnifiedChatController.java:614)
	at com.river.LegalAssistant.controller.UnifiedChatController.handleUnifiedChat(UnifiedChatController.java:652)
	at com.river.LegalAssistant.controller.UnifiedChatController.chat(UnifiedChatController.java:117)
	at java.base/jdk.internal.reflect.DirectMethodHandleAccessor.invoke(DirectMethodHandleAccessor.java:103)
	at java.base/java.lang.reflect.Method.invoke(Method.java:580)
	at org.springframework.web.method.support.InvocableHandlerMethod.doInvoke(InvocableHandlerMethod.java:255)
	at org.springframework.web.method.support.InvocableHandlerMethod.invokeForRequest(InvocableHandlerMethod.java:188)
	at org.springframework.web.servlet.mvc.method.annotation.ServletInvocableHandlerMethod.invokeAndHandle(ServletInvocableHandlerMethod.java:118)
	at org.springframework.web.servlet.mvc.method.annotation.RequestMappingHandlerAdapter.invokeHandlerMethod(RequestMappingHandlerAdapter.java:926)
	at org.springframework.web.servlet.mvc.method.annotation.RequestMappingHandlerAdapter.handleInternal(RequestMappingHandlerAdapter.java:831)
	at org.springframework.web.servlet.mvc.method.AbstractHandlerMethodAdapter.handle(AbstractHandlerMethodAdapter.java:87)
	at org.springframework.web.servlet.DispatcherServlet.doDispatch(DispatcherServlet.java:1089)
	at org.springframework.web.servlet.DispatcherServlet.doService(DispatcherServlet.java:979)
	at org.springframework.web.servlet.FrameworkServlet.processRequest(FrameworkServlet.java:1014)
	at org.springframework.web.servlet.FrameworkServlet.doPost(FrameworkServlet.java:914)
	at jakarta.servlet.http.HttpServlet.service(HttpServlet.java:590)
	at org.springframework.web.servlet.FrameworkServlet.service(FrameworkServlet.java:885)
	at jakarta.servlet.http.HttpServlet.service(HttpServlet.java:658)
	at org.apache.catalina.core.ApplicationFilterChain.internalDoFilter(ApplicationFilterChain.java:195)
	at org.apache.catalina.core.ApplicationFilterChain.doFilter(ApplicationFilterChain.java:140)
	at org.apache.tomcat.websocket.server.WsFilter.doFilter(WsFilter.java:51)
	at org.apache.catalina.core.ApplicationFilterChain.internalDoFilter(ApplicationFilterChain.java:164)
	at org.apache.catalina.core.ApplicationFilterChain.doFilter(ApplicationFilterChain.java:140)
	at org.springframework.web.filter.CorsFilter.doFilterInternal(CorsFilter.java:91)
	at org.springframework.web.filter.OncePerRequestFilter.doFilter(OncePerRequestFilter.java:116)
	at org.apache.catalina.core.ApplicationFilterChain.internalDoFilter(ApplicationFilterChain.java:164)
	at org.apache.catalina.core.ApplicationFilterChain.doFilter(ApplicationFilterChain.java:140)
	at org.springframework.web.filter.OncePerRequestFilter.doFilter(OncePerRequestFilter.java:110)
	at org.apache.catalina.core.ApplicationFilterChain.internalDoFilter(ApplicationFilterChain.java:164)
	at org.apache.catalina.core.ApplicationFilterChain.doFilter(ApplicationFilterChain.java:140)
	at com.river.LegalAssistant.filter.RateLimitFilter.doFilter(RateLimitFilter.java:82)
	at org.apache.catalina.core.ApplicationFilterChain.internalDoFilter(ApplicationFilterChain.java:164)
	at org.apache.catalina.core.ApplicationFilterChain.doFilter(ApplicationFilterChain.java:140)
	at com.river.LegalAssistant.filter.RequestTrackingFilter.doFilter(RequestTrackingFilter.java:51)
	at org.apache.catalina.core.ApplicationFilterChain.internalDoFilter(ApplicationFilterChain.java:164)
	at org.apache.catalina.core.ApplicationFilterChain.doFilter(ApplicationFilterChain.java:140)
	at org.springframework.web.filter.CompositeFilter$VirtualFilterChain.doFilter(CompositeFilter.java:108)
	at org.springframework.security.web.FilterChainProxy.lambda$doFilterInternal$3(FilterChainProxy.java:231)
	at org.springframework.security.web.ObservationFilterChainDecorator$FilterObservation$SimpleFilterObservation.lambda$wrap$1(ObservationFilterChainDecorator.java:479)
	at org.springframework.security.web.ObservationFilterChainDecorator$AroundFilterObservation$SimpleAroundFilterObservation.lambda$wrap$1(ObservationFilterChainDecorator.java:340)
	at org.springframework.security.web.ObservationFilterChainDecorator.lambda$wrapSecured$0(ObservationFilterChainDecorator.java:82)
	at org.springframework.security.web.ObservationFilterChainDecorator$VirtualFilterChain.doFilter(ObservationFilterChainDecorator.java:128)
	at org.springframework.security.web.access.intercept.AuthorizationFilter.doFilter(AuthorizationFilter.java:100)
	at org.springframework.security.web.ObservationFilterChainDecorator$ObservationFilter.wrapFilter(ObservationFilterChainDecorator.java:240)
	at org.springframework.security.web.ObservationFilterChainDecorator$ObservationFilter.doFilter(ObservationFilterChainDecorator.java:227)
	at org.springframework.security.web.ObservationFilterChainDecorator$VirtualFilterChain.doFilter(ObservationFilterChainDecorator.java:137)
	at org.springframework.security.web.access.ExceptionTranslationFilter.doFilter(ExceptionTranslationFilter.java:126)
	at org.springframework.security.web.access.ExceptionTranslationFilter.doFilter(ExceptionTranslationFilter.java:120)
	at org.springframework.security.web.ObservationFilterChainDecorator$ObservationFilter.wrapFilter(ObservationFilterChainDecorator.java:240)
	at org.springframework.security.web.ObservationFilterChainDecorator$ObservationFilter.doFilter(ObservationFilterChainDecorator.java:227)
	at org.springframework.security.web.ObservationFilterChainDecorator$VirtualFilterChain.doFilter(ObservationFilterChainDecorator.java:137)
	at org.springframework.security.web.session.SessionManagementFilter.doFilter(SessionManagementFilter.java:131)
	at org.springframework.security.web.session.SessionManagementFilter.doFilter(SessionManagementFilter.java:85)
	at org.springframework.security.web.ObservationFilterChainDecorator$ObservationFilter.wrapFilter(ObservationFilterChainDecorator.java:240)
	at org.springframework.security.web.ObservationFilterChainDecorator$ObservationFilter.doFilter(ObservationFilterChainDecorator.java:227)
	at org.springframework.security.web.ObservationFilterChainDecorator$VirtualFilterChain.doFilter(ObservationFilterChainDecorator.java:137)
	at org.springframework.security.web.authentication.AnonymousAuthenticationFilter.doFilter(AnonymousAuthenticationFilter.java:100)
	at org.springframework.security.web.ObservationFilterChainDecorator$ObservationFilter.wrapFilter(ObservationFilterChainDecorator.java:240)
	at org.springframework.security.web.ObservationFilterChainDecorator$ObservationFilter.doFilter(ObservationFilterChainDecorator.java:227)
	at org.springframework.security.web.ObservationFilterChainDecorator$VirtualFilterChain.doFilter(ObservationFilterChainDecorator.java:137)
	at org.springframework.security.web.servletapi.SecurityContextHolderAwareRequestFilter.doFilter(SecurityContextHolderAwareRequestFilter.java:179)
	at org.springframework.security.web.ObservationFilterChainDecorator$ObservationFilter.wrapFilter(ObservationFilterChainDecorator.java:240)
	at org.springframework.security.web.ObservationFilterChainDecorator$ObservationFilter.doFilter(ObservationFilterChainDecorator.java:227)
	at org.springframework.security.web.ObservationFilterChainDecorator$VirtualFilterChain.doFilter(ObservationFilterChainDecorator.java:137)
	at org.springframework.security.web.savedrequest.RequestCacheAwareFilter.doFilter(RequestCacheAwareFilter.java:63)
	at org.springframework.security.web.ObservationFilterChainDecorator$ObservationFilter.wrapFilter(ObservationFilterChainDecorator.java:240)
	at org.springframework.security.web.ObservationFilterChainDecorator$ObservationFilter.doFilter(ObservationFilterChainDecorator.java:227)
	at org.springframework.security.web.ObservationFilterChainDecorator$VirtualFilterChain.doFilter(ObservationFilterChainDecorator.java:137)
	at com.river.LegalAssistant.filter.JwtAuthenticationFilter.doFilterInternal(JwtAuthenticationFilter.java:81)
	at org.springframework.web.filter.OncePerRequestFilter.doFilter(OncePerRequestFilter.java:116)
	at org.springframework.security.web.ObservationFilterChainDecorator$ObservationFilter.wrapFilter(ObservationFilterChainDecorator.java:240)
	at org.springframework.security.web.ObservationFilterChainDecorator$ObservationFilter.doFilter(ObservationFilterChainDecorator.java:227)
	at org.springframework.security.web.ObservationFilterChainDecorator$VirtualFilterChain.doFilter(ObservationFilterChainDecorator.java:137)
	at org.springframework.security.web.authentication.logout.LogoutFilter.doFilter(LogoutFilter.java:107)
	at org.springframework.security.web.authentication.logout.LogoutFilter.doFilter(LogoutFilter.java:93)
	at org.springframework.security.web.ObservationFilterChainDecorator$ObservationFilter.wrapFilter(ObservationFilterChainDecorator.java:240)
	at org.springframework.security.web.ObservationFilterChainDecorator$ObservationFilter.doFilter(ObservationFilterChainDecorator.java:227)
	at org.springframework.security.web.ObservationFilterChainDecorator$VirtualFilterChain.doFilter(ObservationFilterChainDecorator.java:137)
	at org.springframework.web.filter.CorsFilter.doFilterInternal(CorsFilter.java:91)
	at org.springframework.web.filter.OncePerRequestFilter.doFilter(OncePerRequestFilter.java:116)
	at org.springframework.security.web.ObservationFilterChainDecorator$ObservationFilter.wrapFilter(ObservationFilterChainDecorator.java:240)
	at org.springframework.security.web.ObservationFilterChainDecorator$ObservationFilter.doFilter(ObservationFilterChainDecorator.java:227)
	at org.springframework.security.web.ObservationFilterChainDecorator$VirtualFilterChain.doFilter(ObservationFilterChainDecorator.java:137)
	at org.springframework.security.web.header.HeaderWriterFilter.doHeadersAfter(HeaderWriterFilter.java:90)
	at org.springframework.security.web.header.HeaderWriterFilter.doFilterInternal(HeaderWriterFilter.java:75)
	at org.springframework.web.filter.OncePerRequestFilter.doFilter(OncePerRequestFilter.java:116)
	at org.springframework.security.web.ObservationFilterChainDecorator$ObservationFilter.wrapFilter(ObservationFilterChainDecorator.java:240)
	at org.springframework.security.web.ObservationFilterChainDecorator$ObservationFilter.doFilter(ObservationFilterChainDecorator.java:227)
	at org.springframework.security.web.ObservationFilterChainDecorator$VirtualFilterChain.doFilter(ObservationFilterChainDecorator.java:137)
	at org.springframework.security.web.context.SecurityContextHolderFilter.doFilter(SecurityContextHolderFilter.java:82)
	at org.springframework.security.web.context.SecurityContextHolderFilter.doFilter(SecurityContextHolderFilter.java:69)
	at org.springframework.security.web.ObservationFilterChainDecorator$ObservationFilter.wrapFilter(ObservationFilterChainDecorator.java:240)
	at org.springframework.security.web.ObservationFilterChainDecorator$ObservationFilter.doFilter(ObservationFilterChainDecorator.java:227)
	at org.springframework.security.web.ObservationFilterChainDecorator$VirtualFilterChain.doFilter(ObservationFilterChainDecorator.java:137)
	at org.springframework.security.web.context.request.async.WebAsyncManagerIntegrationFilter.doFilterInternal(WebAsyncManagerIntegrationFilter.java:62)
	at org.springframework.web.filter.OncePerRequestFilter.doFilter(OncePerRequestFilter.java:116)
	at org.springframework.security.web.ObservationFilterChainDecorator$ObservationFilter.wrapFilter(ObservationFilterChainDecorator.java:240)
	at org.springframework.security.web.ObservationFilterChainDecorator$ObservationFilter.doFilter(ObservationFilterChainDecorator.java:227)
	at org.springframework.security.web.ObservationFilterChainDecorator$VirtualFilterChain.doFilter(ObservationFilterChainDecorator.java:137)
	at org.springframework.security.web.session.DisableEncodeUrlFilter.doFilterInternal(DisableEncodeUrlFilter.java:42)
	at org.springframework.web.filter.OncePerRequestFilter.doFilter(OncePerRequestFilter.java:116)
	at org.springframework.security.web.ObservationFilterChainDecorator$ObservationFilter.wrapFilter(ObservationFilterChainDecorator.java:240)
	at org.springframework.security.web.ObservationFilterChainDecorator$AroundFilterObservation$SimpleAroundFilterObservation.lambda$wrap$0(ObservationFilterChainDecorator.java:323)
	at org.springframework.security.web.ObservationFilterChainDecorator$ObservationFilter.doFilter(ObservationFilterChainDecorator.java:224)
	at org.springframework.security.web.ObservationFilterChainDecorator$VirtualFilterChain.doFilter(ObservationFilterChainDecorator.java:137)
	at org.springframework.security.web.FilterChainProxy.doFilterInternal(FilterChainProxy.java:233)
	at org.springframework.security.web.FilterChainProxy.doFilter(FilterChainProxy.java:191)
	at org.springframework.web.filter.CompositeFilter$VirtualFilterChain.doFilter(CompositeFilter.java:113)
	at org.springframework.web.servlet.handler.HandlerMappingIntrospector.lambda$createCacheFilter$3(HandlerMappingIntrospector.java:195)
	at org.springframework.web.filter.CompositeFilter$VirtualFilterChain.doFilter(CompositeFilter.java:113)
	at org.springframework.web.filter.CompositeFilter.doFilter(CompositeFilter.java:74)
	at org.springframework.security.config.annotation.web.configuration.WebMvcSecurityConfiguration$CompositeFilterChainProxy.doFilter(WebMvcSecurityConfiguration.java:230)
	at org.springframework.web.filter.DelegatingFilterProxy.invokeDelegate(DelegatingFilterProxy.java:352)
	at org.springframework.web.filter.DelegatingFilterProxy.doFilter(DelegatingFilterProxy.java:268)
	at org.apache.catalina.core.ApplicationFilterChain.internalDoFilter(ApplicationFilterChain.java:164)
	at org.apache.catalina.core.ApplicationFilterChain.doFilter(ApplicationFilterChain.java:140)
	at org.springframework.web.filter.RequestContextFilter.doFilterInternal(RequestContextFilter.java:100)
	at org.springframework.web.filter.OncePerRequestFilter.doFilter(OncePerRequestFilter.java:116)
	at org.apache.catalina.core.ApplicationFilterChain.internalDoFilter(ApplicationFilterChain.java:164)
	at org.apache.catalina.core.ApplicationFilterChain.doFilter(ApplicationFilterChain.java:140)
	at org.springframework.web.filter.FormContentFilter.doFilterInternal(FormContentFilter.java:93)
	at org.springframework.web.filter.OncePerRequestFilter.doFilter(OncePerRequestFilter.java:116)
	at org.apache.catalina.core.ApplicationFilterChain.internalDoFilter(ApplicationFilterChain.java:164)
	at org.apache.catalina.core.ApplicationFilterChain.doFilter(ApplicationFilterChain.java:140)
	at org.springframework.web.filter.ServerHttpObservationFilter.doFilterInternal(ServerHttpObservationFilter.java:113)
	at org.springframework.web.filter.OncePerRequestFilter.doFilter(OncePerRequestFilter.java:116)
	at org.apache.catalina.core.ApplicationFilterChain.internalDoFilter(ApplicationFilterChain.java:164)
	at org.apache.catalina.core.ApplicationFilterChain.doFilter(ApplicationFilterChain.java:140)
	at org.springframework.web.filter.CharacterEncodingFilter.doFilterInternal(CharacterEncodingFilter.java:201)
	at org.springframework.web.filter.OncePerRequestFilter.doFilter(OncePerRequestFilter.java:116)
	at org.apache.catalina.core.ApplicationFilterChain.internalDoFilter(ApplicationFilterChain.java:164)
	at org.apache.catalina.core.ApplicationFilterChain.doFilter(ApplicationFilterChain.java:140)
	at org.apache.catalina.core.StandardWrapperValve.invoke(StandardWrapperValve.java:167)
	at org.apache.catalina.core.StandardContextValve.invoke(StandardContextValve.java:90)
	at org.apache.catalina.authenticator.AuthenticatorBase.invoke(AuthenticatorBase.java:483)
	at org.apache.catalina.core.StandardHostValve.invoke(StandardHostValve.java:115)
	at org.apache.catalina.valves.ErrorReportValve.invoke(ErrorReportValve.java:93)
	at org.apache.catalina.core.StandardEngineValve.invoke(StandardEngineValve.java:74)
	at org.apache.catalina.connector.CoyoteAdapter.service(CoyoteAdapter.java:344)
	at org.apache.coyote.http11.Http11Processor.service(Http11Processor.java:384)
	at org.apache.coyote.AbstractProcessorLight.process(AbstractProcessorLight.java:63)
	at org.apache.coyote.AbstractProtocol$ConnectionHandler.process(AbstractProtocol.java:905)
	at org.apache.tomcat.util.net.NioEndpoint$SocketProcessor.doRun(NioEndpoint.java:1741)
	at org.apache.tomcat.util.net.SocketProcessorBase.run(SocketProcessorBase.java:52)
	at org.apache.tomcat.util.threads.ThreadPoolExecutor.runWorker(ThreadPoolExecutor.java:1190)
	at org.apache.tomcat.util.threads.ThreadPoolExecutor$Worker.run(ThreadPoolExecutor.java:659)
	at org.apache.tomcat.util.threads.TaskThread$WrappingRunnable.run(TaskThread.java:63)
	at java.base/java.lang.Thread.run(Thread.java:1583)
Caused by: dev.langchain4j.exception.HttpException: {"error":"model requires more system memory (16.7 GiB) than is available (12.2 GiB)"}
	at dev.langchain4j.http.client.jdk.JdkHttpClient.execute(JdkHttpClient.java:53)
	at dev.langchain4j.model.ollama.OllamaClient.chat(OllamaClient.java:102)
	at dev.langchain4j.model.ollama.OllamaChatModel.lambda$doChat$0(OllamaChatModel.java:41)
	at dev.langchain4j.internal.ExceptionMapper.withExceptionMapper(ExceptionMapper.java:29)
	... 161 common frames omitted
2026-03-09 13:42:04.506 [http-nio-18080-exec-6] WARN  dev.langchain4j.internal.RetryUtils - A retriable exception occurred. Remaining retries: 1 of 2
dev.langchain4j.exception.InternalServerException: {"error":"model requires more system memory (16.7 GiB) than is available (12.2 GiB)"}
	at dev.langchain4j.internal.ExceptionMapper$DefaultExceptionMapper.mapHttpStatusCode(ExceptionMapper.java:56)
	at dev.langchain4j.internal.ExceptionMapper$DefaultExceptionMapper.mapException(ExceptionMapper.java:44)
	at dev.langchain4j.internal.ExceptionMapper.withExceptionMapper(ExceptionMapper.java:31)
	at dev.langchain4j.internal.RetryUtils.lambda$withRetryMappingExceptions$1(RetryUtils.java:322)
	at dev.langchain4j.internal.RetryUtils$RetryPolicy.withRetry(RetryUtils.java:204)
	at dev.langchain4j.internal.RetryUtils.withRetry(RetryUtils.java:259)
	at dev.langchain4j.internal.RetryUtils.withRetryMappingExceptions(RetryUtils.java:322)
	at dev.langchain4j.internal.RetryUtils.withRetryMappingExceptions(RetryUtils.java:305)
	at dev.langchain4j.model.ollama.OllamaChatModel.doChat(OllamaChatModel.java:41)
	at dev.langchain4j.model.chat.ChatModel.chat(ChatModel.java:46)
	at dev.langchain4j.model.chat.ChatModel.chat(ChatModel.java:76)
	at com.river.LegalAssistant.service.advanced.LegalQueryTransformer.generateSubQuestions(LegalQueryTransformer.java:172)
	at com.river.LegalAssistant.service.advanced.LegalQueryTransformer.transform(LegalQueryTransformer.java:75)
	at dev.langchain4j.rag.DefaultRetrievalAugmentor.augment(DefaultRetrievalAugmentor.java:148)
	at com.river.LegalAssistant.service.advanced.AdvancedLegalRagService.retrieveContents(AdvancedLegalRagService.java:271)
	at com.river.LegalAssistant.service.advanced.AdvancedLegalRagService.advancedLegalChat(AdvancedLegalRagService.java:115)
	at com.river.LegalAssistant.controller.UnifiedChatController.handleAdvancedRagChat(UnifiedChatController.java:614)
	at com.river.LegalAssistant.controller.UnifiedChatController.handleUnifiedChat(UnifiedChatController.java:652)
	at com.river.LegalAssistant.controller.UnifiedChatController.chat(UnifiedChatController.java:117)
	at java.base/jdk.internal.reflect.DirectMethodHandleAccessor.invoke(DirectMethodHandleAccessor.java:103)
	at java.base/java.lang.reflect.Method.invoke(Method.java:580)
	at org.springframework.web.method.support.InvocableHandlerMethod.doInvoke(InvocableHandlerMethod.java:255)
	at org.springframework.web.method.support.InvocableHandlerMethod.invokeForRequest(InvocableHandlerMethod.java:188)
	at org.springframework.web.servlet.mvc.method.annotation.ServletInvocableHandlerMethod.invokeAndHandle(ServletInvocableHandlerMethod.java:118)
	at org.springframework.web.servlet.mvc.method.annotation.RequestMappingHandlerAdapter.invokeHandlerMethod(RequestMappingHandlerAdapter.java:926)
	at org.springframework.web.servlet.mvc.method.annotation.RequestMappingHandlerAdapter.handleInternal(RequestMappingHandlerAdapter.java:831)
	at org.springframework.web.servlet.mvc.method.AbstractHandlerMethodAdapter.handle(AbstractHandlerMethodAdapter.java:87)
	at org.springframework.web.servlet.DispatcherServlet.doDispatch(DispatcherServlet.java:1089)
	at org.springframework.web.servlet.DispatcherServlet.doService(DispatcherServlet.java:979)
	at org.springframework.web.servlet.FrameworkServlet.processRequest(FrameworkServlet.java:1014)
	at org.springframework.web.servlet.FrameworkServlet.doPost(FrameworkServlet.java:914)
	at jakarta.servlet.http.HttpServlet.service(HttpServlet.java:590)
	at org.springframework.web.servlet.FrameworkServlet.service(FrameworkServlet.java:885)
	at jakarta.servlet.http.HttpServlet.service(HttpServlet.java:658)
	at org.apache.catalina.core.ApplicationFilterChain.internalDoFilter(ApplicationFilterChain.java:195)
	at org.apache.catalina.core.ApplicationFilterChain.doFilter(ApplicationFilterChain.java:140)
	at org.apache.tomcat.websocket.server.WsFilter.doFilter(WsFilter.java:51)
	at org.apache.catalina.core.ApplicationFilterChain.internalDoFilter(ApplicationFilterChain.java:164)
	at org.apache.catalina.core.ApplicationFilterChain.doFilter(ApplicationFilterChain.java:140)
	at org.springframework.web.filter.CorsFilter.doFilterInternal(CorsFilter.java:91)
	at org.springframework.web.filter.OncePerRequestFilter.doFilter(OncePerRequestFilter.java:116)
	at org.apache.catalina.core.ApplicationFilterChain.internalDoFilter(ApplicationFilterChain.java:164)
	at org.apache.catalina.core.ApplicationFilterChain.doFilter(ApplicationFilterChain.java:140)
	at org.springframework.web.filter.OncePerRequestFilter.doFilter(OncePerRequestFilter.java:110)
	at org.apache.catalina.core.ApplicationFilterChain.internalDoFilter(ApplicationFilterChain.java:164)
	at org.apache.catalina.core.ApplicationFilterChain.doFilter(ApplicationFilterChain.java:140)
	at com.river.LegalAssistant.filter.RateLimitFilter.doFilter(RateLimitFilter.java:82)
	at org.apache.catalina.core.ApplicationFilterChain.internalDoFilter(ApplicationFilterChain.java:164)
	at org.apache.catalina.core.ApplicationFilterChain.doFilter(ApplicationFilterChain.java:140)
	at com.river.LegalAssistant.filter.RequestTrackingFilter.doFilter(RequestTrackingFilter.java:51)
	at org.apache.catalina.core.ApplicationFilterChain.internalDoFilter(ApplicationFilterChain.java:164)
	at org.apache.catalina.core.ApplicationFilterChain.doFilter(ApplicationFilterChain.java:140)
	at org.springframework.web.filter.CompositeFilter$VirtualFilterChain.doFilter(CompositeFilter.java:108)
	at org.springframework.security.web.FilterChainProxy.lambda$doFilterInternal$3(FilterChainProxy.java:231)
	at org.springframework.security.web.ObservationFilterChainDecorator$FilterObservation$SimpleFilterObservation.lambda$wrap$1(ObservationFilterChainDecorator.java:479)
	at org.springframework.security.web.ObservationFilterChainDecorator$AroundFilterObservation$SimpleAroundFilterObservation.lambda$wrap$1(ObservationFilterChainDecorator.java:340)
	at org.springframework.security.web.ObservationFilterChainDecorator.lambda$wrapSecured$0(ObservationFilterChainDecorator.java:82)
	at org.springframework.security.web.ObservationFilterChainDecorator$VirtualFilterChain.doFilter(ObservationFilterChainDecorator.java:128)
	at org.springframework.security.web.access.intercept.AuthorizationFilter.doFilter(AuthorizationFilter.java:100)
	at org.springframework.security.web.ObservationFilterChainDecorator$ObservationFilter.wrapFilter(ObservationFilterChainDecorator.java:240)
	at org.springframework.security.web.ObservationFilterChainDecorator$ObservationFilter.doFilter(ObservationFilterChainDecorator.java:227)
	at org.springframework.security.web.ObservationFilterChainDecorator$VirtualFilterChain.doFilter(ObservationFilterChainDecorator.java:137)
	at org.springframework.security.web.access.ExceptionTranslationFilter.doFilter(ExceptionTranslationFilter.java:126)
	at org.springframework.security.web.access.ExceptionTranslationFilter.doFilter(ExceptionTranslationFilter.java:120)
	at org.springframework.security.web.ObservationFilterChainDecorator$ObservationFilter.wrapFilter(ObservationFilterChainDecorator.java:240)
	at org.springframework.security.web.ObservationFilterChainDecorator$ObservationFilter.doFilter(ObservationFilterChainDecorator.java:227)
	at org.springframework.security.web.ObservationFilterChainDecorator$VirtualFilterChain.doFilter(ObservationFilterChainDecorator.java:137)
	at org.springframework.security.web.session.SessionManagementFilter.doFilter(SessionManagementFilter.java:131)
	at org.springframework.security.web.session.SessionManagementFilter.doFilter(SessionManagementFilter.java:85)
	at org.springframework.security.web.ObservationFilterChainDecorator$ObservationFilter.wrapFilter(ObservationFilterChainDecorator.java:240)
	at org.springframework.security.web.ObservationFilterChainDecorator$ObservationFilter.doFilter(ObservationFilterChainDecorator.java:227)
	at org.springframework.security.web.ObservationFilterChainDecorator$VirtualFilterChain.doFilter(ObservationFilterChainDecorator.java:137)
	at org.springframework.security.web.authentication.AnonymousAuthenticationFilter.doFilter(AnonymousAuthenticationFilter.java:100)
	at org.springframework.security.web.ObservationFilterChainDecorator$ObservationFilter.wrapFilter(ObservationFilterChainDecorator.java:240)
	at org.springframework.security.web.ObservationFilterChainDecorator$ObservationFilter.doFilter(ObservationFilterChainDecorator.java:227)
	at org.springframework.security.web.ObservationFilterChainDecorator$VirtualFilterChain.doFilter(ObservationFilterChainDecorator.java:137)
	at org.springframework.security.web.servletapi.SecurityContextHolderAwareRequestFilter.doFilter(SecurityContextHolderAwareRequestFilter.java:179)
	at org.springframework.security.web.ObservationFilterChainDecorator$ObservationFilter.wrapFilter(ObservationFilterChainDecorator.java:240)
	at org.springframework.security.web.ObservationFilterChainDecorator$ObservationFilter.doFilter(ObservationFilterChainDecorator.java:227)
	at org.springframework.security.web.ObservationFilterChainDecorator$VirtualFilterChain.doFilter(ObservationFilterChainDecorator.java:137)
	at org.springframework.security.web.savedrequest.RequestCacheAwareFilter.doFilter(RequestCacheAwareFilter.java:63)
	at org.springframework.security.web.ObservationFilterChainDecorator$ObservationFilter.wrapFilter(ObservationFilterChainDecorator.java:240)
	at org.springframework.security.web.ObservationFilterChainDecorator$ObservationFilter.doFilter(ObservationFilterChainDecorator.java:227)
	at org.springframework.security.web.ObservationFilterChainDecorator$VirtualFilterChain.doFilter(ObservationFilterChainDecorator.java:137)
	at com.river.LegalAssistant.filter.JwtAuthenticationFilter.doFilterInternal(JwtAuthenticationFilter.java:81)
	at org.springframework.web.filter.OncePerRequestFilter.doFilter(OncePerRequestFilter.java:116)
	at org.springframework.security.web.ObservationFilterChainDecorator$ObservationFilter.wrapFilter(ObservationFilterChainDecorator.java:240)
	at org.springframework.security.web.ObservationFilterChainDecorator$ObservationFilter.doFilter(ObservationFilterChainDecorator.java:227)
	at org.springframework.security.web.ObservationFilterChainDecorator$VirtualFilterChain.doFilter(ObservationFilterChainDecorator.java:137)
	at org.springframework.security.web.authentication.logout.LogoutFilter.doFilter(LogoutFilter.java:107)
	at org.springframework.security.web.authentication.logout.LogoutFilter.doFilter(LogoutFilter.java:93)
	at org.springframework.security.web.ObservationFilterChainDecorator$ObservationFilter.wrapFilter(ObservationFilterChainDecorator.java:240)
	at org.springframework.security.web.ObservationFilterChainDecorator$ObservationFilter.doFilter(ObservationFilterChainDecorator.java:227)
	at org.springframework.security.web.ObservationFilterChainDecorator$VirtualFilterChain.doFilter(ObservationFilterChainDecorator.java:137)
	at org.springframework.web.filter.CorsFilter.doFilterInternal(CorsFilter.java:91)
	at org.springframework.web.filter.OncePerRequestFilter.doFilter(OncePerRequestFilter.java:116)
	at org.springframework.security.web.ObservationFilterChainDecorator$ObservationFilter.wrapFilter(ObservationFilterChainDecorator.java:240)
	at org.springframework.security.web.ObservationFilterChainDecorator$ObservationFilter.doFilter(ObservationFilterChainDecorator.java:227)
	at org.springframework.security.web.ObservationFilterChainDecorator$VirtualFilterChain.doFilter(ObservationFilterChainDecorator.java:137)
	at org.springframework.security.web.header.HeaderWriterFilter.doHeadersAfter(HeaderWriterFilter.java:90)
	at org.springframework.security.web.header.HeaderWriterFilter.doFilterInternal(HeaderWriterFilter.java:75)
	at org.springframework.web.filter.OncePerRequestFilter.doFilter(OncePerRequestFilter.java:116)
	at org.springframework.security.web.ObservationFilterChainDecorator$ObservationFilter.wrapFilter(ObservationFilterChainDecorator.java:240)
	at org.springframework.security.web.ObservationFilterChainDecorator$ObservationFilter.doFilter(ObservationFilterChainDecorator.java:227)
	at org.springframework.security.web.ObservationFilterChainDecorator$VirtualFilterChain.doFilter(ObservationFilterChainDecorator.java:137)
	at org.springframework.security.web.context.SecurityContextHolderFilter.doFilter(SecurityContextHolderFilter.java:82)
	at org.springframework.security.web.context.SecurityContextHolderFilter.doFilter(SecurityContextHolderFilter.java:69)
	at org.springframework.security.web.ObservationFilterChainDecorator$ObservationFilter.wrapFilter(ObservationFilterChainDecorator.java:240)
	at org.springframework.security.web.ObservationFilterChainDecorator$ObservationFilter.doFilter(ObservationFilterChainDecorator.java:227)
	at org.springframework.security.web.ObservationFilterChainDecorator$VirtualFilterChain.doFilter(ObservationFilterChainDecorator.java:137)
	at org.springframework.security.web.context.request.async.WebAsyncManagerIntegrationFilter.doFilterInternal(WebAsyncManagerIntegrationFilter.java:62)
	at org.springframework.web.filter.OncePerRequestFilter.doFilter(OncePerRequestFilter.java:116)
	at org.springframework.security.web.ObservationFilterChainDecorator$ObservationFilter.wrapFilter(ObservationFilterChainDecorator.java:240)
	at org.springframework.security.web.ObservationFilterChainDecorator$ObservationFilter.doFilter(ObservationFilterChainDecorator.java:227)
	at org.springframework.security.web.ObservationFilterChainDecorator$VirtualFilterChain.doFilter(ObservationFilterChainDecorator.java:137)
	at org.springframework.security.web.session.DisableEncodeUrlFilter.doFilterInternal(DisableEncodeUrlFilter.java:42)
	at org.springframework.web.filter.OncePerRequestFilter.doFilter(OncePerRequestFilter.java:116)
	at org.springframework.security.web.ObservationFilterChainDecorator$ObservationFilter.wrapFilter(ObservationFilterChainDecorator.java:240)
	at org.springframework.security.web.ObservationFilterChainDecorator$AroundFilterObservation$SimpleAroundFilterObservation.lambda$wrap$0(ObservationFilterChainDecorator.java:323)
	at org.springframework.security.web.ObservationFilterChainDecorator$ObservationFilter.doFilter(ObservationFilterChainDecorator.java:224)
	at org.springframework.security.web.ObservationFilterChainDecorator$VirtualFilterChain.doFilter(ObservationFilterChainDecorator.java:137)
	at org.springframework.security.web.FilterChainProxy.doFilterInternal(FilterChainProxy.java:233)
	at org.springframework.security.web.FilterChainProxy.doFilter(FilterChainProxy.java:191)
	at org.springframework.web.filter.CompositeFilter$VirtualFilterChain.doFilter(CompositeFilter.java:113)
	at org.springframework.web.servlet.handler.HandlerMappingIntrospector.lambda$createCacheFilter$3(HandlerMappingIntrospector.java:195)
	at org.springframework.web.filter.CompositeFilter$VirtualFilterChain.doFilter(CompositeFilter.java:113)
	at org.springframework.web.filter.CompositeFilter.doFilter(CompositeFilter.java:74)
	at org.springframework.security.config.annotation.web.configuration.WebMvcSecurityConfiguration$CompositeFilterChainProxy.doFilter(WebMvcSecurityConfiguration.java:230)
	at org.springframework.web.filter.DelegatingFilterProxy.invokeDelegate(DelegatingFilterProxy.java:352)
	at org.springframework.web.filter.DelegatingFilterProxy.doFilter(DelegatingFilterProxy.java:268)
	at org.apache.catalina.core.ApplicationFilterChain.internalDoFilter(ApplicationFilterChain.java:164)
	at org.apache.catalina.core.ApplicationFilterChain.doFilter(ApplicationFilterChain.java:140)
	at org.springframework.web.filter.RequestContextFilter.doFilterInternal(RequestContextFilter.java:100)
	at org.springframework.web.filter.OncePerRequestFilter.doFilter(OncePerRequestFilter.java:116)
	at org.apache.catalina.core.ApplicationFilterChain.internalDoFilter(ApplicationFilterChain.java:164)
	at org.apache.catalina.core.ApplicationFilterChain.doFilter(ApplicationFilterChain.java:140)
	at org.springframework.web.filter.FormContentFilter.doFilterInternal(FormContentFilter.java:93)
	at org.springframework.web.filter.OncePerRequestFilter.doFilter(OncePerRequestFilter.java:116)
	at org.apache.catalina.core.ApplicationFilterChain.internalDoFilter(ApplicationFilterChain.java:164)
	at org.apache.catalina.core.ApplicationFilterChain.doFilter(ApplicationFilterChain.java:140)
	at org.springframework.web.filter.ServerHttpObservationFilter.doFilterInternal(ServerHttpObservationFilter.java:113)
	at org.springframework.web.filter.OncePerRequestFilter.doFilter(OncePerRequestFilter.java:116)
	at org.apache.catalina.core.ApplicationFilterChain.internalDoFilter(ApplicationFilterChain.java:164)
	at org.apache.catalina.core.ApplicationFilterChain.doFilter(ApplicationFilterChain.java:140)
	at org.springframework.web.filter.CharacterEncodingFilter.doFilterInternal(CharacterEncodingFilter.java:201)
	at org.springframework.web.filter.OncePerRequestFilter.doFilter(OncePerRequestFilter.java:116)
	at org.apache.catalina.core.ApplicationFilterChain.internalDoFilter(ApplicationFilterChain.java:164)
	at org.apache.catalina.core.ApplicationFilterChain.doFilter(ApplicationFilterChain.java:140)
	at org.apache.catalina.core.StandardWrapperValve.invoke(StandardWrapperValve.java:167)
	at org.apache.catalina.core.StandardContextValve.invoke(StandardContextValve.java:90)
	at org.apache.catalina.authenticator.AuthenticatorBase.invoke(AuthenticatorBase.java:483)
	at org.apache.catalina.core.StandardHostValve.invoke(StandardHostValve.java:115)
	at org.apache.catalina.valves.ErrorReportValve.invoke(ErrorReportValve.java:93)
	at org.apache.catalina.core.StandardEngineValve.invoke(StandardEngineValve.java:74)
	at org.apache.catalina.connector.CoyoteAdapter.service(CoyoteAdapter.java:344)
	at org.apache.coyote.http11.Http11Processor.service(Http11Processor.java:384)
	at org.apache.coyote.AbstractProcessorLight.process(AbstractProcessorLight.java:63)
	at org.apache.coyote.AbstractProtocol$ConnectionHandler.process(AbstractProtocol.java:905)
	at org.apache.tomcat.util.net.NioEndpoint$SocketProcessor.doRun(NioEndpoint.java:1741)
	at org.apache.tomcat.util.net.SocketProcessorBase.run(SocketProcessorBase.java:52)
	at org.apache.tomcat.util.threads.ThreadPoolExecutor.runWorker(ThreadPoolExecutor.java:1190)
	at org.apache.tomcat.util.threads.ThreadPoolExecutor$Worker.run(ThreadPoolExecutor.java:659)
	at org.apache.tomcat.util.threads.TaskThread$WrappingRunnable.run(TaskThread.java:63)
	at java.base/java.lang.Thread.run(Thread.java:1583)
Caused by: dev.langchain4j.exception.HttpException: {"error":"model requires more system memory (16.7 GiB) than is available (12.2 GiB)"}
	at dev.langchain4j.http.client.jdk.JdkHttpClient.execute(JdkHttpClient.java:53)
	at dev.langchain4j.model.ollama.OllamaClient.chat(OllamaClient.java:102)
	at dev.langchain4j.model.ollama.OllamaChatModel.lambda$doChat$0(OllamaChatModel.java:41)
	at dev.langchain4j.internal.ExceptionMapper.withExceptionMapper(ExceptionMapper.java:29)
	... 161 common frames omitted
2026-03-09 13:42:06.556 [http-nio-18080-exec-6] WARN  c.r.L.s.a.LegalQueryTransformer - 生成子问题失败: {"error":"model requires more system memory (16.7 GiB) than is available (12.2 GiB)"}
2026-03-09 13:42:06.559 [http-nio-18080-exec-6] INFO  c.r.L.s.a.LegalQueryTransformer - 查询转换完成，原始1个查询扩展为3个查询
2026-03-09 13:42:06.561 [pool-5-thread-1] INFO  c.r.L.s.advanced.LegalQueryRouter - 路由法律查询: 合同违约后通常有哪些承担责任的方式？
2026-03-09 13:42:06.562 [pool-5-thread-2] INFO  c.r.L.s.advanced.LegalQueryRouter - 路由法律查询: 合同协议违约责任后通常有哪些承担法律责任的方式？
2026-03-09 13:42:06.562 [pool-5-thread-3] INFO  c.r.L.s.advanced.LegalQueryRouter - 路由法律查询: 违约 责任 合同
2026-03-09 13:42:07.909 [pool-5-thread-1] WARN  dev.langchain4j.internal.RetryUtils - A retriable exception occurred. Remaining retries: 2 of 2
dev.langchain4j.exception.InternalServerException: {"error":"model requires more system memory (16.7 GiB) than is available (12.1 GiB)"}
	at dev.langchain4j.internal.ExceptionMapper$DefaultExceptionMapper.mapHttpStatusCode(ExceptionMapper.java:56)
	at dev.langchain4j.internal.ExceptionMapper$DefaultExceptionMapper.mapException(ExceptionMapper.java:44)
	at dev.langchain4j.internal.ExceptionMapper.withExceptionMapper(ExceptionMapper.java:31)
	at dev.langchain4j.internal.RetryUtils.lambda$withRetryMappingExceptions$1(RetryUtils.java:322)
	at dev.langchain4j.internal.RetryUtils$RetryPolicy.withRetry(RetryUtils.java:204)
	at dev.langchain4j.internal.RetryUtils.withRetry(RetryUtils.java:259)
	at dev.langchain4j.internal.RetryUtils.withRetryMappingExceptions(RetryUtils.java:322)
	at dev.langchain4j.internal.RetryUtils.withRetryMappingExceptions(RetryUtils.java:305)
	at dev.langchain4j.model.ollama.OllamaChatModel.doChat(OllamaChatModel.java:41)
	at dev.langchain4j.model.chat.ChatModel.chat(ChatModel.java:46)
	at dev.langchain4j.model.chat.ChatModel.chat(ChatModel.java:76)
	at com.river.LegalAssistant.service.advanced.LegalQueryRouter.classifyByAI(LegalQueryRouter.java:147)
	at com.river.LegalAssistant.service.advanced.LegalQueryRouter.analyzeQuery(LegalQueryRouter.java:102)
	at com.river.LegalAssistant.service.advanced.LegalQueryRouter.route(LegalQueryRouter.java:77)
	at dev.langchain4j.rag.DefaultRetrievalAugmentor.lambda$process$1(DefaultRetrievalAugmentor.java:180)
	at java.base/java.util.concurrent.CompletableFuture$AsyncSupply.run(CompletableFuture.java:1768)
	at java.base/java.util.concurrent.ThreadPoolExecutor.runWorker(ThreadPoolExecutor.java:1144)
	at java.base/java.util.concurrent.ThreadPoolExecutor$Worker.run(ThreadPoolExecutor.java:642)
	at java.base/java.lang.Thread.run(Thread.java:1583)
Caused by: dev.langchain4j.exception.HttpException: {"error":"model requires more system memory (16.7 GiB) than is available (12.1 GiB)"}
	at dev.langchain4j.http.client.jdk.JdkHttpClient.execute(JdkHttpClient.java:53)
	at dev.langchain4j.model.ollama.OllamaClient.chat(OllamaClient.java:102)
	at dev.langchain4j.model.ollama.OllamaChatModel.lambda$doChat$0(OllamaChatModel.java:41)
	at dev.langchain4j.internal.ExceptionMapper.withExceptionMapper(ExceptionMapper.java:29)
	... 16 common frames omitted
2026-03-09 13:42:09.418 [pool-5-thread-3] WARN  dev.langchain4j.internal.RetryUtils - A retriable exception occurred. Remaining retries: 2 of 2
dev.langchain4j.exception.InternalServerException: {"error":"model requires more system memory (16.7 GiB) than is available (12.7 GiB)"}
	at dev.langchain4j.internal.ExceptionMapper$DefaultExceptionMapper.mapHttpStatusCode(ExceptionMapper.java:56)
	at dev.langchain4j.internal.ExceptionMapper$DefaultExceptionMapper.mapException(ExceptionMapper.java:44)
	at dev.langchain4j.internal.ExceptionMapper.withExceptionMapper(ExceptionMapper.java:31)
	at dev.langchain4j.internal.RetryUtils.lambda$withRetryMappingExceptions$1(RetryUtils.java:322)
	at dev.langchain4j.internal.RetryUtils$RetryPolicy.withRetry(RetryUtils.java:204)
	at dev.langchain4j.internal.RetryUtils.withRetry(RetryUtils.java:259)
	at dev.langchain4j.internal.RetryUtils.withRetryMappingExceptions(RetryUtils.java:322)
	at dev.langchain4j.internal.RetryUtils.withRetryMappingExceptions(RetryUtils.java:305)
	at dev.langchain4j.model.ollama.OllamaChatModel.doChat(OllamaChatModel.java:41)
	at dev.langchain4j.model.chat.ChatModel.chat(ChatModel.java:46)
	at dev.langchain4j.model.chat.ChatModel.chat(ChatModel.java:76)
	at com.river.LegalAssistant.service.advanced.LegalQueryRouter.classifyByAI(LegalQueryRouter.java:147)
	at com.river.LegalAssistant.service.advanced.LegalQueryRouter.analyzeQuery(LegalQueryRouter.java:102)
	at com.river.LegalAssistant.service.advanced.LegalQueryRouter.route(LegalQueryRouter.java:77)
	at dev.langchain4j.rag.DefaultRetrievalAugmentor.lambda$process$1(DefaultRetrievalAugmentor.java:180)
	at java.base/java.util.concurrent.CompletableFuture$AsyncSupply.run(CompletableFuture.java:1768)
	at java.base/java.util.concurrent.ThreadPoolExecutor.runWorker(ThreadPoolExecutor.java:1144)
	at java.base/java.util.concurrent.ThreadPoolExecutor$Worker.run(ThreadPoolExecutor.java:642)
	at java.base/java.lang.Thread.run(Thread.java:1583)
Caused by: dev.langchain4j.exception.HttpException: {"error":"model requires more system memory (16.7 GiB) than is available (12.7 GiB)"}
	at dev.langchain4j.http.client.jdk.JdkHttpClient.execute(JdkHttpClient.java:53)
	at dev.langchain4j.model.ollama.OllamaClient.chat(OllamaClient.java:102)
	at dev.langchain4j.model.ollama.OllamaChatModel.lambda$doChat$0(OllamaChatModel.java:41)
	at dev.langchain4j.internal.ExceptionMapper.withExceptionMapper(ExceptionMapper.java:29)
	... 16 common frames omitted
2026-03-09 13:44:07.079 [pool-5-thread-2] WARN  dev.langchain4j.internal.RetryUtils - A retriable exception occurred. Remaining retries: 2 of 2
dev.langchain4j.exception.TimeoutException: request timed out
	at dev.langchain4j.http.client.jdk.JdkHttpClient.execute(JdkHttpClient.java:58)
	at dev.langchain4j.model.ollama.OllamaClient.chat(OllamaClient.java:102)
	at dev.langchain4j.model.ollama.OllamaChatModel.lambda$doChat$0(OllamaChatModel.java:41)
	at dev.langchain4j.internal.ExceptionMapper.withExceptionMapper(ExceptionMapper.java:29)
	at dev.langchain4j.internal.RetryUtils.lambda$withRetryMappingExceptions$1(RetryUtils.java:322)
	at dev.langchain4j.internal.RetryUtils$RetryPolicy.withRetry(RetryUtils.java:204)
	at dev.langchain4j.internal.RetryUtils.withRetry(RetryUtils.java:259)
	at dev.langchain4j.internal.RetryUtils.withRetryMappingExceptions(RetryUtils.java:322)
	at dev.langchain4j.internal.RetryUtils.withRetryMappingExceptions(RetryUtils.java:305)
	at dev.langchain4j.model.ollama.OllamaChatModel.doChat(OllamaChatModel.java:41)
	at dev.langchain4j.model.chat.ChatModel.chat(ChatModel.java:46)
	at dev.langchain4j.model.chat.ChatModel.chat(ChatModel.java:76)
	at com.river.LegalAssistant.service.advanced.LegalQueryRouter.classifyByAI(LegalQueryRouter.java:147)
	at com.river.LegalAssistant.service.advanced.LegalQueryRouter.analyzeQuery(LegalQueryRouter.java:102)
	at com.river.LegalAssistant.service.advanced.LegalQueryRouter.route(LegalQueryRouter.java:77)
	at dev.langchain4j.rag.DefaultRetrievalAugmentor.lambda$process$1(DefaultRetrievalAugmentor.java:180)
	at java.base/java.util.concurrent.CompletableFuture$AsyncSupply.run(CompletableFuture.java:1768)
	at java.base/java.util.concurrent.ThreadPoolExecutor.runWorker(ThreadPoolExecutor.java:1144)
	at java.base/java.util.concurrent.ThreadPoolExecutor$Worker.run(ThreadPoolExecutor.java:642)
	at java.base/java.lang.Thread.run(Thread.java:1583)
Caused by: java.net.http.HttpTimeoutException: request timed out
	at java.net.http/jdk.internal.net.http.HttpClientImpl.send(HttpClientImpl.java:949)
	at java.net.http/jdk.internal.net.http.HttpClientFacade.send(HttpClientFacade.java:133)
	at dev.langchain4j.http.client.jdk.JdkHttpClient.execute(JdkHttpClient.java:50)
	... 19 common frames omitted
2026-03-09 13:44:08.451 [pool-5-thread-1] WARN  dev.langchain4j.internal.RetryUtils - A retriable exception occurred. Remaining retries: 1 of 2
dev.langchain4j.exception.TimeoutException: request timed out
	at dev.langchain4j.http.client.jdk.JdkHttpClient.execute(JdkHttpClient.java:58)
	at dev.langchain4j.model.ollama.OllamaClient.chat(OllamaClient.java:102)
	at dev.langchain4j.model.ollama.OllamaChatModel.lambda$doChat$0(OllamaChatModel.java:41)
	at dev.langchain4j.internal.ExceptionMapper.withExceptionMapper(ExceptionMapper.java:29)
	at dev.langchain4j.internal.RetryUtils.lambda$withRetryMappingExceptions$1(RetryUtils.java:322)
	at dev.langchain4j.internal.RetryUtils$RetryPolicy.withRetry(RetryUtils.java:204)
	at dev.langchain4j.internal.RetryUtils.withRetry(RetryUtils.java:259)
	at dev.langchain4j.internal.RetryUtils.withRetryMappingExceptions(RetryUtils.java:322)
	at dev.langchain4j.internal.RetryUtils.withRetryMappingExceptions(RetryUtils.java:305)
	at dev.langchain4j.model.ollama.OllamaChatModel.doChat(OllamaChatModel.java:41)
	at dev.langchain4j.model.chat.ChatModel.chat(ChatModel.java:46)
	at dev.langchain4j.model.chat.ChatModel.chat(ChatModel.java:76)
	at com.river.LegalAssistant.service.advanced.LegalQueryRouter.classifyByAI(LegalQueryRouter.java:147)
	at com.river.LegalAssistant.service.advanced.LegalQueryRouter.analyzeQuery(LegalQueryRouter.java:102)
	at com.river.LegalAssistant.service.advanced.LegalQueryRouter.route(LegalQueryRouter.java:77)
	at dev.langchain4j.rag.DefaultRetrievalAugmentor.lambda$process$1(DefaultRetrievalAugmentor.java:180)
	at java.base/java.util.concurrent.CompletableFuture$AsyncSupply.run(CompletableFuture.java:1768)
	at java.base/java.util.concurrent.ThreadPoolExecutor.runWorker(ThreadPoolExecutor.java:1144)
	at java.base/java.util.concurrent.ThreadPoolExecutor$Worker.run(ThreadPoolExecutor.java:642)
	at java.base/java.lang.Thread.run(Thread.java:1583)
Caused by: java.net.http.HttpTimeoutException: request timed out
	at java.net.http/jdk.internal.net.http.HttpClientImpl.send(HttpClientImpl.java:949)
	at java.net.http/jdk.internal.net.http.HttpClientFacade.send(HttpClientFacade.java:133)
	at dev.langchain4j.http.client.jdk.JdkHttpClient.execute(JdkHttpClient.java:50)
	... 19 common frames omitted
2026-03-09 13:44:09.998 [pool-5-thread-3] WARN  dev.langchain4j.internal.RetryUtils - A retriable exception occurred. Remaining retries: 1 of 2
dev.langchain4j.exception.TimeoutException: request timed out
	at dev.langchain4j.http.client.jdk.JdkHttpClient.execute(JdkHttpClient.java:58)
	at dev.langchain4j.model.ollama.OllamaClient.chat(OllamaClient.java:102)
	at dev.langchain4j.model.ollama.OllamaChatModel.lambda$doChat$0(OllamaChatModel.java:41)
	at dev.langchain4j.internal.ExceptionMapper.withExceptionMapper(ExceptionMapper.java:29)
	at dev.langchain4j.internal.RetryUtils.lambda$withRetryMappingExceptions$1(RetryUtils.java:322)
	at dev.langchain4j.internal.RetryUtils$RetryPolicy.withRetry(RetryUtils.java:204)
	at dev.langchain4j.internal.RetryUtils.withRetry(RetryUtils.java:259)
	at dev.langchain4j.internal.RetryUtils.withRetryMappingExceptions(RetryUtils.java:322)
	at dev.langchain4j.internal.RetryUtils.withRetryMappingExceptions(RetryUtils.java:305)
	at dev.langchain4j.model.ollama.OllamaChatModel.doChat(OllamaChatModel.java:41)
	at dev.langchain4j.model.chat.ChatModel.chat(ChatModel.java:46)
	at dev.langchain4j.model.chat.ChatModel.chat(ChatModel.java:76)
	at com.river.LegalAssistant.service.advanced.LegalQueryRouter.classifyByAI(LegalQueryRouter.java:147)
	at com.river.LegalAssistant.service.advanced.LegalQueryRouter.analyzeQuery(LegalQueryRouter.java:102)
	at com.river.LegalAssistant.service.advanced.LegalQueryRouter.route(LegalQueryRouter.java:77)
	at dev.langchain4j.rag.DefaultRetrievalAugmentor.lambda$process$1(DefaultRetrievalAugmentor.java:180)
	at java.base/java.util.concurrent.CompletableFuture$AsyncSupply.run(CompletableFuture.java:1768)
	at java.base/java.util.concurrent.ThreadPoolExecutor.runWorker(ThreadPoolExecutor.java:1144)
	at java.base/java.util.concurrent.ThreadPoolExecutor$Worker.run(ThreadPoolExecutor.java:642)
	at java.base/java.lang.Thread.run(Thread.java:1583)
Caused by: java.net.http.HttpTimeoutException: request timed out
	at java.net.http/jdk.internal.net.http.HttpClientImpl.send(HttpClientImpl.java:949)
	at java.net.http/jdk.internal.net.http.HttpClientFacade.send(HttpClientFacade.java:133)
	at dev.langchain4j.http.client.jdk.JdkHttpClient.execute(JdkHttpClient.java:50)
	... 19 common frames omitted
2026-03-09 13:44:37.850 [pool-5-thread-3] WARN  c.r.L.s.advanced.LegalQueryRouter - AI查询分类失败: java.io.IOException: HTTP/1.1 header parser received no bytes
2026-03-09 13:44:37.850 [pool-5-thread-1] WARN  c.r.L.s.advanced.LegalQueryRouter - AI查询分类失败: java.io.IOException: HTTP/1.1 header parser received no bytes
2026-03-09 13:44:37.846 [pool-5-thread-2] WARN  dev.langchain4j.internal.RetryUtils - A retriable exception occurred. Remaining retries: 1 of 2
java.lang.RuntimeException: java.io.IOException: HTTP/1.1 header parser received no bytes
	at dev.langchain4j.http.client.jdk.JdkHttpClient.execute(JdkHttpClient.java:60)
	at dev.langchain4j.model.ollama.OllamaClient.chat(OllamaClient.java:102)
	at dev.langchain4j.model.ollama.OllamaChatModel.lambda$doChat$0(OllamaChatModel.java:41)
	at dev.langchain4j.internal.ExceptionMapper.withExceptionMapper(ExceptionMapper.java:29)
	at dev.langchain4j.internal.RetryUtils.lambda$withRetryMappingExceptions$1(RetryUtils.java:322)
	at dev.langchain4j.internal.RetryUtils$RetryPolicy.withRetry(RetryUtils.java:204)
	at dev.langchain4j.internal.RetryUtils.withRetry(RetryUtils.java:259)
	at dev.langchain4j.internal.RetryUtils.withRetryMappingExceptions(RetryUtils.java:322)
	at dev.langchain4j.internal.RetryUtils.withRetryMappingExceptions(RetryUtils.java:305)
	at dev.langchain4j.model.ollama.OllamaChatModel.doChat(OllamaChatModel.java:41)
	at dev.langchain4j.model.chat.ChatModel.chat(ChatModel.java:46)
	at dev.langchain4j.model.chat.ChatModel.chat(ChatModel.java:76)
	at com.river.LegalAssistant.service.advanced.LegalQueryRouter.classifyByAI(LegalQueryRouter.java:147)
	at com.river.LegalAssistant.service.advanced.LegalQueryRouter.analyzeQuery(LegalQueryRouter.java:102)
	at com.river.LegalAssistant.service.advanced.LegalQueryRouter.route(LegalQueryRouter.java:77)
	at dev.langchain4j.rag.DefaultRetrievalAugmentor.lambda$process$1(DefaultRetrievalAugmentor.java:180)
	at java.base/java.util.concurrent.CompletableFuture$AsyncSupply.run(CompletableFuture.java:1768)
	at java.base/java.util.concurrent.ThreadPoolExecutor.runWorker(ThreadPoolExecutor.java:1144)
	at java.base/java.util.concurrent.ThreadPoolExecutor$Worker.run(ThreadPoolExecutor.java:642)
	at java.base/java.lang.Thread.run(Thread.java:1583)
Caused by: java.io.IOException: HTTP/1.1 header parser received no bytes
	at java.net.http/jdk.internal.net.http.HttpClientImpl.send(HttpClientImpl.java:966)
	at java.net.http/jdk.internal.net.http.HttpClientFacade.send(HttpClientFacade.java:133)
	at dev.langchain4j.http.client.jdk.JdkHttpClient.execute(JdkHttpClient.java:50)
	... 19 common frames omitted
Caused by: java.io.IOException: HTTP/1.1 header parser received no bytes
	at java.net.http/jdk.internal.net.http.common.Utils.wrapWithExtraDetail(Utils.java:388)
	at java.net.http/jdk.internal.net.http.Http1Response$HeadersReader.onReadError(Http1Response.java:590)
	at java.net.http/jdk.internal.net.http.Http1AsyncReceiver.checkForErrors(Http1AsyncReceiver.java:302)
	at java.net.http/jdk.internal.net.http.Http1AsyncReceiver.flush(Http1AsyncReceiver.java:268)
	at java.net.http/jdk.internal.net.http.common.SequentialScheduler$LockingRestartableTask.run(SequentialScheduler.java:182)
	at java.net.http/jdk.internal.net.http.common.SequentialScheduler$CompleteRestartableTask.run(SequentialScheduler.java:149)
	at java.net.http/jdk.internal.net.http.common.SequentialScheduler$SchedulableTask.run(SequentialScheduler.java:207)
	... 3 common frames omitted
Caused by: java.net.SocketException: Connection reset
	at java.base/sun.nio.ch.SocketChannelImpl.throwConnectionReset(SocketChannelImpl.java:401)
	at java.base/sun.nio.ch.SocketChannelImpl.read(SocketChannelImpl.java:434)
	at java.net.http/jdk.internal.net.http.SocketTube.readAvailable(SocketTube.java:1178)
	at java.net.http/jdk.internal.net.http.SocketTube$InternalReadPublisher$InternalReadSubscription.read(SocketTube.java:841)
	at java.net.http/jdk.internal.net.http.SocketTube$SocketFlowTask.run(SocketTube.java:181)
	at java.net.http/jdk.internal.net.http.common.SequentialScheduler$SchedulableTask.run(SequentialScheduler.java:207)
	at java.net.http/jdk.internal.net.http.common.SequentialScheduler.runOrSchedule(SequentialScheduler.java:280)
	at java.net.http/jdk.internal.net.http.common.SequentialScheduler.runOrSchedule(SequentialScheduler.java:233)
	at java.net.http/jdk.internal.net.http.SocketTube$InternalReadPublisher$InternalReadSubscription.signalReadable(SocketTube.java:782)
	at java.net.http/jdk.internal.net.http.SocketTube$InternalReadPublisher$ReadEvent.signalEvent(SocketTube.java:965)
	at java.net.http/jdk.internal.net.http.SocketTube$SocketFlowEvent.handle(SocketTube.java:253)
	at java.net.http/jdk.internal.net.http.HttpClientImpl$SelectorManager.handleEvent(HttpClientImpl.java:1469)
	at java.net.http/jdk.internal.net.http.HttpClientImpl$SelectorManager.lambda$run$3(HttpClientImpl.java:1414)
	at java.base/java.util.ArrayList.forEach(ArrayList.java:1596)
	at java.net.http/jdk.internal.net.http.HttpClientImpl$SelectorManager.run(HttpClientImpl.java:1414)
2026-03-09 13:44:37.934 [pool-5-thread-1] INFO  c.r.L.s.advanced.LegalQueryRouter - 为查询类型 CONTRACT_ANALYSIS 选择了 2 个检索器
2026-03-09 13:44:37.934 [pool-5-thread-3] INFO  c.r.L.s.advanced.LegalQueryRouter - 为查询类型 CONTRACT_ANALYSIS 选择了 2 个检索器
2026-03-09 13:44:37.986 [pool-5-thread-6] INFO  c.r.L.s.a.LegalContentRetriever - 多源检索法律内容: 合同违约后通常有哪些承担责任的方式？
2026-03-09 13:44:37.987 [pool-5-thread-4] INFO  c.r.L.s.a.LegalContentRetriever - 多源检索法律内容: 合同违约后通常有哪些承担责任的方式？
2026-03-09 13:44:37.987 [pool-5-thread-5] INFO  c.r.L.s.a.LegalContentRetriever - 多源检索法律内容: 违约 责任 合同
2026-03-09 13:44:37.986 [pool-5-thread-7] INFO  c.r.L.s.a.LegalContentRetriever - 多源检索法律内容: 违约 责任 合同
2026-03-09 13:44:38.065 [pool-5-thread-6] WARN  dev.langchain4j.internal.RetryUtils - A retriable exception occurred. Remaining retries: 2 of 2
java.lang.RuntimeException: java.net.ConnectException
	at dev.langchain4j.http.client.jdk.JdkHttpClient.execute(JdkHttpClient.java:60)
	at dev.langchain4j.model.ollama.OllamaClient.embed(OllamaClient.java:227)
	at dev.langchain4j.model.ollama.OllamaEmbeddingModel.lambda$embedAll$0(OllamaEmbeddingModel.java:55)
	at dev.langchain4j.internal.ExceptionMapper.withExceptionMapper(ExceptionMapper.java:29)
	at dev.langchain4j.internal.RetryUtils.lambda$withRetryMappingExceptions$1(RetryUtils.java:322)
	at dev.langchain4j.internal.RetryUtils$RetryPolicy.withRetry(RetryUtils.java:204)
	at dev.langchain4j.internal.RetryUtils.withRetry(RetryUtils.java:259)
	at dev.langchain4j.internal.RetryUtils.withRetryMappingExceptions(RetryUtils.java:322)
	at dev.langchain4j.internal.RetryUtils.withRetryMappingExceptions(RetryUtils.java:305)
	at dev.langchain4j.model.ollama.OllamaEmbeddingModel.embedAll(OllamaEmbeddingModel.java:55)
	at dev.langchain4j.model.embedding.EmbeddingModel.embed(EmbeddingModel.java:34)
	at dev.langchain4j.model.embedding.EmbeddingModel.embed(EmbeddingModel.java:24)
	at com.river.LegalAssistant.service.advanced.LegalContentRetriever.retrieveFromVectorStore(LegalContentRetriever.java:111)
	at com.river.LegalAssistant.service.advanced.LegalContentRetriever.retrieve(LegalContentRetriever.java:63)
	at dev.langchain4j.rag.DefaultRetrievalAugmentor.lambda$retrieveFromAll$1(DefaultRetrievalAugmentor.java:193)
	at java.base/java.util.concurrent.CompletableFuture$AsyncSupply.run(CompletableFuture.java:1768)
	at java.base/java.util.concurrent.ThreadPoolExecutor.runWorker(ThreadPoolExecutor.java:1144)
	at java.base/java.util.concurrent.ThreadPoolExecutor$Worker.run(ThreadPoolExecutor.java:642)
	at java.base/java.lang.Thread.run(Thread.java:1583)
Caused by: java.net.ConnectException: null
	at java.net.http/jdk.internal.net.http.HttpClientImpl.send(HttpClientImpl.java:951)
	at java.net.http/jdk.internal.net.http.HttpClientFacade.send(HttpClientFacade.java:133)
	at dev.langchain4j.http.client.jdk.JdkHttpClient.execute(JdkHttpClient.java:50)
	... 18 common frames omitted
Caused by: java.net.ConnectException: null
	at java.net.http/jdk.internal.net.http.common.Utils.toConnectException(Utils.java:1041)
	at java.net.http/jdk.internal.net.http.PlainHttpConnection.connectAsync(PlainHttpConnection.java:227)
	at java.net.http/jdk.internal.net.http.PlainHttpConnection.checkRetryConnect(PlainHttpConnection.java:280)
	at java.net.http/jdk.internal.net.http.PlainHttpConnection.lambda$connectAsync$2(PlainHttpConnection.java:238)
	at java.base/java.util.concurrent.CompletableFuture.uniHandle(CompletableFuture.java:934)
	at java.base/java.util.concurrent.CompletableFuture$UniHandle.tryFire(CompletableFuture.java:911)
	at java.base/java.util.concurrent.CompletableFuture.postComplete(CompletableFuture.java:510)
	at java.base/java.util.concurrent.CompletableFuture$AsyncSupply.run(CompletableFuture.java:1773)
	... 3 common frames omitted
Caused by: java.nio.channels.ClosedChannelException: null
	at java.base/sun.nio.ch.SocketChannelImpl.ensureOpen(SocketChannelImpl.java:202)
	at java.base/sun.nio.ch.SocketChannelImpl.beginConnect(SocketChannelImpl.java:786)
	at java.base/sun.nio.ch.SocketChannelImpl.connect(SocketChannelImpl.java:874)
	at java.net.http/jdk.internal.net.http.PlainHttpConnection.lambda$connectAsync$1(PlainHttpConnection.java:210)
	at java.base/java.security.AccessController.doPrivileged(AccessController.java:571)
	at java.net.http/jdk.internal.net.http.PlainHttpConnection.connectAsync(PlainHttpConnection.java:212)
	... 9 common frames omitted
2026-03-09 13:44:38.065 [pool-5-thread-7] WARN  dev.langchain4j.internal.RetryUtils - A retriable exception occurred. Remaining retries: 2 of 2
java.lang.RuntimeException: java.net.ConnectException
	at dev.langchain4j.http.client.jdk.JdkHttpClient.execute(JdkHttpClient.java:60)
	at dev.langchain4j.model.ollama.OllamaClient.embed(OllamaClient.java:227)
	at dev.langchain4j.model.ollama.OllamaEmbeddingModel.lambda$embedAll$0(OllamaEmbeddingModel.java:55)
	at dev.langchain4j.internal.ExceptionMapper.withExceptionMapper(ExceptionMapper.java:29)
	at dev.langchain4j.internal.RetryUtils.lambda$withRetryMappingExceptions$1(RetryUtils.java:322)
	at dev.langchain4j.internal.RetryUtils$RetryPolicy.withRetry(RetryUtils.java:204)
	at dev.langchain4j.internal.RetryUtils.withRetry(RetryUtils.java:259)
	at dev.langchain4j.internal.RetryUtils.withRetryMappingExceptions(RetryUtils.java:322)
	at dev.langchain4j.internal.RetryUtils.withRetryMappingExceptions(RetryUtils.java:305)
	at dev.langchain4j.model.ollama.OllamaEmbeddingModel.embedAll(OllamaEmbeddingModel.java:55)
	at dev.langchain4j.model.embedding.EmbeddingModel.embed(EmbeddingModel.java:34)
	at dev.langchain4j.model.embedding.EmbeddingModel.embed(EmbeddingModel.java:24)
	at com.river.LegalAssistant.service.advanced.LegalContentRetriever.retrieveFromVectorStore(LegalContentRetriever.java:111)
	at com.river.LegalAssistant.service.advanced.LegalContentRetriever.retrieve(LegalContentRetriever.java:63)
	at dev.langchain4j.rag.DefaultRetrievalAugmentor.lambda$retrieveFromAll$1(DefaultRetrievalAugmentor.java:193)
	at java.base/java.util.concurrent.CompletableFuture$AsyncSupply.run(CompletableFuture.java:1768)
	at java.base/java.util.concurrent.ThreadPoolExecutor.runWorker(ThreadPoolExecutor.java:1144)
	at java.base/java.util.concurrent.ThreadPoolExecutor$Worker.run(ThreadPoolExecutor.java:642)
	at java.base/java.lang.Thread.run(Thread.java:1583)
Caused by: java.net.ConnectException: null
	at java.net.http/jdk.internal.net.http.HttpClientImpl.send(HttpClientImpl.java:951)
	at java.net.http/jdk.internal.net.http.HttpClientFacade.send(HttpClientFacade.java:133)
	at dev.langchain4j.http.client.jdk.JdkHttpClient.execute(JdkHttpClient.java:50)
	... 18 common frames omitted
Caused by: java.net.ConnectException: null
	at java.net.http/jdk.internal.net.http.common.Utils.toConnectException(Utils.java:1041)
	at java.net.http/jdk.internal.net.http.PlainHttpConnection.connectAsync(PlainHttpConnection.java:227)
	at java.net.http/jdk.internal.net.http.PlainHttpConnection.checkRetryConnect(PlainHttpConnection.java:280)
	at java.net.http/jdk.internal.net.http.PlainHttpConnection.lambda$connectAsync$2(PlainHttpConnection.java:238)
	at java.base/java.util.concurrent.CompletableFuture.uniHandle(CompletableFuture.java:934)
	at java.base/java.util.concurrent.CompletableFuture$UniHandle.tryFire(CompletableFuture.java:911)
	at java.base/java.util.concurrent.CompletableFuture.postComplete(CompletableFuture.java:510)
	at java.base/java.util.concurrent.CompletableFuture$AsyncSupply.run(CompletableFuture.java:1773)
	... 3 common frames omitted
Caused by: java.nio.channels.ClosedChannelException: null
	at java.base/sun.nio.ch.SocketChannelImpl.ensureOpen(SocketChannelImpl.java:202)
	at java.base/sun.nio.ch.SocketChannelImpl.beginConnect(SocketChannelImpl.java:786)
	at java.base/sun.nio.ch.SocketChannelImpl.connect(SocketChannelImpl.java:874)
	at java.net.http/jdk.internal.net.http.PlainHttpConnection.lambda$connectAsync$1(PlainHttpConnection.java:210)
	at java.base/java.security.AccessController.doPrivileged(AccessController.java:571)
	at java.net.http/jdk.internal.net.http.PlainHttpConnection.connectAsync(PlainHttpConnection.java:212)
	... 9 common frames omitted
2026-03-09 13:44:38.064 [pool-5-thread-4] WARN  dev.langchain4j.internal.RetryUtils - A retriable exception occurred. Remaining retries: 2 of 2
java.lang.RuntimeException: java.net.ConnectException
	at dev.langchain4j.http.client.jdk.JdkHttpClient.execute(JdkHttpClient.java:60)
	at dev.langchain4j.model.ollama.OllamaClient.embed(OllamaClient.java:227)
	at dev.langchain4j.model.ollama.OllamaEmbeddingModel.lambda$embedAll$0(OllamaEmbeddingModel.java:55)
	at dev.langchain4j.internal.ExceptionMapper.withExceptionMapper(ExceptionMapper.java:29)
	at dev.langchain4j.internal.RetryUtils.lambda$withRetryMappingExceptions$1(RetryUtils.java:322)
	at dev.langchain4j.internal.RetryUtils$RetryPolicy.withRetry(RetryUtils.java:204)
	at dev.langchain4j.internal.RetryUtils.withRetry(RetryUtils.java:259)
	at dev.langchain4j.internal.RetryUtils.withRetryMappingExceptions(RetryUtils.java:322)
	at dev.langchain4j.internal.RetryUtils.withRetryMappingExceptions(RetryUtils.java:305)
	at dev.langchain4j.model.ollama.OllamaEmbeddingModel.embedAll(OllamaEmbeddingModel.java:55)
	at dev.langchain4j.model.embedding.EmbeddingModel.embed(EmbeddingModel.java:34)
	at dev.langchain4j.model.embedding.EmbeddingModel.embed(EmbeddingModel.java:24)
	at com.river.LegalAssistant.service.advanced.LegalContentRetriever.retrieveFromVectorStore(LegalContentRetriever.java:111)
	at com.river.LegalAssistant.service.advanced.LegalContentRetriever.retrieve(LegalContentRetriever.java:63)
	at dev.langchain4j.rag.DefaultRetrievalAugmentor.lambda$retrieveFromAll$1(DefaultRetrievalAugmentor.java:193)
	at java.base/java.util.concurrent.CompletableFuture$AsyncSupply.run(CompletableFuture.java:1768)
	at java.base/java.util.concurrent.ThreadPoolExecutor.runWorker(ThreadPoolExecutor.java:1144)
	at java.base/java.util.concurrent.ThreadPoolExecutor$Worker.run(ThreadPoolExecutor.java:642)
	at java.base/java.lang.Thread.run(Thread.java:1583)
Caused by: java.net.ConnectException: null
	at java.net.http/jdk.internal.net.http.HttpClientImpl.send(HttpClientImpl.java:951)
	at java.net.http/jdk.internal.net.http.HttpClientFacade.send(HttpClientFacade.java:133)
	at dev.langchain4j.http.client.jdk.JdkHttpClient.execute(JdkHttpClient.java:50)
	... 18 common frames omitted
Caused by: java.net.ConnectException: null
	at java.net.http/jdk.internal.net.http.common.Utils.toConnectException(Utils.java:1041)
	at java.net.http/jdk.internal.net.http.PlainHttpConnection.connectAsync(PlainHttpConnection.java:227)
	at java.net.http/jdk.internal.net.http.PlainHttpConnection.checkRetryConnect(PlainHttpConnection.java:280)
	at java.net.http/jdk.internal.net.http.PlainHttpConnection.lambda$connectAsync$2(PlainHttpConnection.java:238)
	at java.base/java.util.concurrent.CompletableFuture.uniHandle(CompletableFuture.java:934)
	at java.base/java.util.concurrent.CompletableFuture$UniHandle.tryFire(CompletableFuture.java:911)
	at java.base/java.util.concurrent.CompletableFuture.postComplete(CompletableFuture.java:510)
	at java.base/java.util.concurrent.CompletableFuture$AsyncSupply.run(CompletableFuture.java:1773)
	... 3 common frames omitted
Caused by: java.nio.channels.ClosedChannelException: null
	at java.base/sun.nio.ch.SocketChannelImpl.ensureOpen(SocketChannelImpl.java:202)
	at java.base/sun.nio.ch.SocketChannelImpl.beginConnect(SocketChannelImpl.java:786)
	at java.base/sun.nio.ch.SocketChannelImpl.connect(SocketChannelImpl.java:874)
	at java.net.http/jdk.internal.net.http.PlainHttpConnection.lambda$connectAsync$1(PlainHttpConnection.java:210)
	at java.base/java.security.AccessController.doPrivileged(AccessController.java:571)
	at java.net.http/jdk.internal.net.http.PlainHttpConnection.connectAsync(PlainHttpConnection.java:212)
	... 9 common frames omitted
2026-03-09 13:44:38.065 [pool-5-thread-5] WARN  dev.langchain4j.internal.RetryUtils - A retriable exception occurred. Remaining retries: 2 of 2
java.lang.RuntimeException: java.net.ConnectException
	at dev.langchain4j.http.client.jdk.JdkHttpClient.execute(JdkHttpClient.java:60)
	at dev.langchain4j.model.ollama.OllamaClient.embed(OllamaClient.java:227)
	at dev.langchain4j.model.ollama.OllamaEmbeddingModel.lambda$embedAll$0(OllamaEmbeddingModel.java:55)
	at dev.langchain4j.internal.ExceptionMapper.withExceptionMapper(ExceptionMapper.java:29)
	at dev.langchain4j.internal.RetryUtils.lambda$withRetryMappingExceptions$1(RetryUtils.java:322)
	at dev.langchain4j.internal.RetryUtils$RetryPolicy.withRetry(RetryUtils.java:204)
	at dev.langchain4j.internal.RetryUtils.withRetry(RetryUtils.java:259)
	at dev.langchain4j.internal.RetryUtils.withRetryMappingExceptions(RetryUtils.java:322)
	at dev.langchain4j.internal.RetryUtils.withRetryMappingExceptions(RetryUtils.java:305)
	at dev.langchain4j.model.ollama.OllamaEmbeddingModel.embedAll(OllamaEmbeddingModel.java:55)
	at dev.langchain4j.model.embedding.EmbeddingModel.embed(EmbeddingModel.java:34)
	at dev.langchain4j.model.embedding.EmbeddingModel.embed(EmbeddingModel.java:24)
	at com.river.LegalAssistant.service.advanced.LegalContentRetriever.retrieveFromVectorStore(LegalContentRetriever.java:111)
	at com.river.LegalAssistant.service.advanced.LegalContentRetriever.retrieve(LegalContentRetriever.java:63)
	at dev.langchain4j.rag.DefaultRetrievalAugmentor.lambda$retrieveFromAll$1(DefaultRetrievalAugmentor.java:193)
	at java.base/java.util.concurrent.CompletableFuture$AsyncSupply.run(CompletableFuture.java:1768)
	at java.base/java.util.concurrent.ThreadPoolExecutor.runWorker(ThreadPoolExecutor.java:1144)
	at java.base/java.util.concurrent.ThreadPoolExecutor$Worker.run(ThreadPoolExecutor.java:642)
	at java.base/java.lang.Thread.run(Thread.java:1583)
Caused by: java.net.ConnectException: null
	at java.net.http/jdk.internal.net.http.HttpClientImpl.send(HttpClientImpl.java:951)
	at java.net.http/jdk.internal.net.http.HttpClientFacade.send(HttpClientFacade.java:133)
	at dev.langchain4j.http.client.jdk.JdkHttpClient.execute(JdkHttpClient.java:50)
	... 18 common frames omitted
Caused by: java.net.ConnectException: null
	at java.net.http/jdk.internal.net.http.common.Utils.toConnectException(Utils.java:1041)
	at java.net.http/jdk.internal.net.http.PlainHttpConnection.connectAsync(PlainHttpConnection.java:227)
	at java.net.http/jdk.internal.net.http.PlainHttpConnection.checkRetryConnect(PlainHttpConnection.java:280)
	at java.net.http/jdk.internal.net.http.PlainHttpConnection.lambda$connectAsync$2(PlainHttpConnection.java:238)
	at java.base/java.util.concurrent.CompletableFuture.uniHandle(CompletableFuture.java:934)
	at java.base/java.util.concurrent.CompletableFuture$UniHandle.tryFire(CompletableFuture.java:911)
	at java.base/java.util.concurrent.CompletableFuture.postComplete(CompletableFuture.java:510)
	at java.base/java.util.concurrent.CompletableFuture$AsyncSupply.run(CompletableFuture.java:1773)
	... 3 common frames omitted
Caused by: java.nio.channels.ClosedChannelException: null
	at java.base/sun.nio.ch.SocketChannelImpl.ensureOpen(SocketChannelImpl.java:202)
	at java.base/sun.nio.ch.SocketChannelImpl.beginConnect(SocketChannelImpl.java:786)
	at java.base/sun.nio.ch.SocketChannelImpl.connect(SocketChannelImpl.java:874)
	at java.net.http/jdk.internal.net.http.PlainHttpConnection.lambda$connectAsync$1(PlainHttpConnection.java:210)
	at java.base/java.security.AccessController.doPrivileged(AccessController.java:571)
	at java.net.http/jdk.internal.net.http.PlainHttpConnection.connectAsync(PlainHttpConnection.java:212)
	... 9 common frames omitted
2026-03-09 13:44:38.606 [pool-5-thread-5] WARN  dev.langchain4j.internal.RetryUtils - A retriable exception occurred. Remaining retries: 1 of 2
java.lang.RuntimeException: java.net.ConnectException
	at dev.langchain4j.http.client.jdk.JdkHttpClient.execute(JdkHttpClient.java:60)
	at dev.langchain4j.model.ollama.OllamaClient.embed(OllamaClient.java:227)
	at dev.langchain4j.model.ollama.OllamaEmbeddingModel.lambda$embedAll$0(OllamaEmbeddingModel.java:55)
	at dev.langchain4j.internal.ExceptionMapper.withExceptionMapper(ExceptionMapper.java:29)
	at dev.langchain4j.internal.RetryUtils.lambda$withRetryMappingExceptions$1(RetryUtils.java:322)
	at dev.langchain4j.internal.RetryUtils$RetryPolicy.withRetry(RetryUtils.java:204)
	at dev.langchain4j.internal.RetryUtils.withRetry(RetryUtils.java:259)
	at dev.langchain4j.internal.RetryUtils.withRetryMappingExceptions(RetryUtils.java:322)
	at dev.langchain4j.internal.RetryUtils.withRetryMappingExceptions(RetryUtils.java:305)
	at dev.langchain4j.model.ollama.OllamaEmbeddingModel.embedAll(OllamaEmbeddingModel.java:55)
	at dev.langchain4j.model.embedding.EmbeddingModel.embed(EmbeddingModel.java:34)
	at dev.langchain4j.model.embedding.EmbeddingModel.embed(EmbeddingModel.java:24)
	at com.river.LegalAssistant.service.advanced.LegalContentRetriever.retrieveFromVectorStore(LegalContentRetriever.java:111)
	at com.river.LegalAssistant.service.advanced.LegalContentRetriever.retrieve(LegalContentRetriever.java:63)
	at dev.langchain4j.rag.DefaultRetrievalAugmentor.lambda$retrieveFromAll$1(DefaultRetrievalAugmentor.java:193)
	at java.base/java.util.concurrent.CompletableFuture$AsyncSupply.run(CompletableFuture.java:1768)
	at java.base/java.util.concurrent.ThreadPoolExecutor.runWorker(ThreadPoolExecutor.java:1144)
	at java.base/java.util.concurrent.ThreadPoolExecutor$Worker.run(ThreadPoolExecutor.java:642)
	at java.base/java.lang.Thread.run(Thread.java:1583)
Caused by: java.net.ConnectException: null
	at java.net.http/jdk.internal.net.http.HttpClientImpl.send(HttpClientImpl.java:951)
	at java.net.http/jdk.internal.net.http.HttpClientFacade.send(HttpClientFacade.java:133)
	at dev.langchain4j.http.client.jdk.JdkHttpClient.execute(JdkHttpClient.java:50)
	... 18 common frames omitted
Caused by: java.net.ConnectException: null
	at java.net.http/jdk.internal.net.http.common.Utils.toConnectException(Utils.java:1041)
	at java.net.http/jdk.internal.net.http.PlainHttpConnection.connectAsync(PlainHttpConnection.java:227)
	at java.net.http/jdk.internal.net.http.PlainHttpConnection.checkRetryConnect(PlainHttpConnection.java:280)
	at java.net.http/jdk.internal.net.http.PlainHttpConnection.lambda$connectAsync$2(PlainHttpConnection.java:238)
	at java.base/java.util.concurrent.CompletableFuture.uniHandle(CompletableFuture.java:934)
	at java.base/java.util.concurrent.CompletableFuture$UniHandle.tryFire(CompletableFuture.java:911)
	at java.base/java.util.concurrent.CompletableFuture.postComplete(CompletableFuture.java:510)
	at java.base/java.util.concurrent.CompletableFuture$AsyncSupply.run(CompletableFuture.java:1773)
	... 3 common frames omitted
Caused by: java.nio.channels.ClosedChannelException: null
	at java.base/sun.nio.ch.SocketChannelImpl.ensureOpen(SocketChannelImpl.java:202)
	at java.base/sun.nio.ch.SocketChannelImpl.beginConnect(SocketChannelImpl.java:786)
	at java.base/sun.nio.ch.SocketChannelImpl.connect(SocketChannelImpl.java:874)
	at java.net.http/jdk.internal.net.http.PlainHttpConnection.lambda$connectAsync$1(PlainHttpConnection.java:210)
	at java.base/java.security.AccessController.doPrivileged(AccessController.java:571)
	at java.net.http/jdk.internal.net.http.PlainHttpConnection.connectAsync(PlainHttpConnection.java:212)
	... 9 common frames omitted
2026-03-09 13:44:38.629 [pool-5-thread-2] WARN  c.r.L.s.advanced.LegalQueryRouter - AI查询分类失败: java.net.ConnectException
2026-03-09 13:44:38.630 [pool-5-thread-2] INFO  c.r.L.s.advanced.LegalQueryRouter - 为查询类型 CONTRACT_ANALYSIS 选择了 2 个检索器
2026-03-09 13:44:38.630 [pool-5-thread-1] INFO  c.r.L.s.a.LegalContentRetriever - 多源检索法律内容: 合同协议违约责任后通常有哪些承担法律责任的方式？
2026-03-09 13:44:38.630 [pool-5-thread-3] INFO  c.r.L.s.a.LegalContentRetriever - 多源检索法律内容: 合同协议违约责任后通常有哪些承担法律责任的方式？
2026-03-09 13:44:38.632 [pool-5-thread-1] WARN  dev.langchain4j.internal.RetryUtils - A retriable exception occurred. Remaining retries: 2 of 2
java.lang.RuntimeException: java.net.ConnectException
	at dev.langchain4j.http.client.jdk.JdkHttpClient.execute(JdkHttpClient.java:60)
	at dev.langchain4j.model.ollama.OllamaClient.embed(OllamaClient.java:227)
	at dev.langchain4j.model.ollama.OllamaEmbeddingModel.lambda$embedAll$0(OllamaEmbeddingModel.java:55)
	at dev.langchain4j.internal.ExceptionMapper.withExceptionMapper(ExceptionMapper.java:29)
	at dev.langchain4j.internal.RetryUtils.lambda$withRetryMappingExceptions$1(RetryUtils.java:322)
	at dev.langchain4j.internal.RetryUtils$RetryPolicy.withRetry(RetryUtils.java:204)
	at dev.langchain4j.internal.RetryUtils.withRetry(RetryUtils.java:259)
	at dev.langchain4j.internal.RetryUtils.withRetryMappingExceptions(RetryUtils.java:322)
	at dev.langchain4j.internal.RetryUtils.withRetryMappingExceptions(RetryUtils.java:305)
	at dev.langchain4j.model.ollama.OllamaEmbeddingModel.embedAll(OllamaEmbeddingModel.java:55)
	at dev.langchain4j.model.embedding.EmbeddingModel.embed(EmbeddingModel.java:34)
	at dev.langchain4j.model.embedding.EmbeddingModel.embed(EmbeddingModel.java:24)
	at com.river.LegalAssistant.service.advanced.LegalContentRetriever.retrieveFromVectorStore(LegalContentRetriever.java:111)
	at com.river.LegalAssistant.service.advanced.LegalContentRetriever.retrieve(LegalContentRetriever.java:63)
	at dev.langchain4j.rag.DefaultRetrievalAugmentor.lambda$retrieveFromAll$1(DefaultRetrievalAugmentor.java:193)
	at java.base/java.util.concurrent.CompletableFuture$AsyncSupply.run(CompletableFuture.java:1768)
	at java.base/java.util.concurrent.ThreadPoolExecutor.runWorker(ThreadPoolExecutor.java:1144)
	at java.base/java.util.concurrent.ThreadPoolExecutor$Worker.run(ThreadPoolExecutor.java:642)
	at java.base/java.lang.Thread.run(Thread.java:1583)
Caused by: java.net.ConnectException: null
	at java.net.http/jdk.internal.net.http.HttpClientImpl.send(HttpClientImpl.java:951)
	at java.net.http/jdk.internal.net.http.HttpClientFacade.send(HttpClientFacade.java:133)
	at dev.langchain4j.http.client.jdk.JdkHttpClient.execute(JdkHttpClient.java:50)
	... 18 common frames omitted
Caused by: java.net.ConnectException: null
	at java.net.http/jdk.internal.net.http.common.Utils.toConnectException(Utils.java:1041)
	at java.net.http/jdk.internal.net.http.PlainHttpConnection.connectAsync(PlainHttpConnection.java:227)
	at java.net.http/jdk.internal.net.http.PlainHttpConnection.checkRetryConnect(PlainHttpConnection.java:280)
	at java.net.http/jdk.internal.net.http.PlainHttpConnection.lambda$connectAsync$2(PlainHttpConnection.java:238)
	at java.base/java.util.concurrent.CompletableFuture.uniHandle(CompletableFuture.java:934)
	at java.base/java.util.concurrent.CompletableFuture$UniHandle.tryFire(CompletableFuture.java:911)
	at java.base/java.util.concurrent.CompletableFuture.postComplete(CompletableFuture.java:510)
	at java.base/java.util.concurrent.CompletableFuture$AsyncSupply.run(CompletableFuture.java:1773)
	... 3 common frames omitted
Caused by: java.nio.channels.ClosedChannelException: null
	at java.base/sun.nio.ch.SocketChannelImpl.ensureOpen(SocketChannelImpl.java:202)
	at java.base/sun.nio.ch.SocketChannelImpl.beginConnect(SocketChannelImpl.java:786)
	at java.base/sun.nio.ch.SocketChannelImpl.connect(SocketChannelImpl.java:874)
	at java.net.http/jdk.internal.net.http.PlainHttpConnection.lambda$connectAsync$1(PlainHttpConnection.java:210)
	at java.base/java.security.AccessController.doPrivileged(AccessController.java:571)
	at java.net.http/jdk.internal.net.http.PlainHttpConnection.connectAsync(PlainHttpConnection.java:212)
	... 9 common frames omitted
2026-03-09 13:44:38.632 [pool-5-thread-3] WARN  dev.langchain4j.internal.RetryUtils - A retriable exception occurred. Remaining retries: 2 of 2
java.lang.RuntimeException: java.net.ConnectException
	at dev.langchain4j.http.client.jdk.JdkHttpClient.execute(JdkHttpClient.java:60)
	at dev.langchain4j.model.ollama.OllamaClient.embed(OllamaClient.java:227)
	at dev.langchain4j.model.ollama.OllamaEmbeddingModel.lambda$embedAll$0(OllamaEmbeddingModel.java:55)
	at dev.langchain4j.internal.ExceptionMapper.withExceptionMapper(ExceptionMapper.java:29)
	at dev.langchain4j.internal.RetryUtils.lambda$withRetryMappingExceptions$1(RetryUtils.java:322)
	at dev.langchain4j.internal.RetryUtils$RetryPolicy.withRetry(RetryUtils.java:204)
	at dev.langchain4j.internal.RetryUtils.withRetry(RetryUtils.java:259)
	at dev.langchain4j.internal.RetryUtils.withRetryMappingExceptions(RetryUtils.java:322)
	at dev.langchain4j.internal.RetryUtils.withRetryMappingExceptions(RetryUtils.java:305)
	at dev.langchain4j.model.ollama.OllamaEmbeddingModel.embedAll(OllamaEmbeddingModel.java:55)
	at dev.langchain4j.model.embedding.EmbeddingModel.embed(EmbeddingModel.java:34)
	at dev.langchain4j.model.embedding.EmbeddingModel.embed(EmbeddingModel.java:24)
	at com.river.LegalAssistant.service.advanced.LegalContentRetriever.retrieveFromVectorStore(LegalContentRetriever.java:111)
	at com.river.LegalAssistant.service.advanced.LegalContentRetriever.retrieve(LegalContentRetriever.java:63)
	at dev.langchain4j.rag.DefaultRetrievalAugmentor.lambda$retrieveFromAll$1(DefaultRetrievalAugmentor.java:193)
	at java.base/java.util.concurrent.CompletableFuture$AsyncSupply.run(CompletableFuture.java:1768)
	at java.base/java.util.concurrent.ThreadPoolExecutor.runWorker(ThreadPoolExecutor.java:1144)
	at java.base/java.util.concurrent.ThreadPoolExecutor$Worker.run(ThreadPoolExecutor.java:642)
	at java.base/java.lang.Thread.run(Thread.java:1583)
Caused by: java.net.ConnectException: null
	at java.net.http/jdk.internal.net.http.HttpClientImpl.send(HttpClientImpl.java:951)
	at java.net.http/jdk.internal.net.http.HttpClientFacade.send(HttpClientFacade.java:133)
	at dev.langchain4j.http.client.jdk.JdkHttpClient.execute(JdkHttpClient.java:50)
	... 18 common frames omitted
Caused by: java.net.ConnectException: null
	at java.net.http/jdk.internal.net.http.common.Utils.toConnectException(Utils.java:1041)
	at java.net.http/jdk.internal.net.http.PlainHttpConnection.connectAsync(PlainHttpConnection.java:227)
	at java.net.http/jdk.internal.net.http.PlainHttpConnection.checkRetryConnect(PlainHttpConnection.java:280)
	at java.net.http/jdk.internal.net.http.PlainHttpConnection.lambda$connectAsync$2(PlainHttpConnection.java:238)
	at java.base/java.util.concurrent.CompletableFuture.uniHandle(CompletableFuture.java:934)
	at java.base/java.util.concurrent.CompletableFuture$UniHandle.tryFire(CompletableFuture.java:911)
	at java.base/java.util.concurrent.CompletableFuture.postComplete(CompletableFuture.java:510)
	at java.base/java.util.concurrent.CompletableFuture$AsyncSupply.run(CompletableFuture.java:1773)
	... 3 common frames omitted
Caused by: java.nio.channels.ClosedChannelException: null
	at java.base/sun.nio.ch.SocketChannelImpl.ensureOpen(SocketChannelImpl.java:202)
	at java.base/sun.nio.ch.SocketChannelImpl.beginConnect(SocketChannelImpl.java:786)
	at java.base/sun.nio.ch.SocketChannelImpl.connect(SocketChannelImpl.java:874)
	at java.net.http/jdk.internal.net.http.PlainHttpConnection.lambda$connectAsync$1(PlainHttpConnection.java:210)
	at java.base/java.security.AccessController.doPrivileged(AccessController.java:571)
	at java.net.http/jdk.internal.net.http.PlainHttpConnection.connectAsync(PlainHttpConnection.java:212)
	... 9 common frames omitted
2026-03-09 13:44:38.635 [pool-5-thread-6] WARN  dev.langchain4j.internal.RetryUtils - A retriable exception occurred. Remaining retries: 1 of 2
java.lang.RuntimeException: java.net.ConnectException
	at dev.langchain4j.http.client.jdk.JdkHttpClient.execute(JdkHttpClient.java:60)
	at dev.langchain4j.model.ollama.OllamaClient.embed(OllamaClient.java:227)
	at dev.langchain4j.model.ollama.OllamaEmbeddingModel.lambda$embedAll$0(OllamaEmbeddingModel.java:55)
	at dev.langchain4j.internal.ExceptionMapper.withExceptionMapper(ExceptionMapper.java:29)
	at dev.langchain4j.internal.RetryUtils.lambda$withRetryMappingExceptions$1(RetryUtils.java:322)
	at dev.langchain4j.internal.RetryUtils$RetryPolicy.withRetry(RetryUtils.java:204)
	at dev.langchain4j.internal.RetryUtils.withRetry(RetryUtils.java:259)
	at dev.langchain4j.internal.RetryUtils.withRetryMappingExceptions(RetryUtils.java:322)
	at dev.langchain4j.internal.RetryUtils.withRetryMappingExceptions(RetryUtils.java:305)
	at dev.langchain4j.model.ollama.OllamaEmbeddingModel.embedAll(OllamaEmbeddingModel.java:55)
	at dev.langchain4j.model.embedding.EmbeddingModel.embed(EmbeddingModel.java:34)
	at dev.langchain4j.model.embedding.EmbeddingModel.embed(EmbeddingModel.java:24)
	at com.river.LegalAssistant.service.advanced.LegalContentRetriever.retrieveFromVectorStore(LegalContentRetriever.java:111)
	at com.river.LegalAssistant.service.advanced.LegalContentRetriever.retrieve(LegalContentRetriever.java:63)
	at dev.langchain4j.rag.DefaultRetrievalAugmentor.lambda$retrieveFromAll$1(DefaultRetrievalAugmentor.java:193)
	at java.base/java.util.concurrent.CompletableFuture$AsyncSupply.run(CompletableFuture.java:1768)
	at java.base/java.util.concurrent.ThreadPoolExecutor.runWorker(ThreadPoolExecutor.java:1144)
	at java.base/java.util.concurrent.ThreadPoolExecutor$Worker.run(ThreadPoolExecutor.java:642)
	at java.base/java.lang.Thread.run(Thread.java:1583)
Caused by: java.net.ConnectException: null
	at java.net.http/jdk.internal.net.http.HttpClientImpl.send(HttpClientImpl.java:951)
	at java.net.http/jdk.internal.net.http.HttpClientFacade.send(HttpClientFacade.java:133)
	at dev.langchain4j.http.client.jdk.JdkHttpClient.execute(JdkHttpClient.java:50)
	... 18 common frames omitted
Caused by: java.net.ConnectException: null
	at java.net.http/jdk.internal.net.http.common.Utils.toConnectException(Utils.java:1041)
	at java.net.http/jdk.internal.net.http.PlainHttpConnection.connectAsync(PlainHttpConnection.java:227)
	at java.net.http/jdk.internal.net.http.PlainHttpConnection.checkRetryConnect(PlainHttpConnection.java:280)
	at java.net.http/jdk.internal.net.http.PlainHttpConnection.lambda$connectAsync$2(PlainHttpConnection.java:238)
	at java.base/java.util.concurrent.CompletableFuture.uniHandle(CompletableFuture.java:934)
	at java.base/java.util.concurrent.CompletableFuture$UniHandle.tryFire(CompletableFuture.java:911)
	at java.base/java.util.concurrent.CompletableFuture.postComplete(CompletableFuture.java:510)
	at java.base/java.util.concurrent.CompletableFuture$AsyncSupply.run(CompletableFuture.java:1773)
	... 3 common frames omitted
Caused by: java.nio.channels.ClosedChannelException: null
	at java.base/sun.nio.ch.SocketChannelImpl.ensureOpen(SocketChannelImpl.java:202)
	at java.base/sun.nio.ch.SocketChannelImpl.beginConnect(SocketChannelImpl.java:786)
	at java.base/sun.nio.ch.SocketChannelImpl.connect(SocketChannelImpl.java:874)
	at java.net.http/jdk.internal.net.http.PlainHttpConnection.lambda$connectAsync$1(PlainHttpConnection.java:210)
	at java.base/java.security.AccessController.doPrivileged(AccessController.java:571)
	at java.net.http/jdk.internal.net.http.PlainHttpConnection.connectAsync(PlainHttpConnection.java:212)
	... 9 common frames omitted
2026-03-09 13:44:38.668 [pool-5-thread-7] WARN  dev.langchain4j.internal.RetryUtils - A retriable exception occurred. Remaining retries: 1 of 2
java.lang.RuntimeException: java.net.ConnectException
	at dev.langchain4j.http.client.jdk.JdkHttpClient.execute(JdkHttpClient.java:60)
	at dev.langchain4j.model.ollama.OllamaClient.embed(OllamaClient.java:227)
	at dev.langchain4j.model.ollama.OllamaEmbeddingModel.lambda$embedAll$0(OllamaEmbeddingModel.java:55)
	at dev.langchain4j.internal.ExceptionMapper.withExceptionMapper(ExceptionMapper.java:29)
	at dev.langchain4j.internal.RetryUtils.lambda$withRetryMappingExceptions$1(RetryUtils.java:322)
	at dev.langchain4j.internal.RetryUtils$RetryPolicy.withRetry(RetryUtils.java:204)
	at dev.langchain4j.internal.RetryUtils.withRetry(RetryUtils.java:259)
	at dev.langchain4j.internal.RetryUtils.withRetryMappingExceptions(RetryUtils.java:322)
	at dev.langchain4j.internal.RetryUtils.withRetryMappingExceptions(RetryUtils.java:305)
	at dev.langchain4j.model.ollama.OllamaEmbeddingModel.embedAll(OllamaEmbeddingModel.java:55)
	at dev.langchain4j.model.embedding.EmbeddingModel.embed(EmbeddingModel.java:34)
	at dev.langchain4j.model.embedding.EmbeddingModel.embed(EmbeddingModel.java:24)
	at com.river.LegalAssistant.service.advanced.LegalContentRetriever.retrieveFromVectorStore(LegalContentRetriever.java:111)
	at com.river.LegalAssistant.service.advanced.LegalContentRetriever.retrieve(LegalContentRetriever.java:63)
	at dev.langchain4j.rag.DefaultRetrievalAugmentor.lambda$retrieveFromAll$1(DefaultRetrievalAugmentor.java:193)
	at java.base/java.util.concurrent.CompletableFuture$AsyncSupply.run(CompletableFuture.java:1768)
	at java.base/java.util.concurrent.ThreadPoolExecutor.runWorker(ThreadPoolExecutor.java:1144)
	at java.base/java.util.concurrent.ThreadPoolExecutor$Worker.run(ThreadPoolExecutor.java:642)
	at java.base/java.lang.Thread.run(Thread.java:1583)
Caused by: java.net.ConnectException: null
	at java.net.http/jdk.internal.net.http.HttpClientImpl.send(HttpClientImpl.java:951)
	at java.net.http/jdk.internal.net.http.HttpClientFacade.send(HttpClientFacade.java:133)
	at dev.langchain4j.http.client.jdk.JdkHttpClient.execute(JdkHttpClient.java:50)
	... 18 common frames omitted
Caused by: java.net.ConnectException: null
	at java.net.http/jdk.internal.net.http.common.Utils.toConnectException(Utils.java:1041)
	at java.net.http/jdk.internal.net.http.PlainHttpConnection.connectAsync(PlainHttpConnection.java:227)
	at java.net.http/jdk.internal.net.http.PlainHttpConnection.checkRetryConnect(PlainHttpConnection.java:280)
	at java.net.http/jdk.internal.net.http.PlainHttpConnection.lambda$connectAsync$2(PlainHttpConnection.java:238)
	at java.base/java.util.concurrent.CompletableFuture.uniHandle(CompletableFuture.java:934)
	at java.base/java.util.concurrent.CompletableFuture$UniHandle.tryFire(CompletableFuture.java:911)
	at java.base/java.util.concurrent.CompletableFuture.postComplete(CompletableFuture.java:510)
	at java.base/java.util.concurrent.CompletableFuture$AsyncSupply.run(CompletableFuture.java:1773)
	... 3 common frames omitted
Caused by: java.nio.channels.ClosedChannelException: null
	at java.base/sun.nio.ch.SocketChannelImpl.ensureOpen(SocketChannelImpl.java:202)
	at java.base/sun.nio.ch.SocketChannelImpl.beginConnect(SocketChannelImpl.java:786)
	at java.base/sun.nio.ch.SocketChannelImpl.connect(SocketChannelImpl.java:874)
	at java.net.http/jdk.internal.net.http.PlainHttpConnection.lambda$connectAsync$1(PlainHttpConnection.java:210)
	at java.base/java.security.AccessController.doPrivileged(AccessController.java:571)
	at java.net.http/jdk.internal.net.http.PlainHttpConnection.connectAsync(PlainHttpConnection.java:212)
	... 9 common frames omitted
2026-03-09 13:44:38.668 [pool-5-thread-4] WARN  dev.langchain4j.internal.RetryUtils - A retriable exception occurred. Remaining retries: 1 of 2
java.lang.RuntimeException: java.net.ConnectException
	at dev.langchain4j.http.client.jdk.JdkHttpClient.execute(JdkHttpClient.java:60)
	at dev.langchain4j.model.ollama.OllamaClient.embed(OllamaClient.java:227)
	at dev.langchain4j.model.ollama.OllamaEmbeddingModel.lambda$embedAll$0(OllamaEmbeddingModel.java:55)
	at dev.langchain4j.internal.ExceptionMapper.withExceptionMapper(ExceptionMapper.java:29)
	at dev.langchain4j.internal.RetryUtils.lambda$withRetryMappingExceptions$1(RetryUtils.java:322)
	at dev.langchain4j.internal.RetryUtils$RetryPolicy.withRetry(RetryUtils.java:204)
	at dev.langchain4j.internal.RetryUtils.withRetry(RetryUtils.java:259)
	at dev.langchain4j.internal.RetryUtils.withRetryMappingExceptions(RetryUtils.java:322)
	at dev.langchain4j.internal.RetryUtils.withRetryMappingExceptions(RetryUtils.java:305)
	at dev.langchain4j.model.ollama.OllamaEmbeddingModel.embedAll(OllamaEmbeddingModel.java:55)
	at dev.langchain4j.model.embedding.EmbeddingModel.embed(EmbeddingModel.java:34)
	at dev.langchain4j.model.embedding.EmbeddingModel.embed(EmbeddingModel.java:24)
	at com.river.LegalAssistant.service.advanced.LegalContentRetriever.retrieveFromVectorStore(LegalContentRetriever.java:111)
	at com.river.LegalAssistant.service.advanced.LegalContentRetriever.retrieve(LegalContentRetriever.java:63)
	at dev.langchain4j.rag.DefaultRetrievalAugmentor.lambda$retrieveFromAll$1(DefaultRetrievalAugmentor.java:193)
	at java.base/java.util.concurrent.CompletableFuture$AsyncSupply.run(CompletableFuture.java:1768)
	at java.base/java.util.concurrent.ThreadPoolExecutor.runWorker(ThreadPoolExecutor.java:1144)
	at java.base/java.util.concurrent.ThreadPoolExecutor$Worker.run(ThreadPoolExecutor.java:642)
	at java.base/java.lang.Thread.run(Thread.java:1583)
Caused by: java.net.ConnectException: null
	at java.net.http/jdk.internal.net.http.HttpClientImpl.send(HttpClientImpl.java:951)
	at java.net.http/jdk.internal.net.http.HttpClientFacade.send(HttpClientFacade.java:133)
	at dev.langchain4j.http.client.jdk.JdkHttpClient.execute(JdkHttpClient.java:50)
	... 18 common frames omitted
Caused by: java.net.ConnectException: null
	at java.net.http/jdk.internal.net.http.common.Utils.toConnectException(Utils.java:1041)
	at java.net.http/jdk.internal.net.http.PlainHttpConnection.connectAsync(PlainHttpConnection.java:227)
	at java.net.http/jdk.internal.net.http.PlainHttpConnection.checkRetryConnect(PlainHttpConnection.java:280)
	at java.net.http/jdk.internal.net.http.PlainHttpConnection.lambda$connectAsync$2(PlainHttpConnection.java:238)
	at java.base/java.util.concurrent.CompletableFuture.uniHandle(CompletableFuture.java:934)
	at java.base/java.util.concurrent.CompletableFuture$UniHandle.tryFire(CompletableFuture.java:911)
	at java.base/java.util.concurrent.CompletableFuture.postComplete(CompletableFuture.java:510)
	at java.base/java.util.concurrent.CompletableFuture$AsyncSupply.run(CompletableFuture.java:1773)
	... 3 common frames omitted
Caused by: java.nio.channels.ClosedChannelException: null
	at java.base/sun.nio.ch.SocketChannelImpl.ensureOpen(SocketChannelImpl.java:202)
	at java.base/sun.nio.ch.SocketChannelImpl.beginConnect(SocketChannelImpl.java:786)
	at java.base/sun.nio.ch.SocketChannelImpl.connect(SocketChannelImpl.java:874)
	at java.net.http/jdk.internal.net.http.PlainHttpConnection.lambda$connectAsync$1(PlainHttpConnection.java:210)
	at java.base/java.security.AccessController.doPrivileged(AccessController.java:571)
	at java.net.http/jdk.internal.net.http.PlainHttpConnection.connectAsync(PlainHttpConnection.java:212)
	... 9 common frames omitted
2026-03-09 13:44:39.140 [pool-5-thread-3] WARN  dev.langchain4j.internal.RetryUtils - A retriable exception occurred. Remaining retries: 1 of 2
java.lang.RuntimeException: java.net.ConnectException
	at dev.langchain4j.http.client.jdk.JdkHttpClient.execute(JdkHttpClient.java:60)
	at dev.langchain4j.model.ollama.OllamaClient.embed(OllamaClient.java:227)
	at dev.langchain4j.model.ollama.OllamaEmbeddingModel.lambda$embedAll$0(OllamaEmbeddingModel.java:55)
	at dev.langchain4j.internal.ExceptionMapper.withExceptionMapper(ExceptionMapper.java:29)
	at dev.langchain4j.internal.RetryUtils.lambda$withRetryMappingExceptions$1(RetryUtils.java:322)
	at dev.langchain4j.internal.RetryUtils$RetryPolicy.withRetry(RetryUtils.java:204)
	at dev.langchain4j.internal.RetryUtils.withRetry(RetryUtils.java:259)
	at dev.langchain4j.internal.RetryUtils.withRetryMappingExceptions(RetryUtils.java:322)
	at dev.langchain4j.internal.RetryUtils.withRetryMappingExceptions(RetryUtils.java:305)
	at dev.langchain4j.model.ollama.OllamaEmbeddingModel.embedAll(OllamaEmbeddingModel.java:55)
	at dev.langchain4j.model.embedding.EmbeddingModel.embed(EmbeddingModel.java:34)
	at dev.langchain4j.model.embedding.EmbeddingModel.embed(EmbeddingModel.java:24)
	at com.river.LegalAssistant.service.advanced.LegalContentRetriever.retrieveFromVectorStore(LegalContentRetriever.java:111)
	at com.river.LegalAssistant.service.advanced.LegalContentRetriever.retrieve(LegalContentRetriever.java:63)
	at dev.langchain4j.rag.DefaultRetrievalAugmentor.lambda$retrieveFromAll$1(DefaultRetrievalAugmentor.java:193)
	at java.base/java.util.concurrent.CompletableFuture$AsyncSupply.run(CompletableFuture.java:1768)
	at java.base/java.util.concurrent.ThreadPoolExecutor.runWorker(ThreadPoolExecutor.java:1144)
	at java.base/java.util.concurrent.ThreadPoolExecutor$Worker.run(ThreadPoolExecutor.java:642)
	at java.base/java.lang.Thread.run(Thread.java:1583)
Caused by: java.net.ConnectException: null
	at java.net.http/jdk.internal.net.http.HttpClientImpl.send(HttpClientImpl.java:951)
	at java.net.http/jdk.internal.net.http.HttpClientFacade.send(HttpClientFacade.java:133)
	at dev.langchain4j.http.client.jdk.JdkHttpClient.execute(JdkHttpClient.java:50)
	... 18 common frames omitted
Caused by: java.net.ConnectException: null
	at java.net.http/jdk.internal.net.http.common.Utils.toConnectException(Utils.java:1041)
	at java.net.http/jdk.internal.net.http.PlainHttpConnection.connectAsync(PlainHttpConnection.java:227)
	at java.net.http/jdk.internal.net.http.PlainHttpConnection.checkRetryConnect(PlainHttpConnection.java:280)
	at java.net.http/jdk.internal.net.http.PlainHttpConnection.lambda$connectAsync$2(PlainHttpConnection.java:238)
	at java.base/java.util.concurrent.CompletableFuture.uniHandle(CompletableFuture.java:934)
	at java.base/java.util.concurrent.CompletableFuture$UniHandle.tryFire(CompletableFuture.java:911)
	at java.base/java.util.concurrent.CompletableFuture.postComplete(CompletableFuture.java:510)
	at java.base/java.util.concurrent.CompletableFuture$AsyncSupply.run(CompletableFuture.java:1773)
	... 3 common frames omitted
Caused by: java.nio.channels.ClosedChannelException: null
	at java.base/sun.nio.ch.SocketChannelImpl.ensureOpen(SocketChannelImpl.java:202)
	at java.base/sun.nio.ch.SocketChannelImpl.beginConnect(SocketChannelImpl.java:786)
	at java.base/sun.nio.ch.SocketChannelImpl.connect(SocketChannelImpl.java:874)
	at java.net.http/jdk.internal.net.http.PlainHttpConnection.lambda$connectAsync$1(PlainHttpConnection.java:210)
	at java.base/java.security.AccessController.doPrivileged(AccessController.java:571)
	at java.net.http/jdk.internal.net.http.PlainHttpConnection.connectAsync(PlainHttpConnection.java:212)
	... 9 common frames omitted
2026-03-09 13:44:44.334 [pool-5-thread-7] INFO  c.r.L.s.a.LegalContentRetriever - 多源检索完成，返回 6 个结果
2026-03-09 13:44:44.334 [pool-5-thread-6] INFO  c.r.L.s.a.LegalContentRetriever - 多源检索完成，返回 6 个结果
2026-03-09 13:44:44.334 [pool-5-thread-5] INFO  c.r.L.s.a.LegalContentRetriever - 多源检索完成，返回 6 个结果
2026-03-09 13:44:44.335 [pool-5-thread-3] INFO  c.r.L.s.a.LegalContentRetriever - 多源检索完成，返回 7 个结果
2026-03-09 13:44:44.335 [pool-5-thread-4] INFO  c.r.L.s.a.LegalContentRetriever - 多源检索完成，返回 6 个结果
2026-03-09 13:44:44.335 [pool-5-thread-1] INFO  c.r.L.s.a.LegalContentRetriever - 多源检索完成，返回 7 个结果
2026-03-09 13:44:44.353 [http-nio-18080-exec-6] INFO  c.r.L.s.a.LegalContentAggregator - 开始聚合法律内容，共 3 个查询，总内容数: 38
2026-03-09 13:44:44.401 [http-nio-18080-exec-6] INFO  c.r.L.s.a.LegalContentAggregator - 内容聚合完成，返回 7 个结果
2026-03-09 13:44:44.401 [http-nio-18080-exec-6] INFO  c.r.L.s.a.LegalContentInjector - 注入法律内容到用户消息，内容数量: 7
2026-03-09 13:44:44.411 [http-nio-18080-exec-6] INFO  c.r.L.s.a.LegalContentInjector - 法律内容注入完成，增强消息长度: 220
2026-03-09 13:44:47.611 [http-nio-18080-exec-6] WARN  c.r.L.service.PromptTemplateService - 模板变量未提供: source
2026-03-09 13:45:06.067 [http-nio-18080-exec-6] INFO  c.r.L.s.a.AdvancedLegalRagService - Advanced RAG answer generated, sessionId=default, sourceCount=7, generationModel=deepseek-chat, durationMs=191016
2026-03-09 13:45:06.073 [http-nio-18080-exec-6] INFO  c.r.L.c.UnifiedChatController - 统一聊天请求处理完成，耗时: 191024 ms
2026-03-09 13:45:06.110 [http-nio-18080-exec-6] INFO  c.r.L.filter.RequestTrackingFilter - [REQUEST_END] traceId=4f27603b, method=POST, uri=/api/v1/chat, status=200, duration=191110ms
2026-03-09 13:45:06.344 [http-nio-18080-exec-7] INFO  c.r.L.c.UnifiedChatController - 收到统一聊天请求: message=违约金和损害赔偿可以同时主张吗？, modelType=UNIFIED, conversationId=null, useKnowledgeBase=true
2026-03-09 13:45:06.345 [http-nio-18080-exec-7] INFO  c.r.L.c.UnifiedChatController - Unified mode routed to Advanced RAG for simple query
2026-03-09 13:45:06.345 [http-nio-18080-exec-7] INFO  c.r.L.s.a.AdvancedLegalRagService - Advanced RAG chat request received, sessionId=default
2026-03-09 13:45:06.345 [http-nio-18080-exec-7] INFO  c.r.L.s.a.LegalQueryTransformer - 转换法律查询: 违约金和损害赔偿可以同时主张吗？
2026-03-09 13:45:08.234 [http-nio-18080-exec-7] WARN  dev.langchain4j.internal.RetryUtils - A retriable exception occurred. Remaining retries: 2 of 2
dev.langchain4j.exception.InternalServerException: {"error":"model requires more system memory (16.7 GiB) than is available (11.6 GiB)"}
	at dev.langchain4j.internal.ExceptionMapper$DefaultExceptionMapper.mapHttpStatusCode(ExceptionMapper.java:56)
	at dev.langchain4j.internal.ExceptionMapper$DefaultExceptionMapper.mapException(ExceptionMapper.java:44)
	at dev.langchain4j.internal.ExceptionMapper.withExceptionMapper(ExceptionMapper.java:31)
	at dev.langchain4j.internal.RetryUtils.lambda$withRetryMappingExceptions$1(RetryUtils.java:322)
	at dev.langchain4j.internal.RetryUtils$RetryPolicy.withRetry(RetryUtils.java:204)
	at dev.langchain4j.internal.RetryUtils.withRetry(RetryUtils.java:259)
	at dev.langchain4j.internal.RetryUtils.withRetryMappingExceptions(RetryUtils.java:322)
	at dev.langchain4j.internal.RetryUtils.withRetryMappingExceptions(RetryUtils.java:305)
	at dev.langchain4j.model.ollama.OllamaChatModel.doChat(OllamaChatModel.java:41)
	at dev.langchain4j.model.chat.ChatModel.chat(ChatModel.java:46)
	at dev.langchain4j.model.chat.ChatModel.chat(ChatModel.java:76)
	at com.river.LegalAssistant.service.advanced.LegalQueryTransformer.generateProfessionalQuery(LegalQueryTransformer.java:139)
	at com.river.LegalAssistant.service.advanced.LegalQueryTransformer.transform(LegalQueryTransformer.java:68)
	at dev.langchain4j.rag.DefaultRetrievalAugmentor.augment(DefaultRetrievalAugmentor.java:148)
	at com.river.LegalAssistant.service.advanced.AdvancedLegalRagService.retrieveContents(AdvancedLegalRagService.java:271)
	at com.river.LegalAssistant.service.advanced.AdvancedLegalRagService.advancedLegalChat(AdvancedLegalRagService.java:115)
	at com.river.LegalAssistant.controller.UnifiedChatController.handleAdvancedRagChat(UnifiedChatController.java:614)
	at com.river.LegalAssistant.controller.UnifiedChatController.handleUnifiedChat(UnifiedChatController.java:652)
	at com.river.LegalAssistant.controller.UnifiedChatController.chat(UnifiedChatController.java:117)
	at java.base/jdk.internal.reflect.DirectMethodHandleAccessor.invoke(DirectMethodHandleAccessor.java:103)
	at java.base/java.lang.reflect.Method.invoke(Method.java:580)
	at org.springframework.web.method.support.InvocableHandlerMethod.doInvoke(InvocableHandlerMethod.java:255)
	at org.springframework.web.method.support.InvocableHandlerMethod.invokeForRequest(InvocableHandlerMethod.java:188)
	at org.springframework.web.servlet.mvc.method.annotation.ServletInvocableHandlerMethod.invokeAndHandle(ServletInvocableHandlerMethod.java:118)
	at org.springframework.web.servlet.mvc.method.annotation.RequestMappingHandlerAdapter.invokeHandlerMethod(RequestMappingHandlerAdapter.java:926)
	at org.springframework.web.servlet.mvc.method.annotation.RequestMappingHandlerAdapter.handleInternal(RequestMappingHandlerAdapter.java:831)
	at org.springframework.web.servlet.mvc.method.AbstractHandlerMethodAdapter.handle(AbstractHandlerMethodAdapter.java:87)
	at org.springframework.web.servlet.DispatcherServlet.doDispatch(DispatcherServlet.java:1089)
	at org.springframework.web.servlet.DispatcherServlet.doService(DispatcherServlet.java:979)
	at org.springframework.web.servlet.FrameworkServlet.processRequest(FrameworkServlet.java:1014)
	at org.springframework.web.servlet.FrameworkServlet.doPost(FrameworkServlet.java:914)
	at jakarta.servlet.http.HttpServlet.service(HttpServlet.java:590)
	at org.springframework.web.servlet.FrameworkServlet.service(FrameworkServlet.java:885)
	at jakarta.servlet.http.HttpServlet.service(HttpServlet.java:658)
	at org.apache.catalina.core.ApplicationFilterChain.internalDoFilter(ApplicationFilterChain.java:195)
	at org.apache.catalina.core.ApplicationFilterChain.doFilter(ApplicationFilterChain.java:140)
	at org.apache.tomcat.websocket.server.WsFilter.doFilter(WsFilter.java:51)
	at org.apache.catalina.core.ApplicationFilterChain.internalDoFilter(ApplicationFilterChain.java:164)
	at org.apache.catalina.core.ApplicationFilterChain.doFilter(ApplicationFilterChain.java:140)
	at org.springframework.web.filter.CorsFilter.doFilterInternal(CorsFilter.java:91)
	at org.springframework.web.filter.OncePerRequestFilter.doFilter(OncePerRequestFilter.java:116)
	at org.apache.catalina.core.ApplicationFilterChain.internalDoFilter(ApplicationFilterChain.java:164)
	at org.apache.catalina.core.ApplicationFilterChain.doFilter(ApplicationFilterChain.java:140)
	at org.springframework.web.filter.OncePerRequestFilter.doFilter(OncePerRequestFilter.java:110)
	at org.apache.catalina.core.ApplicationFilterChain.internalDoFilter(ApplicationFilterChain.java:164)
	at org.apache.catalina.core.ApplicationFilterChain.doFilter(ApplicationFilterChain.java:140)
	at com.river.LegalAssistant.filter.RateLimitFilter.doFilter(RateLimitFilter.java:82)
	at org.apache.catalina.core.ApplicationFilterChain.internalDoFilter(ApplicationFilterChain.java:164)
	at org.apache.catalina.core.ApplicationFilterChain.doFilter(ApplicationFilterChain.java:140)
	at com.river.LegalAssistant.filter.RequestTrackingFilter.doFilter(RequestTrackingFilter.java:51)
	at org.apache.catalina.core.ApplicationFilterChain.internalDoFilter(ApplicationFilterChain.java:164)
	at org.apache.catalina.core.ApplicationFilterChain.doFilter(ApplicationFilterChain.java:140)
	at org.springframework.web.filter.CompositeFilter$VirtualFilterChain.doFilter(CompositeFilter.java:108)
	at org.springframework.security.web.FilterChainProxy.lambda$doFilterInternal$3(FilterChainProxy.java:231)
	at org.springframework.security.web.ObservationFilterChainDecorator$FilterObservation$SimpleFilterObservation.lambda$wrap$1(ObservationFilterChainDecorator.java:479)
	at org.springframework.security.web.ObservationFilterChainDecorator$AroundFilterObservation$SimpleAroundFilterObservation.lambda$wrap$1(ObservationFilterChainDecorator.java:340)
	at org.springframework.security.web.ObservationFilterChainDecorator.lambda$wrapSecured$0(ObservationFilterChainDecorator.java:82)
	at org.springframework.security.web.ObservationFilterChainDecorator$VirtualFilterChain.doFilter(ObservationFilterChainDecorator.java:128)
	at org.springframework.security.web.access.intercept.AuthorizationFilter.doFilter(AuthorizationFilter.java:100)
	at org.springframework.security.web.ObservationFilterChainDecorator$ObservationFilter.wrapFilter(ObservationFilterChainDecorator.java:240)
	at org.springframework.security.web.ObservationFilterChainDecorator$ObservationFilter.doFilter(ObservationFilterChainDecorator.java:227)
	at org.springframework.security.web.ObservationFilterChainDecorator$VirtualFilterChain.doFilter(ObservationFilterChainDecorator.java:137)
	at org.springframework.security.web.access.ExceptionTranslationFilter.doFilter(ExceptionTranslationFilter.java:126)
	at org.springframework.security.web.access.ExceptionTranslationFilter.doFilter(ExceptionTranslationFilter.java:120)
	at org.springframework.security.web.ObservationFilterChainDecorator$ObservationFilter.wrapFilter(ObservationFilterChainDecorator.java:240)
	at org.springframework.security.web.ObservationFilterChainDecorator$ObservationFilter.doFilter(ObservationFilterChainDecorator.java:227)
	at org.springframework.security.web.ObservationFilterChainDecorator$VirtualFilterChain.doFilter(ObservationFilterChainDecorator.java:137)
	at org.springframework.security.web.session.SessionManagementFilter.doFilter(SessionManagementFilter.java:131)
	at org.springframework.security.web.session.SessionManagementFilter.doFilter(SessionManagementFilter.java:85)
	at org.springframework.security.web.ObservationFilterChainDecorator$ObservationFilter.wrapFilter(ObservationFilterChainDecorator.java:240)
	at org.springframework.security.web.ObservationFilterChainDecorator$ObservationFilter.doFilter(ObservationFilterChainDecorator.java:227)
	at org.springframework.security.web.ObservationFilterChainDecorator$VirtualFilterChain.doFilter(ObservationFilterChainDecorator.java:137)
	at org.springframework.security.web.authentication.AnonymousAuthenticationFilter.doFilter(AnonymousAuthenticationFilter.java:100)
	at org.springframework.security.web.ObservationFilterChainDecorator$ObservationFilter.wrapFilter(ObservationFilterChainDecorator.java:240)
	at org.springframework.security.web.ObservationFilterChainDecorator$ObservationFilter.doFilter(ObservationFilterChainDecorator.java:227)
	at org.springframework.security.web.ObservationFilterChainDecorator$VirtualFilterChain.doFilter(ObservationFilterChainDecorator.java:137)
	at org.springframework.security.web.servletapi.SecurityContextHolderAwareRequestFilter.doFilter(SecurityContextHolderAwareRequestFilter.java:179)
	at org.springframework.security.web.ObservationFilterChainDecorator$ObservationFilter.wrapFilter(ObservationFilterChainDecorator.java:240)
	at org.springframework.security.web.ObservationFilterChainDecorator$ObservationFilter.doFilter(ObservationFilterChainDecorator.java:227)
	at org.springframework.security.web.ObservationFilterChainDecorator$VirtualFilterChain.doFilter(ObservationFilterChainDecorator.java:137)
	at org.springframework.security.web.savedrequest.RequestCacheAwareFilter.doFilter(RequestCacheAwareFilter.java:63)
	at org.springframework.security.web.ObservationFilterChainDecorator$ObservationFilter.wrapFilter(ObservationFilterChainDecorator.java:240)
	at org.springframework.security.web.ObservationFilterChainDecorator$ObservationFilter.doFilter(ObservationFilterChainDecorator.java:227)
	at org.springframework.security.web.ObservationFilterChainDecorator$VirtualFilterChain.doFilter(ObservationFilterChainDecorator.java:137)
	at com.river.LegalAssistant.filter.JwtAuthenticationFilter.doFilterInternal(JwtAuthenticationFilter.java:81)
	at org.springframework.web.filter.OncePerRequestFilter.doFilter(OncePerRequestFilter.java:116)
	at org.springframework.security.web.ObservationFilterChainDecorator$ObservationFilter.wrapFilter(ObservationFilterChainDecorator.java:240)
	at org.springframework.security.web.ObservationFilterChainDecorator$ObservationFilter.doFilter(ObservationFilterChainDecorator.java:227)
	at org.springframework.security.web.ObservationFilterChainDecorator$VirtualFilterChain.doFilter(ObservationFilterChainDecorator.java:137)
	at org.springframework.security.web.authentication.logout.LogoutFilter.doFilter(LogoutFilter.java:107)
	at org.springframework.security.web.authentication.logout.LogoutFilter.doFilter(LogoutFilter.java:93)
	at org.springframework.security.web.ObservationFilterChainDecorator$ObservationFilter.wrapFilter(ObservationFilterChainDecorator.java:240)
	at org.springframework.security.web.ObservationFilterChainDecorator$ObservationFilter.doFilter(ObservationFilterChainDecorator.java:227)
	at org.springframework.security.web.ObservationFilterChainDecorator$VirtualFilterChain.doFilter(ObservationFilterChainDecorator.java:137)
	at org.springframework.web.filter.CorsFilter.doFilterInternal(CorsFilter.java:91)
	at org.springframework.web.filter.OncePerRequestFilter.doFilter(OncePerRequestFilter.java:116)
	at org.springframework.security.web.ObservationFilterChainDecorator$ObservationFilter.wrapFilter(ObservationFilterChainDecorator.java:240)
	at org.springframework.security.web.ObservationFilterChainDecorator$ObservationFilter.doFilter(ObservationFilterChainDecorator.java:227)
	at org.springframework.security.web.ObservationFilterChainDecorator$VirtualFilterChain.doFilter(ObservationFilterChainDecorator.java:137)
	at org.springframework.security.web.header.HeaderWriterFilter.doHeadersAfter(HeaderWriterFilter.java:90)
	at org.springframework.security.web.header.HeaderWriterFilter.doFilterInternal(HeaderWriterFilter.java:75)
	at org.springframework.web.filter.OncePerRequestFilter.doFilter(OncePerRequestFilter.java:116)
	at org.springframework.security.web.ObservationFilterChainDecorator$ObservationFilter.wrapFilter(ObservationFilterChainDecorator.java:240)
	at org.springframework.security.web.ObservationFilterChainDecorator$ObservationFilter.doFilter(ObservationFilterChainDecorator.java:227)
	at org.springframework.security.web.ObservationFilterChainDecorator$VirtualFilterChain.doFilter(ObservationFilterChainDecorator.java:137)
	at org.springframework.security.web.context.SecurityContextHolderFilter.doFilter(SecurityContextHolderFilter.java:82)
	at org.springframework.security.web.context.SecurityContextHolderFilter.doFilter(SecurityContextHolderFilter.java:69)
	at org.springframework.security.web.ObservationFilterChainDecorator$ObservationFilter.wrapFilter(ObservationFilterChainDecorator.java:240)
	at org.springframework.security.web.ObservationFilterChainDecorator$ObservationFilter.doFilter(ObservationFilterChainDecorator.java:227)
	at org.springframework.security.web.ObservationFilterChainDecorator$VirtualFilterChain.doFilter(ObservationFilterChainDecorator.java:137)
	at org.springframework.security.web.context.request.async.WebAsyncManagerIntegrationFilter.doFilterInternal(WebAsyncManagerIntegrationFilter.java:62)
	at org.springframework.web.filter.OncePerRequestFilter.doFilter(OncePerRequestFilter.java:116)
	at org.springframework.security.web.ObservationFilterChainDecorator$ObservationFilter.wrapFilter(ObservationFilterChainDecorator.java:240)
	at org.springframework.security.web.ObservationFilterChainDecorator$ObservationFilter.doFilter(ObservationFilterChainDecorator.java:227)
	at org.springframework.security.web.ObservationFilterChainDecorator$VirtualFilterChain.doFilter(ObservationFilterChainDecorator.java:137)
	at org.springframework.security.web.session.DisableEncodeUrlFilter.doFilterInternal(DisableEncodeUrlFilter.java:42)
	at org.springframework.web.filter.OncePerRequestFilter.doFilter(OncePerRequestFilter.java:116)
	at org.springframework.security.web.ObservationFilterChainDecorator$ObservationFilter.wrapFilter(ObservationFilterChainDecorator.java:240)
	at org.springframework.security.web.ObservationFilterChainDecorator$AroundFilterObservation$SimpleAroundFilterObservation.lambda$wrap$0(ObservationFilterChainDecorator.java:323)
	at org.springframework.security.web.ObservationFilterChainDecorator$ObservationFilter.doFilter(ObservationFilterChainDecorator.java:224)
	at org.springframework.security.web.ObservationFilterChainDecorator$VirtualFilterChain.doFilter(ObservationFilterChainDecorator.java:137)
	at org.springframework.security.web.FilterChainProxy.doFilterInternal(FilterChainProxy.java:233)
	at org.springframework.security.web.FilterChainProxy.doFilter(FilterChainProxy.java:191)
	at org.springframework.web.filter.CompositeFilter$VirtualFilterChain.doFilter(CompositeFilter.java:113)
	at org.springframework.web.servlet.handler.HandlerMappingIntrospector.lambda$createCacheFilter$3(HandlerMappingIntrospector.java:195)
	at org.springframework.web.filter.CompositeFilter$VirtualFilterChain.doFilter(CompositeFilter.java:113)
	at org.springframework.web.filter.CompositeFilter.doFilter(CompositeFilter.java:74)
	at org.springframework.security.config.annotation.web.configuration.WebMvcSecurityConfiguration$CompositeFilterChainProxy.doFilter(WebMvcSecurityConfiguration.java:230)
	at org.springframework.web.filter.DelegatingFilterProxy.invokeDelegate(DelegatingFilterProxy.java:352)
	at org.springframework.web.filter.DelegatingFilterProxy.doFilter(DelegatingFilterProxy.java:268)
	at org.apache.catalina.core.ApplicationFilterChain.internalDoFilter(ApplicationFilterChain.java:164)
	at org.apache.catalina.core.ApplicationFilterChain.doFilter(ApplicationFilterChain.java:140)
	at org.springframework.web.filter.RequestContextFilter.doFilterInternal(RequestContextFilter.java:100)
	at org.springframework.web.filter.OncePerRequestFilter.doFilter(OncePerRequestFilter.java:116)
	at org.apache.catalina.core.ApplicationFilterChain.internalDoFilter(ApplicationFilterChain.java:164)
	at org.apache.catalina.core.ApplicationFilterChain.doFilter(ApplicationFilterChain.java:140)
	at org.springframework.web.filter.FormContentFilter.doFilterInternal(FormContentFilter.java:93)
	at org.springframework.web.filter.OncePerRequestFilter.doFilter(OncePerRequestFilter.java:116)
	at org.apache.catalina.core.ApplicationFilterChain.internalDoFilter(ApplicationFilterChain.java:164)
	at org.apache.catalina.core.ApplicationFilterChain.doFilter(ApplicationFilterChain.java:140)
	at org.springframework.web.filter.ServerHttpObservationFilter.doFilterInternal(ServerHttpObservationFilter.java:113)
	at org.springframework.web.filter.OncePerRequestFilter.doFilter(OncePerRequestFilter.java:116)
	at org.apache.catalina.core.ApplicationFilterChain.internalDoFilter(ApplicationFilterChain.java:164)
	at org.apache.catalina.core.ApplicationFilterChain.doFilter(ApplicationFilterChain.java:140)
	at org.springframework.web.filter.CharacterEncodingFilter.doFilterInternal(CharacterEncodingFilter.java:201)
	at org.springframework.web.filter.OncePerRequestFilter.doFilter(OncePerRequestFilter.java:116)
	at org.apache.catalina.core.ApplicationFilterChain.internalDoFilter(ApplicationFilterChain.java:164)
	at org.apache.catalina.core.ApplicationFilterChain.doFilter(ApplicationFilterChain.java:140)
	at org.apache.catalina.core.StandardWrapperValve.invoke(StandardWrapperValve.java:167)
	at org.apache.catalina.core.StandardContextValve.invoke(StandardContextValve.java:90)
	at org.apache.catalina.authenticator.AuthenticatorBase.invoke(AuthenticatorBase.java:483)
	at org.apache.catalina.core.StandardHostValve.invoke(StandardHostValve.java:115)
	at org.apache.catalina.valves.ErrorReportValve.invoke(ErrorReportValve.java:93)
	at org.apache.catalina.core.StandardEngineValve.invoke(StandardEngineValve.java:74)
	at org.apache.catalina.connector.CoyoteAdapter.service(CoyoteAdapter.java:344)
	at org.apache.coyote.http11.Http11Processor.service(Http11Processor.java:384)
	at org.apache.coyote.AbstractProcessorLight.process(AbstractProcessorLight.java:63)
	at org.apache.coyote.AbstractProtocol$ConnectionHandler.process(AbstractProtocol.java:905)
	at org.apache.tomcat.util.net.NioEndpoint$SocketProcessor.doRun(NioEndpoint.java:1741)
	at org.apache.tomcat.util.net.SocketProcessorBase.run(SocketProcessorBase.java:52)
	at org.apache.tomcat.util.threads.ThreadPoolExecutor.runWorker(ThreadPoolExecutor.java:1190)
	at org.apache.tomcat.util.threads.ThreadPoolExecutor$Worker.run(ThreadPoolExecutor.java:659)
	at org.apache.tomcat.util.threads.TaskThread$WrappingRunnable.run(TaskThread.java:63)
	at java.base/java.lang.Thread.run(Thread.java:1583)
Caused by: dev.langchain4j.exception.HttpException: {"error":"model requires more system memory (16.7 GiB) than is available (11.6 GiB)"}
	at dev.langchain4j.http.client.jdk.JdkHttpClient.execute(JdkHttpClient.java:53)
	at dev.langchain4j.model.ollama.OllamaClient.chat(OllamaClient.java:102)
	at dev.langchain4j.model.ollama.OllamaChatModel.lambda$doChat$0(OllamaChatModel.java:41)
	at dev.langchain4j.internal.ExceptionMapper.withExceptionMapper(ExceptionMapper.java:29)
	... 161 common frames omitted
2026-03-09 13:45:09.981 [http-nio-18080-exec-7] WARN  dev.langchain4j.internal.RetryUtils - A retriable exception occurred. Remaining retries: 1 of 2
dev.langchain4j.exception.InternalServerException: {"error":"model requires more system memory (16.7 GiB) than is available (16.0 GiB)"}
	at dev.langchain4j.internal.ExceptionMapper$DefaultExceptionMapper.mapHttpStatusCode(ExceptionMapper.java:56)
	at dev.langchain4j.internal.ExceptionMapper$DefaultExceptionMapper.mapException(ExceptionMapper.java:44)
	at dev.langchain4j.internal.ExceptionMapper.withExceptionMapper(ExceptionMapper.java:31)
	at dev.langchain4j.internal.RetryUtils.lambda$withRetryMappingExceptions$1(RetryUtils.java:322)
	at dev.langchain4j.internal.RetryUtils$RetryPolicy.withRetry(RetryUtils.java:204)
	at dev.langchain4j.internal.RetryUtils.withRetry(RetryUtils.java:259)
	at dev.langchain4j.internal.RetryUtils.withRetryMappingExceptions(RetryUtils.java:322)
	at dev.langchain4j.internal.RetryUtils.withRetryMappingExceptions(RetryUtils.java:305)
	at dev.langchain4j.model.ollama.OllamaChatModel.doChat(OllamaChatModel.java:41)
	at dev.langchain4j.model.chat.ChatModel.chat(ChatModel.java:46)
	at dev.langchain4j.model.chat.ChatModel.chat(ChatModel.java:76)
	at com.river.LegalAssistant.service.advanced.LegalQueryTransformer.generateProfessionalQuery(LegalQueryTransformer.java:139)
	at com.river.LegalAssistant.service.advanced.LegalQueryTransformer.transform(LegalQueryTransformer.java:68)
	at dev.langchain4j.rag.DefaultRetrievalAugmentor.augment(DefaultRetrievalAugmentor.java:148)
	at com.river.LegalAssistant.service.advanced.AdvancedLegalRagService.retrieveContents(AdvancedLegalRagService.java:271)
	at com.river.LegalAssistant.service.advanced.AdvancedLegalRagService.advancedLegalChat(AdvancedLegalRagService.java:115)
	at com.river.LegalAssistant.controller.UnifiedChatController.handleAdvancedRagChat(UnifiedChatController.java:614)
	at com.river.LegalAssistant.controller.UnifiedChatController.handleUnifiedChat(UnifiedChatController.java:652)
	at com.river.LegalAssistant.controller.UnifiedChatController.chat(UnifiedChatController.java:117)
	at java.base/jdk.internal.reflect.DirectMethodHandleAccessor.invoke(DirectMethodHandleAccessor.java:103)
	at java.base/java.lang.reflect.Method.invoke(Method.java:580)
	at org.springframework.web.method.support.InvocableHandlerMethod.doInvoke(InvocableHandlerMethod.java:255)
	at org.springframework.web.method.support.InvocableHandlerMethod.invokeForRequest(InvocableHandlerMethod.java:188)
	at org.springframework.web.servlet.mvc.method.annotation.ServletInvocableHandlerMethod.invokeAndHandle(ServletInvocableHandlerMethod.java:118)
	at org.springframework.web.servlet.mvc.method.annotation.RequestMappingHandlerAdapter.invokeHandlerMethod(RequestMappingHandlerAdapter.java:926)
	at org.springframework.web.servlet.mvc.method.annotation.RequestMappingHandlerAdapter.handleInternal(RequestMappingHandlerAdapter.java:831)
	at org.springframework.web.servlet.mvc.method.AbstractHandlerMethodAdapter.handle(AbstractHandlerMethodAdapter.java:87)
	at org.springframework.web.servlet.DispatcherServlet.doDispatch(DispatcherServlet.java:1089)
	at org.springframework.web.servlet.DispatcherServlet.doService(DispatcherServlet.java:979)
	at org.springframework.web.servlet.FrameworkServlet.processRequest(FrameworkServlet.java:1014)
	at org.springframework.web.servlet.FrameworkServlet.doPost(FrameworkServlet.java:914)
	at jakarta.servlet.http.HttpServlet.service(HttpServlet.java:590)
	at org.springframework.web.servlet.FrameworkServlet.service(FrameworkServlet.java:885)
	at jakarta.servlet.http.HttpServlet.service(HttpServlet.java:658)
	at org.apache.catalina.core.ApplicationFilterChain.internalDoFilter(ApplicationFilterChain.java:195)
	at org.apache.catalina.core.ApplicationFilterChain.doFilter(ApplicationFilterChain.java:140)
	at org.apache.tomcat.websocket.server.WsFilter.doFilter(WsFilter.java:51)
	at org.apache.catalina.core.ApplicationFilterChain.internalDoFilter(ApplicationFilterChain.java:164)
	at org.apache.catalina.core.ApplicationFilterChain.doFilter(ApplicationFilterChain.java:140)
	at org.springframework.web.filter.CorsFilter.doFilterInternal(CorsFilter.java:91)
	at org.springframework.web.filter.OncePerRequestFilter.doFilter(OncePerRequestFilter.java:116)
	at org.apache.catalina.core.ApplicationFilterChain.internalDoFilter(ApplicationFilterChain.java:164)
	at org.apache.catalina.core.ApplicationFilterChain.doFilter(ApplicationFilterChain.java:140)
	at org.springframework.web.filter.OncePerRequestFilter.doFilter(OncePerRequestFilter.java:110)
	at org.apache.catalina.core.ApplicationFilterChain.internalDoFilter(ApplicationFilterChain.java:164)
	at org.apache.catalina.core.ApplicationFilterChain.doFilter(ApplicationFilterChain.java:140)
	at com.river.LegalAssistant.filter.RateLimitFilter.doFilter(RateLimitFilter.java:82)
	at org.apache.catalina.core.ApplicationFilterChain.internalDoFilter(ApplicationFilterChain.java:164)
	at org.apache.catalina.core.ApplicationFilterChain.doFilter(ApplicationFilterChain.java:140)
	at com.river.LegalAssistant.filter.RequestTrackingFilter.doFilter(RequestTrackingFilter.java:51)
	at org.apache.catalina.core.ApplicationFilterChain.internalDoFilter(ApplicationFilterChain.java:164)
	at org.apache.catalina.core.ApplicationFilterChain.doFilter(ApplicationFilterChain.java:140)
	at org.springframework.web.filter.CompositeFilter$VirtualFilterChain.doFilter(CompositeFilter.java:108)
	at org.springframework.security.web.FilterChainProxy.lambda$doFilterInternal$3(FilterChainProxy.java:231)
	at org.springframework.security.web.ObservationFilterChainDecorator$FilterObservation$SimpleFilterObservation.lambda$wrap$1(ObservationFilterChainDecorator.java:479)
	at org.springframework.security.web.ObservationFilterChainDecorator$AroundFilterObservation$SimpleAroundFilterObservation.lambda$wrap$1(ObservationFilterChainDecorator.java:340)
	at org.springframework.security.web.ObservationFilterChainDecorator.lambda$wrapSecured$0(ObservationFilterChainDecorator.java:82)
	at org.springframework.security.web.ObservationFilterChainDecorator$VirtualFilterChain.doFilter(ObservationFilterChainDecorator.java:128)
	at org.springframework.security.web.access.intercept.AuthorizationFilter.doFilter(AuthorizationFilter.java:100)
	at org.springframework.security.web.ObservationFilterChainDecorator$ObservationFilter.wrapFilter(ObservationFilterChainDecorator.java:240)
	at org.springframework.security.web.ObservationFilterChainDecorator$ObservationFilter.doFilter(ObservationFilterChainDecorator.java:227)
	at org.springframework.security.web.ObservationFilterChainDecorator$VirtualFilterChain.doFilter(ObservationFilterChainDecorator.java:137)
	at org.springframework.security.web.access.ExceptionTranslationFilter.doFilter(ExceptionTranslationFilter.java:126)
	at org.springframework.security.web.access.ExceptionTranslationFilter.doFilter(ExceptionTranslationFilter.java:120)
	at org.springframework.security.web.ObservationFilterChainDecorator$ObservationFilter.wrapFilter(ObservationFilterChainDecorator.java:240)
	at org.springframework.security.web.ObservationFilterChainDecorator$ObservationFilter.doFilter(ObservationFilterChainDecorator.java:227)
	at org.springframework.security.web.ObservationFilterChainDecorator$VirtualFilterChain.doFilter(ObservationFilterChainDecorator.java:137)
	at org.springframework.security.web.session.SessionManagementFilter.doFilter(SessionManagementFilter.java:131)
	at org.springframework.security.web.session.SessionManagementFilter.doFilter(SessionManagementFilter.java:85)
	at org.springframework.security.web.ObservationFilterChainDecorator$ObservationFilter.wrapFilter(ObservationFilterChainDecorator.java:240)
	at org.springframework.security.web.ObservationFilterChainDecorator$ObservationFilter.doFilter(ObservationFilterChainDecorator.java:227)
	at org.springframework.security.web.ObservationFilterChainDecorator$VirtualFilterChain.doFilter(ObservationFilterChainDecorator.java:137)
	at org.springframework.security.web.authentication.AnonymousAuthenticationFilter.doFilter(AnonymousAuthenticationFilter.java:100)
	at org.springframework.security.web.ObservationFilterChainDecorator$ObservationFilter.wrapFilter(ObservationFilterChainDecorator.java:240)
	at org.springframework.security.web.ObservationFilterChainDecorator$ObservationFilter.doFilter(ObservationFilterChainDecorator.java:227)
	at org.springframework.security.web.ObservationFilterChainDecorator$VirtualFilterChain.doFilter(ObservationFilterChainDecorator.java:137)
	at org.springframework.security.web.servletapi.SecurityContextHolderAwareRequestFilter.doFilter(SecurityContextHolderAwareRequestFilter.java:179)
	at org.springframework.security.web.ObservationFilterChainDecorator$ObservationFilter.wrapFilter(ObservationFilterChainDecorator.java:240)
	at org.springframework.security.web.ObservationFilterChainDecorator$ObservationFilter.doFilter(ObservationFilterChainDecorator.java:227)
	at org.springframework.security.web.ObservationFilterChainDecorator$VirtualFilterChain.doFilter(ObservationFilterChainDecorator.java:137)
	at org.springframework.security.web.savedrequest.RequestCacheAwareFilter.doFilter(RequestCacheAwareFilter.java:63)
	at org.springframework.security.web.ObservationFilterChainDecorator$ObservationFilter.wrapFilter(ObservationFilterChainDecorator.java:240)
	at org.springframework.security.web.ObservationFilterChainDecorator$ObservationFilter.doFilter(ObservationFilterChainDecorator.java:227)
	at org.springframework.security.web.ObservationFilterChainDecorator$VirtualFilterChain.doFilter(ObservationFilterChainDecorator.java:137)
	at com.river.LegalAssistant.filter.JwtAuthenticationFilter.doFilterInternal(JwtAuthenticationFilter.java:81)
	at org.springframework.web.filter.OncePerRequestFilter.doFilter(OncePerRequestFilter.java:116)
	at org.springframework.security.web.ObservationFilterChainDecorator$ObservationFilter.wrapFilter(ObservationFilterChainDecorator.java:240)
	at org.springframework.security.web.ObservationFilterChainDecorator$ObservationFilter.doFilter(ObservationFilterChainDecorator.java:227)
	at org.springframework.security.web.ObservationFilterChainDecorator$VirtualFilterChain.doFilter(ObservationFilterChainDecorator.java:137)
	at org.springframework.security.web.authentication.logout.LogoutFilter.doFilter(LogoutFilter.java:107)
	at org.springframework.security.web.authentication.logout.LogoutFilter.doFilter(LogoutFilter.java:93)
	at org.springframework.security.web.ObservationFilterChainDecorator$ObservationFilter.wrapFilter(ObservationFilterChainDecorator.java:240)
	at org.springframework.security.web.ObservationFilterChainDecorator$ObservationFilter.doFilter(ObservationFilterChainDecorator.java:227)
	at org.springframework.security.web.ObservationFilterChainDecorator$VirtualFilterChain.doFilter(ObservationFilterChainDecorator.java:137)
	at org.springframework.web.filter.CorsFilter.doFilterInternal(CorsFilter.java:91)
	at org.springframework.web.filter.OncePerRequestFilter.doFilter(OncePerRequestFilter.java:116)
	at org.springframework.security.web.ObservationFilterChainDecorator$ObservationFilter.wrapFilter(ObservationFilterChainDecorator.java:240)
	at org.springframework.security.web.ObservationFilterChainDecorator$ObservationFilter.doFilter(ObservationFilterChainDecorator.java:227)
	at org.springframework.security.web.ObservationFilterChainDecorator$VirtualFilterChain.doFilter(ObservationFilterChainDecorator.java:137)
	at org.springframework.security.web.header.HeaderWriterFilter.doHeadersAfter(HeaderWriterFilter.java:90)
	at org.springframework.security.web.header.HeaderWriterFilter.doFilterInternal(HeaderWriterFilter.java:75)
	at org.springframework.web.filter.OncePerRequestFilter.doFilter(OncePerRequestFilter.java:116)
	at org.springframework.security.web.ObservationFilterChainDecorator$ObservationFilter.wrapFilter(ObservationFilterChainDecorator.java:240)
	at org.springframework.security.web.ObservationFilterChainDecorator$ObservationFilter.doFilter(ObservationFilterChainDecorator.java:227)
	at org.springframework.security.web.ObservationFilterChainDecorator$VirtualFilterChain.doFilter(ObservationFilterChainDecorator.java:137)
	at org.springframework.security.web.context.SecurityContextHolderFilter.doFilter(SecurityContextHolderFilter.java:82)
	at org.springframework.security.web.context.SecurityContextHolderFilter.doFilter(SecurityContextHolderFilter.java:69)
	at org.springframework.security.web.ObservationFilterChainDecorator$ObservationFilter.wrapFilter(ObservationFilterChainDecorator.java:240)
	at org.springframework.security.web.ObservationFilterChainDecorator$ObservationFilter.doFilter(ObservationFilterChainDecorator.java:227)
	at org.springframework.security.web.ObservationFilterChainDecorator$VirtualFilterChain.doFilter(ObservationFilterChainDecorator.java:137)
	at org.springframework.security.web.context.request.async.WebAsyncManagerIntegrationFilter.doFilterInternal(WebAsyncManagerIntegrationFilter.java:62)
	at org.springframework.web.filter.OncePerRequestFilter.doFilter(OncePerRequestFilter.java:116)
	at org.springframework.security.web.ObservationFilterChainDecorator$ObservationFilter.wrapFilter(ObservationFilterChainDecorator.java:240)
	at org.springframework.security.web.ObservationFilterChainDecorator$ObservationFilter.doFilter(ObservationFilterChainDecorator.java:227)
	at org.springframework.security.web.ObservationFilterChainDecorator$VirtualFilterChain.doFilter(ObservationFilterChainDecorator.java:137)
	at org.springframework.security.web.session.DisableEncodeUrlFilter.doFilterInternal(DisableEncodeUrlFilter.java:42)
	at org.springframework.web.filter.OncePerRequestFilter.doFilter(OncePerRequestFilter.java:116)
	at org.springframework.security.web.ObservationFilterChainDecorator$ObservationFilter.wrapFilter(ObservationFilterChainDecorator.java:240)
	at org.springframework.security.web.ObservationFilterChainDecorator$AroundFilterObservation$SimpleAroundFilterObservation.lambda$wrap$0(ObservationFilterChainDecorator.java:323)
	at org.springframework.security.web.ObservationFilterChainDecorator$ObservationFilter.doFilter(ObservationFilterChainDecorator.java:224)
	at org.springframework.security.web.ObservationFilterChainDecorator$VirtualFilterChain.doFilter(ObservationFilterChainDecorator.java:137)
	at org.springframework.security.web.FilterChainProxy.doFilterInternal(FilterChainProxy.java:233)
	at org.springframework.security.web.FilterChainProxy.doFilter(FilterChainProxy.java:191)
	at org.springframework.web.filter.CompositeFilter$VirtualFilterChain.doFilter(CompositeFilter.java:113)
	at org.springframework.web.servlet.handler.HandlerMappingIntrospector.lambda$createCacheFilter$3(HandlerMappingIntrospector.java:195)
	at org.springframework.web.filter.CompositeFilter$VirtualFilterChain.doFilter(CompositeFilter.java:113)
	at org.springframework.web.filter.CompositeFilter.doFilter(CompositeFilter.java:74)
	at org.springframework.security.config.annotation.web.configuration.WebMvcSecurityConfiguration$CompositeFilterChainProxy.doFilter(WebMvcSecurityConfiguration.java:230)
	at org.springframework.web.filter.DelegatingFilterProxy.invokeDelegate(DelegatingFilterProxy.java:352)
	at org.springframework.web.filter.DelegatingFilterProxy.doFilter(DelegatingFilterProxy.java:268)
	at org.apache.catalina.core.ApplicationFilterChain.internalDoFilter(ApplicationFilterChain.java:164)
	at org.apache.catalina.core.ApplicationFilterChain.doFilter(ApplicationFilterChain.java:140)
	at org.springframework.web.filter.RequestContextFilter.doFilterInternal(RequestContextFilter.java:100)
	at org.springframework.web.filter.OncePerRequestFilter.doFilter(OncePerRequestFilter.java:116)
	at org.apache.catalina.core.ApplicationFilterChain.internalDoFilter(ApplicationFilterChain.java:164)
	at org.apache.catalina.core.ApplicationFilterChain.doFilter(ApplicationFilterChain.java:140)
	at org.springframework.web.filter.FormContentFilter.doFilterInternal(FormContentFilter.java:93)
	at org.springframework.web.filter.OncePerRequestFilter.doFilter(OncePerRequestFilter.java:116)
	at org.apache.catalina.core.ApplicationFilterChain.internalDoFilter(ApplicationFilterChain.java:164)
	at org.apache.catalina.core.ApplicationFilterChain.doFilter(ApplicationFilterChain.java:140)
	at org.springframework.web.filter.ServerHttpObservationFilter.doFilterInternal(ServerHttpObservationFilter.java:113)
	at org.springframework.web.filter.OncePerRequestFilter.doFilter(OncePerRequestFilter.java:116)
	at org.apache.catalina.core.ApplicationFilterChain.internalDoFilter(ApplicationFilterChain.java:164)
	at org.apache.catalina.core.ApplicationFilterChain.doFilter(ApplicationFilterChain.java:140)
	at org.springframework.web.filter.CharacterEncodingFilter.doFilterInternal(CharacterEncodingFilter.java:201)
	at org.springframework.web.filter.OncePerRequestFilter.doFilter(OncePerRequestFilter.java:116)
	at org.apache.catalina.core.ApplicationFilterChain.internalDoFilter(ApplicationFilterChain.java:164)
	at org.apache.catalina.core.ApplicationFilterChain.doFilter(ApplicationFilterChain.java:140)
	at org.apache.catalina.core.StandardWrapperValve.invoke(StandardWrapperValve.java:167)
	at org.apache.catalina.core.StandardContextValve.invoke(StandardContextValve.java:90)
	at org.apache.catalina.authenticator.AuthenticatorBase.invoke(AuthenticatorBase.java:483)
	at org.apache.catalina.core.StandardHostValve.invoke(StandardHostValve.java:115)
	at org.apache.catalina.valves.ErrorReportValve.invoke(ErrorReportValve.java:93)
	at org.apache.catalina.core.StandardEngineValve.invoke(StandardEngineValve.java:74)
	at org.apache.catalina.connector.CoyoteAdapter.service(CoyoteAdapter.java:344)
	at org.apache.coyote.http11.Http11Processor.service(Http11Processor.java:384)
	at org.apache.coyote.AbstractProcessorLight.process(AbstractProcessorLight.java:63)
	at org.apache.coyote.AbstractProtocol$ConnectionHandler.process(AbstractProtocol.java:905)
	at org.apache.tomcat.util.net.NioEndpoint$SocketProcessor.doRun(NioEndpoint.java:1741)
	at org.apache.tomcat.util.net.SocketProcessorBase.run(SocketProcessorBase.java:52)
	at org.apache.tomcat.util.threads.ThreadPoolExecutor.runWorker(ThreadPoolExecutor.java:1190)
	at org.apache.tomcat.util.threads.ThreadPoolExecutor$Worker.run(ThreadPoolExecutor.java:659)
	at org.apache.tomcat.util.threads.TaskThread$WrappingRunnable.run(TaskThread.java:63)
	at java.base/java.lang.Thread.run(Thread.java:1583)
Caused by: dev.langchain4j.exception.HttpException: {"error":"model requires more system memory (16.7 GiB) than is available (16.0 GiB)"}
	at dev.langchain4j.http.client.jdk.JdkHttpClient.execute(JdkHttpClient.java:53)
	at dev.langchain4j.model.ollama.OllamaClient.chat(OllamaClient.java:102)
	at dev.langchain4j.model.ollama.OllamaChatModel.lambda$doChat$0(OllamaChatModel.java:41)
	at dev.langchain4j.internal.ExceptionMapper.withExceptionMapper(ExceptionMapper.java:29)
	... 161 common frames omitted
2026-03-09 13:45:12.397 [http-nio-18080-exec-7] WARN  c.r.L.s.a.LegalQueryTransformer - 生成专业查询失败: {"error":"model requires more system memory (17.3 GiB) than is available (17.1 GiB)"}
2026-03-09 13:45:13.668 [http-nio-18080-exec-7] WARN  dev.langchain4j.internal.RetryUtils - A retriable exception occurred. Remaining retries: 2 of 2
dev.langchain4j.exception.InternalServerException: {"error":"model requires more system memory (16.7 GiB) than is available (16.0 GiB)"}
	at dev.langchain4j.internal.ExceptionMapper$DefaultExceptionMapper.mapHttpStatusCode(ExceptionMapper.java:56)
	at dev.langchain4j.internal.ExceptionMapper$DefaultExceptionMapper.mapException(ExceptionMapper.java:44)
	at dev.langchain4j.internal.ExceptionMapper.withExceptionMapper(ExceptionMapper.java:31)
	at dev.langchain4j.internal.RetryUtils.lambda$withRetryMappingExceptions$1(RetryUtils.java:322)
	at dev.langchain4j.internal.RetryUtils$RetryPolicy.withRetry(RetryUtils.java:204)
	at dev.langchain4j.internal.RetryUtils.withRetry(RetryUtils.java:259)
	at dev.langchain4j.internal.RetryUtils.withRetryMappingExceptions(RetryUtils.java:322)
	at dev.langchain4j.internal.RetryUtils.withRetryMappingExceptions(RetryUtils.java:305)
	at dev.langchain4j.model.ollama.OllamaChatModel.doChat(OllamaChatModel.java:41)
	at dev.langchain4j.model.chat.ChatModel.chat(ChatModel.java:46)
	at dev.langchain4j.model.chat.ChatModel.chat(ChatModel.java:76)
	at com.river.LegalAssistant.service.advanced.LegalQueryTransformer.generateSubQuestions(LegalQueryTransformer.java:172)
	at com.river.LegalAssistant.service.advanced.LegalQueryTransformer.transform(LegalQueryTransformer.java:75)
	at dev.langchain4j.rag.DefaultRetrievalAugmentor.augment(DefaultRetrievalAugmentor.java:148)
	at com.river.LegalAssistant.service.advanced.AdvancedLegalRagService.retrieveContents(AdvancedLegalRagService.java:271)
	at com.river.LegalAssistant.service.advanced.AdvancedLegalRagService.advancedLegalChat(AdvancedLegalRagService.java:115)
	at com.river.LegalAssistant.controller.UnifiedChatController.handleAdvancedRagChat(UnifiedChatController.java:614)
	at com.river.LegalAssistant.controller.UnifiedChatController.handleUnifiedChat(UnifiedChatController.java:652)
	at com.river.LegalAssistant.controller.UnifiedChatController.chat(UnifiedChatController.java:117)
	at java.base/jdk.internal.reflect.DirectMethodHandleAccessor.invoke(DirectMethodHandleAccessor.java:103)
	at java.base/java.lang.reflect.Method.invoke(Method.java:580)
	at org.springframework.web.method.support.InvocableHandlerMethod.doInvoke(InvocableHandlerMethod.java:255)
	at org.springframework.web.method.support.InvocableHandlerMethod.invokeForRequest(InvocableHandlerMethod.java:188)
	at org.springframework.web.servlet.mvc.method.annotation.ServletInvocableHandlerMethod.invokeAndHandle(ServletInvocableHandlerMethod.java:118)
	at org.springframework.web.servlet.mvc.method.annotation.RequestMappingHandlerAdapter.invokeHandlerMethod(RequestMappingHandlerAdapter.java:926)
	at org.springframework.web.servlet.mvc.method.annotation.RequestMappingHandlerAdapter.handleInternal(RequestMappingHandlerAdapter.java:831)
	at org.springframework.web.servlet.mvc.method.AbstractHandlerMethodAdapter.handle(AbstractHandlerMethodAdapter.java:87)
	at org.springframework.web.servlet.DispatcherServlet.doDispatch(DispatcherServlet.java:1089)
	at org.springframework.web.servlet.DispatcherServlet.doService(DispatcherServlet.java:979)
	at org.springframework.web.servlet.FrameworkServlet.processRequest(FrameworkServlet.java:1014)
	at org.springframework.web.servlet.FrameworkServlet.doPost(FrameworkServlet.java:914)
	at jakarta.servlet.http.HttpServlet.service(HttpServlet.java:590)
	at org.springframework.web.servlet.FrameworkServlet.service(FrameworkServlet.java:885)
	at jakarta.servlet.http.HttpServlet.service(HttpServlet.java:658)
	at org.apache.catalina.core.ApplicationFilterChain.internalDoFilter(ApplicationFilterChain.java:195)
	at org.apache.catalina.core.ApplicationFilterChain.doFilter(ApplicationFilterChain.java:140)
	at org.apache.tomcat.websocket.server.WsFilter.doFilter(WsFilter.java:51)
	at org.apache.catalina.core.ApplicationFilterChain.internalDoFilter(ApplicationFilterChain.java:164)
	at org.apache.catalina.core.ApplicationFilterChain.doFilter(ApplicationFilterChain.java:140)
	at org.springframework.web.filter.CorsFilter.doFilterInternal(CorsFilter.java:91)
	at org.springframework.web.filter.OncePerRequestFilter.doFilter(OncePerRequestFilter.java:116)
	at org.apache.catalina.core.ApplicationFilterChain.internalDoFilter(ApplicationFilterChain.java:164)
	at org.apache.catalina.core.ApplicationFilterChain.doFilter(ApplicationFilterChain.java:140)
	at org.springframework.web.filter.OncePerRequestFilter.doFilter(OncePerRequestFilter.java:110)
	at org.apache.catalina.core.ApplicationFilterChain.internalDoFilter(ApplicationFilterChain.java:164)
	at org.apache.catalina.core.ApplicationFilterChain.doFilter(ApplicationFilterChain.java:140)
	at com.river.LegalAssistant.filter.RateLimitFilter.doFilter(RateLimitFilter.java:82)
	at org.apache.catalina.core.ApplicationFilterChain.internalDoFilter(ApplicationFilterChain.java:164)
	at org.apache.catalina.core.ApplicationFilterChain.doFilter(ApplicationFilterChain.java:140)
	at com.river.LegalAssistant.filter.RequestTrackingFilter.doFilter(RequestTrackingFilter.java:51)
	at org.apache.catalina.core.ApplicationFilterChain.internalDoFilter(ApplicationFilterChain.java:164)
	at org.apache.catalina.core.ApplicationFilterChain.doFilter(ApplicationFilterChain.java:140)
	at org.springframework.web.filter.CompositeFilter$VirtualFilterChain.doFilter(CompositeFilter.java:108)
	at org.springframework.security.web.FilterChainProxy.lambda$doFilterInternal$3(FilterChainProxy.java:231)
	at org.springframework.security.web.ObservationFilterChainDecorator$FilterObservation$SimpleFilterObservation.lambda$wrap$1(ObservationFilterChainDecorator.java:479)
	at org.springframework.security.web.ObservationFilterChainDecorator$AroundFilterObservation$SimpleAroundFilterObservation.lambda$wrap$1(ObservationFilterChainDecorator.java:340)
	at org.springframework.security.web.ObservationFilterChainDecorator.lambda$wrapSecured$0(ObservationFilterChainDecorator.java:82)
	at org.springframework.security.web.ObservationFilterChainDecorator$VirtualFilterChain.doFilter(ObservationFilterChainDecorator.java:128)
	at org.springframework.security.web.access.intercept.AuthorizationFilter.doFilter(AuthorizationFilter.java:100)
	at org.springframework.security.web.ObservationFilterChainDecorator$ObservationFilter.wrapFilter(ObservationFilterChainDecorator.java:240)
	at org.springframework.security.web.ObservationFilterChainDecorator$ObservationFilter.doFilter(ObservationFilterChainDecorator.java:227)
	at org.springframework.security.web.ObservationFilterChainDecorator$VirtualFilterChain.doFilter(ObservationFilterChainDecorator.java:137)
	at org.springframework.security.web.access.ExceptionTranslationFilter.doFilter(ExceptionTranslationFilter.java:126)
	at org.springframework.security.web.access.ExceptionTranslationFilter.doFilter(ExceptionTranslationFilter.java:120)
	at org.springframework.security.web.ObservationFilterChainDecorator$ObservationFilter.wrapFilter(ObservationFilterChainDecorator.java:240)
	at org.springframework.security.web.ObservationFilterChainDecorator$ObservationFilter.doFilter(ObservationFilterChainDecorator.java:227)
	at org.springframework.security.web.ObservationFilterChainDecorator$VirtualFilterChain.doFilter(ObservationFilterChainDecorator.java:137)
	at org.springframework.security.web.session.SessionManagementFilter.doFilter(SessionManagementFilter.java:131)
	at org.springframework.security.web.session.SessionManagementFilter.doFilter(SessionManagementFilter.java:85)
	at org.springframework.security.web.ObservationFilterChainDecorator$ObservationFilter.wrapFilter(ObservationFilterChainDecorator.java:240)
	at org.springframework.security.web.ObservationFilterChainDecorator$ObservationFilter.doFilter(ObservationFilterChainDecorator.java:227)
	at org.springframework.security.web.ObservationFilterChainDecorator$VirtualFilterChain.doFilter(ObservationFilterChainDecorator.java:137)
	at org.springframework.security.web.authentication.AnonymousAuthenticationFilter.doFilter(AnonymousAuthenticationFilter.java:100)
	at org.springframework.security.web.ObservationFilterChainDecorator$ObservationFilter.wrapFilter(ObservationFilterChainDecorator.java:240)
	at org.springframework.security.web.ObservationFilterChainDecorator$ObservationFilter.doFilter(ObservationFilterChainDecorator.java:227)
	at org.springframework.security.web.ObservationFilterChainDecorator$VirtualFilterChain.doFilter(ObservationFilterChainDecorator.java:137)
	at org.springframework.security.web.servletapi.SecurityContextHolderAwareRequestFilter.doFilter(SecurityContextHolderAwareRequestFilter.java:179)
	at org.springframework.security.web.ObservationFilterChainDecorator$ObservationFilter.wrapFilter(ObservationFilterChainDecorator.java:240)
	at org.springframework.security.web.ObservationFilterChainDecorator$ObservationFilter.doFilter(ObservationFilterChainDecorator.java:227)
	at org.springframework.security.web.ObservationFilterChainDecorator$VirtualFilterChain.doFilter(ObservationFilterChainDecorator.java:137)
	at org.springframework.security.web.savedrequest.RequestCacheAwareFilter.doFilter(RequestCacheAwareFilter.java:63)
	at org.springframework.security.web.ObservationFilterChainDecorator$ObservationFilter.wrapFilter(ObservationFilterChainDecorator.java:240)
	at org.springframework.security.web.ObservationFilterChainDecorator$ObservationFilter.doFilter(ObservationFilterChainDecorator.java:227)
	at org.springframework.security.web.ObservationFilterChainDecorator$VirtualFilterChain.doFilter(ObservationFilterChainDecorator.java:137)
	at com.river.LegalAssistant.filter.JwtAuthenticationFilter.doFilterInternal(JwtAuthenticationFilter.java:81)
	at org.springframework.web.filter.OncePerRequestFilter.doFilter(OncePerRequestFilter.java:116)
	at org.springframework.security.web.ObservationFilterChainDecorator$ObservationFilter.wrapFilter(ObservationFilterChainDecorator.java:240)
	at org.springframework.security.web.ObservationFilterChainDecorator$ObservationFilter.doFilter(ObservationFilterChainDecorator.java:227)
	at org.springframework.security.web.ObservationFilterChainDecorator$VirtualFilterChain.doFilter(ObservationFilterChainDecorator.java:137)
	at org.springframework.security.web.authentication.logout.LogoutFilter.doFilter(LogoutFilter.java:107)
	at org.springframework.security.web.authentication.logout.LogoutFilter.doFilter(LogoutFilter.java:93)
	at org.springframework.security.web.ObservationFilterChainDecorator$ObservationFilter.wrapFilter(ObservationFilterChainDecorator.java:240)
	at org.springframework.security.web.ObservationFilterChainDecorator$ObservationFilter.doFilter(ObservationFilterChainDecorator.java:227)
	at org.springframework.security.web.ObservationFilterChainDecorator$VirtualFilterChain.doFilter(ObservationFilterChainDecorator.java:137)
	at org.springframework.web.filter.CorsFilter.doFilterInternal(CorsFilter.java:91)
	at org.springframework.web.filter.OncePerRequestFilter.doFilter(OncePerRequestFilter.java:116)
	at org.springframework.security.web.ObservationFilterChainDecorator$ObservationFilter.wrapFilter(ObservationFilterChainDecorator.java:240)
	at org.springframework.security.web.ObservationFilterChainDecorator$ObservationFilter.doFilter(ObservationFilterChainDecorator.java:227)
	at org.springframework.security.web.ObservationFilterChainDecorator$VirtualFilterChain.doFilter(ObservationFilterChainDecorator.java:137)
	at org.springframework.security.web.header.HeaderWriterFilter.doHeadersAfter(HeaderWriterFilter.java:90)
	at org.springframework.security.web.header.HeaderWriterFilter.doFilterInternal(HeaderWriterFilter.java:75)
	at org.springframework.web.filter.OncePerRequestFilter.doFilter(OncePerRequestFilter.java:116)
	at org.springframework.security.web.ObservationFilterChainDecorator$ObservationFilter.wrapFilter(ObservationFilterChainDecorator.java:240)
	at org.springframework.security.web.ObservationFilterChainDecorator$ObservationFilter.doFilter(ObservationFilterChainDecorator.java:227)
	at org.springframework.security.web.ObservationFilterChainDecorator$VirtualFilterChain.doFilter(ObservationFilterChainDecorator.java:137)
	at org.springframework.security.web.context.SecurityContextHolderFilter.doFilter(SecurityContextHolderFilter.java:82)
	at org.springframework.security.web.context.SecurityContextHolderFilter.doFilter(SecurityContextHolderFilter.java:69)
	at org.springframework.security.web.ObservationFilterChainDecorator$ObservationFilter.wrapFilter(ObservationFilterChainDecorator.java:240)
	at org.springframework.security.web.ObservationFilterChainDecorator$ObservationFilter.doFilter(ObservationFilterChainDecorator.java:227)
	at org.springframework.security.web.ObservationFilterChainDecorator$VirtualFilterChain.doFilter(ObservationFilterChainDecorator.java:137)
	at org.springframework.security.web.context.request.async.WebAsyncManagerIntegrationFilter.doFilterInternal(WebAsyncManagerIntegrationFilter.java:62)
	at org.springframework.web.filter.OncePerRequestFilter.doFilter(OncePerRequestFilter.java:116)
	at org.springframework.security.web.ObservationFilterChainDecorator$ObservationFilter.wrapFilter(ObservationFilterChainDecorator.java:240)
	at org.springframework.security.web.ObservationFilterChainDecorator$ObservationFilter.doFilter(ObservationFilterChainDecorator.java:227)
	at org.springframework.security.web.ObservationFilterChainDecorator$VirtualFilterChain.doFilter(ObservationFilterChainDecorator.java:137)
	at org.springframework.security.web.session.DisableEncodeUrlFilter.doFilterInternal(DisableEncodeUrlFilter.java:42)
	at org.springframework.web.filter.OncePerRequestFilter.doFilter(OncePerRequestFilter.java:116)
	at org.springframework.security.web.ObservationFilterChainDecorator$ObservationFilter.wrapFilter(ObservationFilterChainDecorator.java:240)
	at org.springframework.security.web.ObservationFilterChainDecorator$AroundFilterObservation$SimpleAroundFilterObservation.lambda$wrap$0(ObservationFilterChainDecorator.java:323)
	at org.springframework.security.web.ObservationFilterChainDecorator$ObservationFilter.doFilter(ObservationFilterChainDecorator.java:224)
	at org.springframework.security.web.ObservationFilterChainDecorator$VirtualFilterChain.doFilter(ObservationFilterChainDecorator.java:137)
	at org.springframework.security.web.FilterChainProxy.doFilterInternal(FilterChainProxy.java:233)
	at org.springframework.security.web.FilterChainProxy.doFilter(FilterChainProxy.java:191)
	at org.springframework.web.filter.CompositeFilter$VirtualFilterChain.doFilter(CompositeFilter.java:113)
	at org.springframework.web.servlet.handler.HandlerMappingIntrospector.lambda$createCacheFilter$3(HandlerMappingIntrospector.java:195)
	at org.springframework.web.filter.CompositeFilter$VirtualFilterChain.doFilter(CompositeFilter.java:113)
	at org.springframework.web.filter.CompositeFilter.doFilter(CompositeFilter.java:74)
	at org.springframework.security.config.annotation.web.configuration.WebMvcSecurityConfiguration$CompositeFilterChainProxy.doFilter(WebMvcSecurityConfiguration.java:230)
	at org.springframework.web.filter.DelegatingFilterProxy.invokeDelegate(DelegatingFilterProxy.java:352)
	at org.springframework.web.filter.DelegatingFilterProxy.doFilter(DelegatingFilterProxy.java:268)
	at org.apache.catalina.core.ApplicationFilterChain.internalDoFilter(ApplicationFilterChain.java:164)
	at org.apache.catalina.core.ApplicationFilterChain.doFilter(ApplicationFilterChain.java:140)
	at org.springframework.web.filter.RequestContextFilter.doFilterInternal(RequestContextFilter.java:100)
	at org.springframework.web.filter.OncePerRequestFilter.doFilter(OncePerRequestFilter.java:116)
	at org.apache.catalina.core.ApplicationFilterChain.internalDoFilter(ApplicationFilterChain.java:164)
	at org.apache.catalina.core.ApplicationFilterChain.doFilter(ApplicationFilterChain.java:140)
	at org.springframework.web.filter.FormContentFilter.doFilterInternal(FormContentFilter.java:93)
	at org.springframework.web.filter.OncePerRequestFilter.doFilter(OncePerRequestFilter.java:116)
	at org.apache.catalina.core.ApplicationFilterChain.internalDoFilter(ApplicationFilterChain.java:164)
	at org.apache.catalina.core.ApplicationFilterChain.doFilter(ApplicationFilterChain.java:140)
	at org.springframework.web.filter.ServerHttpObservationFilter.doFilterInternal(ServerHttpObservationFilter.java:113)
	at org.springframework.web.filter.OncePerRequestFilter.doFilter(OncePerRequestFilter.java:116)
	at org.apache.catalina.core.ApplicationFilterChain.internalDoFilter(ApplicationFilterChain.java:164)
	at org.apache.catalina.core.ApplicationFilterChain.doFilter(ApplicationFilterChain.java:140)
	at org.springframework.web.filter.CharacterEncodingFilter.doFilterInternal(CharacterEncodingFilter.java:201)
	at org.springframework.web.filter.OncePerRequestFilter.doFilter(OncePerRequestFilter.java:116)
	at org.apache.catalina.core.ApplicationFilterChain.internalDoFilter(ApplicationFilterChain.java:164)
	at org.apache.catalina.core.ApplicationFilterChain.doFilter(ApplicationFilterChain.java:140)
	at org.apache.catalina.core.StandardWrapperValve.invoke(StandardWrapperValve.java:167)
	at org.apache.catalina.core.StandardContextValve.invoke(StandardContextValve.java:90)
	at org.apache.catalina.authenticator.AuthenticatorBase.invoke(AuthenticatorBase.java:483)
	at org.apache.catalina.core.StandardHostValve.invoke(StandardHostValve.java:115)
	at org.apache.catalina.valves.ErrorReportValve.invoke(ErrorReportValve.java:93)
	at org.apache.catalina.core.StandardEngineValve.invoke(StandardEngineValve.java:74)
	at org.apache.catalina.connector.CoyoteAdapter.service(CoyoteAdapter.java:344)
	at org.apache.coyote.http11.Http11Processor.service(Http11Processor.java:384)
	at org.apache.coyote.AbstractProcessorLight.process(AbstractProcessorLight.java:63)
	at org.apache.coyote.AbstractProtocol$ConnectionHandler.process(AbstractProtocol.java:905)
	at org.apache.tomcat.util.net.NioEndpoint$SocketProcessor.doRun(NioEndpoint.java:1741)
	at org.apache.tomcat.util.net.SocketProcessorBase.run(SocketProcessorBase.java:52)
	at org.apache.tomcat.util.threads.ThreadPoolExecutor.runWorker(ThreadPoolExecutor.java:1190)
	at org.apache.tomcat.util.threads.ThreadPoolExecutor$Worker.run(ThreadPoolExecutor.java:659)
	at org.apache.tomcat.util.threads.TaskThread$WrappingRunnable.run(TaskThread.java:63)
	at java.base/java.lang.Thread.run(Thread.java:1583)
Caused by: dev.langchain4j.exception.HttpException: {"error":"model requires more system memory (16.7 GiB) than is available (16.0 GiB)"}
	at dev.langchain4j.http.client.jdk.JdkHttpClient.execute(JdkHttpClient.java:53)
	at dev.langchain4j.model.ollama.OllamaClient.chat(OllamaClient.java:102)
	at dev.langchain4j.model.ollama.OllamaChatModel.lambda$doChat$0(OllamaChatModel.java:41)
	at dev.langchain4j.internal.ExceptionMapper.withExceptionMapper(ExceptionMapper.java:29)
	... 161 common frames omitted
2026-03-09 13:45:15.571 [http-nio-18080-exec-7] WARN  dev.langchain4j.internal.RetryUtils - A retriable exception occurred. Remaining retries: 1 of 2
dev.langchain4j.exception.InternalServerException: {"error":"model requires more system memory (16.7 GiB) than is available (16.0 GiB)"}
	at dev.langchain4j.internal.ExceptionMapper$DefaultExceptionMapper.mapHttpStatusCode(ExceptionMapper.java:56)
	at dev.langchain4j.internal.ExceptionMapper$DefaultExceptionMapper.mapException(ExceptionMapper.java:44)
	at dev.langchain4j.internal.ExceptionMapper.withExceptionMapper(ExceptionMapper.java:31)
	at dev.langchain4j.internal.RetryUtils.lambda$withRetryMappingExceptions$1(RetryUtils.java:322)
	at dev.langchain4j.internal.RetryUtils$RetryPolicy.withRetry(RetryUtils.java:204)
	at dev.langchain4j.internal.RetryUtils.withRetry(RetryUtils.java:259)
	at dev.langchain4j.internal.RetryUtils.withRetryMappingExceptions(RetryUtils.java:322)
	at dev.langchain4j.internal.RetryUtils.withRetryMappingExceptions(RetryUtils.java:305)
	at dev.langchain4j.model.ollama.OllamaChatModel.doChat(OllamaChatModel.java:41)
	at dev.langchain4j.model.chat.ChatModel.chat(ChatModel.java:46)
	at dev.langchain4j.model.chat.ChatModel.chat(ChatModel.java:76)
	at com.river.LegalAssistant.service.advanced.LegalQueryTransformer.generateSubQuestions(LegalQueryTransformer.java:172)
	at com.river.LegalAssistant.service.advanced.LegalQueryTransformer.transform(LegalQueryTransformer.java:75)
	at dev.langchain4j.rag.DefaultRetrievalAugmentor.augment(DefaultRetrievalAugmentor.java:148)
	at com.river.LegalAssistant.service.advanced.AdvancedLegalRagService.retrieveContents(AdvancedLegalRagService.java:271)
	at com.river.LegalAssistant.service.advanced.AdvancedLegalRagService.advancedLegalChat(AdvancedLegalRagService.java:115)
	at com.river.LegalAssistant.controller.UnifiedChatController.handleAdvancedRagChat(UnifiedChatController.java:614)
	at com.river.LegalAssistant.controller.UnifiedChatController.handleUnifiedChat(UnifiedChatController.java:652)
	at com.river.LegalAssistant.controller.UnifiedChatController.chat(UnifiedChatController.java:117)
	at java.base/jdk.internal.reflect.DirectMethodHandleAccessor.invoke(DirectMethodHandleAccessor.java:103)
	at java.base/java.lang.reflect.Method.invoke(Method.java:580)
	at org.springframework.web.method.support.InvocableHandlerMethod.doInvoke(InvocableHandlerMethod.java:255)
	at org.springframework.web.method.support.InvocableHandlerMethod.invokeForRequest(InvocableHandlerMethod.java:188)
	at org.springframework.web.servlet.mvc.method.annotation.ServletInvocableHandlerMethod.invokeAndHandle(ServletInvocableHandlerMethod.java:118)
	at org.springframework.web.servlet.mvc.method.annotation.RequestMappingHandlerAdapter.invokeHandlerMethod(RequestMappingHandlerAdapter.java:926)
	at org.springframework.web.servlet.mvc.method.annotation.RequestMappingHandlerAdapter.handleInternal(RequestMappingHandlerAdapter.java:831)
	at org.springframework.web.servlet.mvc.method.AbstractHandlerMethodAdapter.handle(AbstractHandlerMethodAdapter.java:87)
	at org.springframework.web.servlet.DispatcherServlet.doDispatch(DispatcherServlet.java:1089)
	at org.springframework.web.servlet.DispatcherServlet.doService(DispatcherServlet.java:979)
	at org.springframework.web.servlet.FrameworkServlet.processRequest(FrameworkServlet.java:1014)
	at org.springframework.web.servlet.FrameworkServlet.doPost(FrameworkServlet.java:914)
	at jakarta.servlet.http.HttpServlet.service(HttpServlet.java:590)
	at org.springframework.web.servlet.FrameworkServlet.service(FrameworkServlet.java:885)
	at jakarta.servlet.http.HttpServlet.service(HttpServlet.java:658)
	at org.apache.catalina.core.ApplicationFilterChain.internalDoFilter(ApplicationFilterChain.java:195)
	at org.apache.catalina.core.ApplicationFilterChain.doFilter(ApplicationFilterChain.java:140)
	at org.apache.tomcat.websocket.server.WsFilter.doFilter(WsFilter.java:51)
	at org.apache.catalina.core.ApplicationFilterChain.internalDoFilter(ApplicationFilterChain.java:164)
	at org.apache.catalina.core.ApplicationFilterChain.doFilter(ApplicationFilterChain.java:140)
	at org.springframework.web.filter.CorsFilter.doFilterInternal(CorsFilter.java:91)
	at org.springframework.web.filter.OncePerRequestFilter.doFilter(OncePerRequestFilter.java:116)
	at org.apache.catalina.core.ApplicationFilterChain.internalDoFilter(ApplicationFilterChain.java:164)
	at org.apache.catalina.core.ApplicationFilterChain.doFilter(ApplicationFilterChain.java:140)
	at org.springframework.web.filter.OncePerRequestFilter.doFilter(OncePerRequestFilter.java:110)
	at org.apache.catalina.core.ApplicationFilterChain.internalDoFilter(ApplicationFilterChain.java:164)
	at org.apache.catalina.core.ApplicationFilterChain.doFilter(ApplicationFilterChain.java:140)
	at com.river.LegalAssistant.filter.RateLimitFilter.doFilter(RateLimitFilter.java:82)
	at org.apache.catalina.core.ApplicationFilterChain.internalDoFilter(ApplicationFilterChain.java:164)
	at org.apache.catalina.core.ApplicationFilterChain.doFilter(ApplicationFilterChain.java:140)
	at com.river.LegalAssistant.filter.RequestTrackingFilter.doFilter(RequestTrackingFilter.java:51)
	at org.apache.catalina.core.ApplicationFilterChain.internalDoFilter(ApplicationFilterChain.java:164)
	at org.apache.catalina.core.ApplicationFilterChain.doFilter(ApplicationFilterChain.java:140)
	at org.springframework.web.filter.CompositeFilter$VirtualFilterChain.doFilter(CompositeFilter.java:108)
	at org.springframework.security.web.FilterChainProxy.lambda$doFilterInternal$3(FilterChainProxy.java:231)
	at org.springframework.security.web.ObservationFilterChainDecorator$FilterObservation$SimpleFilterObservation.lambda$wrap$1(ObservationFilterChainDecorator.java:479)
	at org.springframework.security.web.ObservationFilterChainDecorator$AroundFilterObservation$SimpleAroundFilterObservation.lambda$wrap$1(ObservationFilterChainDecorator.java:340)
	at org.springframework.security.web.ObservationFilterChainDecorator.lambda$wrapSecured$0(ObservationFilterChainDecorator.java:82)
	at org.springframework.security.web.ObservationFilterChainDecorator$VirtualFilterChain.doFilter(ObservationFilterChainDecorator.java:128)
	at org.springframework.security.web.access.intercept.AuthorizationFilter.doFilter(AuthorizationFilter.java:100)
	at org.springframework.security.web.ObservationFilterChainDecorator$ObservationFilter.wrapFilter(ObservationFilterChainDecorator.java:240)
	at org.springframework.security.web.ObservationFilterChainDecorator$ObservationFilter.doFilter(ObservationFilterChainDecorator.java:227)
	at org.springframework.security.web.ObservationFilterChainDecorator$VirtualFilterChain.doFilter(ObservationFilterChainDecorator.java:137)
	at org.springframework.security.web.access.ExceptionTranslationFilter.doFilter(ExceptionTranslationFilter.java:126)
	at org.springframework.security.web.access.ExceptionTranslationFilter.doFilter(ExceptionTranslationFilter.java:120)
	at org.springframework.security.web.ObservationFilterChainDecorator$ObservationFilter.wrapFilter(ObservationFilterChainDecorator.java:240)
	at org.springframework.security.web.ObservationFilterChainDecorator$ObservationFilter.doFilter(ObservationFilterChainDecorator.java:227)
	at org.springframework.security.web.ObservationFilterChainDecorator$VirtualFilterChain.doFilter(ObservationFilterChainDecorator.java:137)
	at org.springframework.security.web.session.SessionManagementFilter.doFilter(SessionManagementFilter.java:131)
	at org.springframework.security.web.session.SessionManagementFilter.doFilter(SessionManagementFilter.java:85)
	at org.springframework.security.web.ObservationFilterChainDecorator$ObservationFilter.wrapFilter(ObservationFilterChainDecorator.java:240)
	at org.springframework.security.web.ObservationFilterChainDecorator$ObservationFilter.doFilter(ObservationFilterChainDecorator.java:227)
	at org.springframework.security.web.ObservationFilterChainDecorator$VirtualFilterChain.doFilter(ObservationFilterChainDecorator.java:137)
	at org.springframework.security.web.authentication.AnonymousAuthenticationFilter.doFilter(AnonymousAuthenticationFilter.java:100)
	at org.springframework.security.web.ObservationFilterChainDecorator$ObservationFilter.wrapFilter(ObservationFilterChainDecorator.java:240)
	at org.springframework.security.web.ObservationFilterChainDecorator$ObservationFilter.doFilter(ObservationFilterChainDecorator.java:227)
	at org.springframework.security.web.ObservationFilterChainDecorator$VirtualFilterChain.doFilter(ObservationFilterChainDecorator.java:137)
	at org.springframework.security.web.servletapi.SecurityContextHolderAwareRequestFilter.doFilter(SecurityContextHolderAwareRequestFilter.java:179)
	at org.springframework.security.web.ObservationFilterChainDecorator$ObservationFilter.wrapFilter(ObservationFilterChainDecorator.java:240)
	at org.springframework.security.web.ObservationFilterChainDecorator$ObservationFilter.doFilter(ObservationFilterChainDecorator.java:227)
	at org.springframework.security.web.ObservationFilterChainDecorator$VirtualFilterChain.doFilter(ObservationFilterChainDecorator.java:137)
	at org.springframework.security.web.savedrequest.RequestCacheAwareFilter.doFilter(RequestCacheAwareFilter.java:63)
	at org.springframework.security.web.ObservationFilterChainDecorator$ObservationFilter.wrapFilter(ObservationFilterChainDecorator.java:240)
	at org.springframework.security.web.ObservationFilterChainDecorator$ObservationFilter.doFilter(ObservationFilterChainDecorator.java:227)
	at org.springframework.security.web.ObservationFilterChainDecorator$VirtualFilterChain.doFilter(ObservationFilterChainDecorator.java:137)
	at com.river.LegalAssistant.filter.JwtAuthenticationFilter.doFilterInternal(JwtAuthenticationFilter.java:81)
	at org.springframework.web.filter.OncePerRequestFilter.doFilter(OncePerRequestFilter.java:116)
	at org.springframework.security.web.ObservationFilterChainDecorator$ObservationFilter.wrapFilter(ObservationFilterChainDecorator.java:240)
	at org.springframework.security.web.ObservationFilterChainDecorator$ObservationFilter.doFilter(ObservationFilterChainDecorator.java:227)
	at org.springframework.security.web.ObservationFilterChainDecorator$VirtualFilterChain.doFilter(ObservationFilterChainDecorator.java:137)
	at org.springframework.security.web.authentication.logout.LogoutFilter.doFilter(LogoutFilter.java:107)
	at org.springframework.security.web.authentication.logout.LogoutFilter.doFilter(LogoutFilter.java:93)
	at org.springframework.security.web.ObservationFilterChainDecorator$ObservationFilter.wrapFilter(ObservationFilterChainDecorator.java:240)
	at org.springframework.security.web.ObservationFilterChainDecorator$ObservationFilter.doFilter(ObservationFilterChainDecorator.java:227)
	at org.springframework.security.web.ObservationFilterChainDecorator$VirtualFilterChain.doFilter(ObservationFilterChainDecorator.java:137)
	at org.springframework.web.filter.CorsFilter.doFilterInternal(CorsFilter.java:91)
	at org.springframework.web.filter.OncePerRequestFilter.doFilter(OncePerRequestFilter.java:116)
	at org.springframework.security.web.ObservationFilterChainDecorator$ObservationFilter.wrapFilter(ObservationFilterChainDecorator.java:240)
	at org.springframework.security.web.ObservationFilterChainDecorator$ObservationFilter.doFilter(ObservationFilterChainDecorator.java:227)
	at org.springframework.security.web.ObservationFilterChainDecorator$VirtualFilterChain.doFilter(ObservationFilterChainDecorator.java:137)
	at org.springframework.security.web.header.HeaderWriterFilter.doHeadersAfter(HeaderWriterFilter.java:90)
	at org.springframework.security.web.header.HeaderWriterFilter.doFilterInternal(HeaderWriterFilter.java:75)
	at org.springframework.web.filter.OncePerRequestFilter.doFilter(OncePerRequestFilter.java:116)
	at org.springframework.security.web.ObservationFilterChainDecorator$ObservationFilter.wrapFilter(ObservationFilterChainDecorator.java:240)
	at org.springframework.security.web.ObservationFilterChainDecorator$ObservationFilter.doFilter(ObservationFilterChainDecorator.java:227)
	at org.springframework.security.web.ObservationFilterChainDecorator$VirtualFilterChain.doFilter(ObservationFilterChainDecorator.java:137)
	at org.springframework.security.web.context.SecurityContextHolderFilter.doFilter(SecurityContextHolderFilter.java:82)
	at org.springframework.security.web.context.SecurityContextHolderFilter.doFilter(SecurityContextHolderFilter.java:69)
	at org.springframework.security.web.ObservationFilterChainDecorator$ObservationFilter.wrapFilter(ObservationFilterChainDecorator.java:240)
	at org.springframework.security.web.ObservationFilterChainDecorator$ObservationFilter.doFilter(ObservationFilterChainDecorator.java:227)
	at org.springframework.security.web.ObservationFilterChainDecorator$VirtualFilterChain.doFilter(ObservationFilterChainDecorator.java:137)
	at org.springframework.security.web.context.request.async.WebAsyncManagerIntegrationFilter.doFilterInternal(WebAsyncManagerIntegrationFilter.java:62)
	at org.springframework.web.filter.OncePerRequestFilter.doFilter(OncePerRequestFilter.java:116)
	at org.springframework.security.web.ObservationFilterChainDecorator$ObservationFilter.wrapFilter(ObservationFilterChainDecorator.java:240)
	at org.springframework.security.web.ObservationFilterChainDecorator$ObservationFilter.doFilter(ObservationFilterChainDecorator.java:227)
	at org.springframework.security.web.ObservationFilterChainDecorator$VirtualFilterChain.doFilter(ObservationFilterChainDecorator.java:137)
	at org.springframework.security.web.session.DisableEncodeUrlFilter.doFilterInternal(DisableEncodeUrlFilter.java:42)
	at org.springframework.web.filter.OncePerRequestFilter.doFilter(OncePerRequestFilter.java:116)
	at org.springframework.security.web.ObservationFilterChainDecorator$ObservationFilter.wrapFilter(ObservationFilterChainDecorator.java:240)
	at org.springframework.security.web.ObservationFilterChainDecorator$AroundFilterObservation$SimpleAroundFilterObservation.lambda$wrap$0(ObservationFilterChainDecorator.java:323)
	at org.springframework.security.web.ObservationFilterChainDecorator$ObservationFilter.doFilter(ObservationFilterChainDecorator.java:224)
	at org.springframework.security.web.ObservationFilterChainDecorator$VirtualFilterChain.doFilter(ObservationFilterChainDecorator.java:137)
	at org.springframework.security.web.FilterChainProxy.doFilterInternal(FilterChainProxy.java:233)
	at org.springframework.security.web.FilterChainProxy.doFilter(FilterChainProxy.java:191)
	at org.springframework.web.filter.CompositeFilter$VirtualFilterChain.doFilter(CompositeFilter.java:113)
	at org.springframework.web.servlet.handler.HandlerMappingIntrospector.lambda$createCacheFilter$3(HandlerMappingIntrospector.java:195)
	at org.springframework.web.filter.CompositeFilter$VirtualFilterChain.doFilter(CompositeFilter.java:113)
	at org.springframework.web.filter.CompositeFilter.doFilter(CompositeFilter.java:74)
	at org.springframework.security.config.annotation.web.configuration.WebMvcSecurityConfiguration$CompositeFilterChainProxy.doFilter(WebMvcSecurityConfiguration.java:230)
	at org.springframework.web.filter.DelegatingFilterProxy.invokeDelegate(DelegatingFilterProxy.java:352)
	at org.springframework.web.filter.DelegatingFilterProxy.doFilter(DelegatingFilterProxy.java:268)
	at org.apache.catalina.core.ApplicationFilterChain.internalDoFilter(ApplicationFilterChain.java:164)
	at org.apache.catalina.core.ApplicationFilterChain.doFilter(ApplicationFilterChain.java:140)
	at org.springframework.web.filter.RequestContextFilter.doFilterInternal(RequestContextFilter.java:100)
	at org.springframework.web.filter.OncePerRequestFilter.doFilter(OncePerRequestFilter.java:116)
	at org.apache.catalina.core.ApplicationFilterChain.internalDoFilter(ApplicationFilterChain.java:164)
	at org.apache.catalina.core.ApplicationFilterChain.doFilter(ApplicationFilterChain.java:140)
	at org.springframework.web.filter.FormContentFilter.doFilterInternal(FormContentFilter.java:93)
	at org.springframework.web.filter.OncePerRequestFilter.doFilter(OncePerRequestFilter.java:116)
	at org.apache.catalina.core.ApplicationFilterChain.internalDoFilter(ApplicationFilterChain.java:164)
	at org.apache.catalina.core.ApplicationFilterChain.doFilter(ApplicationFilterChain.java:140)
	at org.springframework.web.filter.ServerHttpObservationFilter.doFilterInternal(ServerHttpObservationFilter.java:113)
	at org.springframework.web.filter.OncePerRequestFilter.doFilter(OncePerRequestFilter.java:116)
	at org.apache.catalina.core.ApplicationFilterChain.internalDoFilter(ApplicationFilterChain.java:164)
	at org.apache.catalina.core.ApplicationFilterChain.doFilter(ApplicationFilterChain.java:140)
	at org.springframework.web.filter.CharacterEncodingFilter.doFilterInternal(CharacterEncodingFilter.java:201)
	at org.springframework.web.filter.OncePerRequestFilter.doFilter(OncePerRequestFilter.java:116)
	at org.apache.catalina.core.ApplicationFilterChain.internalDoFilter(ApplicationFilterChain.java:164)
	at org.apache.catalina.core.ApplicationFilterChain.doFilter(ApplicationFilterChain.java:140)
	at org.apache.catalina.core.StandardWrapperValve.invoke(StandardWrapperValve.java:167)
	at org.apache.catalina.core.StandardContextValve.invoke(StandardContextValve.java:90)
	at org.apache.catalina.authenticator.AuthenticatorBase.invoke(AuthenticatorBase.java:483)
	at org.apache.catalina.core.StandardHostValve.invoke(StandardHostValve.java:115)
	at org.apache.catalina.valves.ErrorReportValve.invoke(ErrorReportValve.java:93)
	at org.apache.catalina.core.StandardEngineValve.invoke(StandardEngineValve.java:74)
	at org.apache.catalina.connector.CoyoteAdapter.service(CoyoteAdapter.java:344)
	at org.apache.coyote.http11.Http11Processor.service(Http11Processor.java:384)
	at org.apache.coyote.AbstractProcessorLight.process(AbstractProcessorLight.java:63)
	at org.apache.coyote.AbstractProtocol$ConnectionHandler.process(AbstractProtocol.java:905)
	at org.apache.tomcat.util.net.NioEndpoint$SocketProcessor.doRun(NioEndpoint.java:1741)
	at org.apache.tomcat.util.net.SocketProcessorBase.run(SocketProcessorBase.java:52)
	at org.apache.tomcat.util.threads.ThreadPoolExecutor.runWorker(ThreadPoolExecutor.java:1190)
	at org.apache.tomcat.util.threads.ThreadPoolExecutor$Worker.run(ThreadPoolExecutor.java:659)
	at org.apache.tomcat.util.threads.TaskThread$WrappingRunnable.run(TaskThread.java:63)
	at java.base/java.lang.Thread.run(Thread.java:1583)
Caused by: dev.langchain4j.exception.HttpException: {"error":"model requires more system memory (16.7 GiB) than is available (16.0 GiB)"}
	at dev.langchain4j.http.client.jdk.JdkHttpClient.execute(JdkHttpClient.java:53)
	at dev.langchain4j.model.ollama.OllamaClient.chat(OllamaClient.java:102)
	at dev.langchain4j.model.ollama.OllamaChatModel.lambda$doChat$0(OllamaChatModel.java:41)
	at dev.langchain4j.internal.ExceptionMapper.withExceptionMapper(ExceptionMapper.java:29)
	... 161 common frames omitted
2026-03-09 13:45:17.656 [http-nio-18080-exec-7] WARN  c.r.L.s.a.LegalQueryTransformer - 生成子问题失败: {"error":"model requires more system memory (16.7 GiB) than is available (16.0 GiB)"}
2026-03-09 13:45:17.657 [http-nio-18080-exec-7] INFO  c.r.L.s.a.LegalQueryTransformer - 查询转换完成，原始1个查询扩展为3个查询
2026-03-09 13:45:17.658 [pool-5-thread-8] INFO  c.r.L.s.advanced.LegalQueryRouter - 路由法律查询: 违约金和损害赔偿可以同时主张吗？
2026-03-09 13:45:17.658 [pool-5-thread-9] INFO  c.r.L.s.advanced.LegalQueryRouter - 路由法律查询: 违约责任金和损害损害赔偿可以同时主张吗？
2026-03-09 13:45:17.658 [pool-5-thread-10] INFO  c.r.L.s.advanced.LegalQueryRouter - 路由法律查询: 违约 损害 赔偿
2026-03-09 13:45:18.955 [pool-5-thread-8] WARN  dev.langchain4j.internal.RetryUtils - A retriable exception occurred. Remaining retries: 2 of 2
dev.langchain4j.exception.InternalServerException: {"error":"model requires more system memory (16.7 GiB) than is available (15.9 GiB)"}
	at dev.langchain4j.internal.ExceptionMapper$DefaultExceptionMapper.mapHttpStatusCode(ExceptionMapper.java:56)
	at dev.langchain4j.internal.ExceptionMapper$DefaultExceptionMapper.mapException(ExceptionMapper.java:44)
	at dev.langchain4j.internal.ExceptionMapper.withExceptionMapper(ExceptionMapper.java:31)
	at dev.langchain4j.internal.RetryUtils.lambda$withRetryMappingExceptions$1(RetryUtils.java:322)
	at dev.langchain4j.internal.RetryUtils$RetryPolicy.withRetry(RetryUtils.java:204)
	at dev.langchain4j.internal.RetryUtils.withRetry(RetryUtils.java:259)
	at dev.langchain4j.internal.RetryUtils.withRetryMappingExceptions(RetryUtils.java:322)
	at dev.langchain4j.internal.RetryUtils.withRetryMappingExceptions(RetryUtils.java:305)
	at dev.langchain4j.model.ollama.OllamaChatModel.doChat(OllamaChatModel.java:41)
	at dev.langchain4j.model.chat.ChatModel.chat(ChatModel.java:46)
	at dev.langchain4j.model.chat.ChatModel.chat(ChatModel.java:76)
	at com.river.LegalAssistant.service.advanced.LegalQueryRouter.classifyByAI(LegalQueryRouter.java:147)
	at com.river.LegalAssistant.service.advanced.LegalQueryRouter.analyzeQuery(LegalQueryRouter.java:102)
	at com.river.LegalAssistant.service.advanced.LegalQueryRouter.route(LegalQueryRouter.java:77)
	at dev.langchain4j.rag.DefaultRetrievalAugmentor.lambda$process$1(DefaultRetrievalAugmentor.java:180)
	at java.base/java.util.concurrent.CompletableFuture$AsyncSupply.run(CompletableFuture.java:1768)
	at java.base/java.util.concurrent.ThreadPoolExecutor.runWorker(ThreadPoolExecutor.java:1144)
	at java.base/java.util.concurrent.ThreadPoolExecutor$Worker.run(ThreadPoolExecutor.java:642)
	at java.base/java.lang.Thread.run(Thread.java:1583)
Caused by: dev.langchain4j.exception.HttpException: {"error":"model requires more system memory (16.7 GiB) than is available (15.9 GiB)"}
	at dev.langchain4j.http.client.jdk.JdkHttpClient.execute(JdkHttpClient.java:53)
	at dev.langchain4j.model.ollama.OllamaClient.chat(OllamaClient.java:102)
	at dev.langchain4j.model.ollama.OllamaChatModel.lambda$doChat$0(OllamaChatModel.java:41)
	at dev.langchain4j.internal.ExceptionMapper.withExceptionMapper(ExceptionMapper.java:29)
	... 16 common frames omitted
2026-03-09 13:45:20.133 [pool-5-thread-10] WARN  dev.langchain4j.internal.RetryUtils - A retriable exception occurred. Remaining retries: 2 of 2
dev.langchain4j.exception.InternalServerException: {"error":"model requires more system memory (16.7 GiB) than is available (16.0 GiB)"}
	at dev.langchain4j.internal.ExceptionMapper$DefaultExceptionMapper.mapHttpStatusCode(ExceptionMapper.java:56)
	at dev.langchain4j.internal.ExceptionMapper$DefaultExceptionMapper.mapException(ExceptionMapper.java:44)
	at dev.langchain4j.internal.ExceptionMapper.withExceptionMapper(ExceptionMapper.java:31)
	at dev.langchain4j.internal.RetryUtils.lambda$withRetryMappingExceptions$1(RetryUtils.java:322)
	at dev.langchain4j.internal.RetryUtils$RetryPolicy.withRetry(RetryUtils.java:204)
	at dev.langchain4j.internal.RetryUtils.withRetry(RetryUtils.java:259)
	at dev.langchain4j.internal.RetryUtils.withRetryMappingExceptions(RetryUtils.java:322)
	at dev.langchain4j.internal.RetryUtils.withRetryMappingExceptions(RetryUtils.java:305)
	at dev.langchain4j.model.ollama.OllamaChatModel.doChat(OllamaChatModel.java:41)
	at dev.langchain4j.model.chat.ChatModel.chat(ChatModel.java:46)
	at dev.langchain4j.model.chat.ChatModel.chat(ChatModel.java:76)
	at com.river.LegalAssistant.service.advanced.LegalQueryRouter.classifyByAI(LegalQueryRouter.java:147)
	at com.river.LegalAssistant.service.advanced.LegalQueryRouter.analyzeQuery(LegalQueryRouter.java:102)
	at com.river.LegalAssistant.service.advanced.LegalQueryRouter.route(LegalQueryRouter.java:77)
	at dev.langchain4j.rag.DefaultRetrievalAugmentor.lambda$process$1(DefaultRetrievalAugmentor.java:180)
	at java.base/java.util.concurrent.CompletableFuture$AsyncSupply.run(CompletableFuture.java:1768)
	at java.base/java.util.concurrent.ThreadPoolExecutor.runWorker(ThreadPoolExecutor.java:1144)
	at java.base/java.util.concurrent.ThreadPoolExecutor$Worker.run(ThreadPoolExecutor.java:642)
	at java.base/java.lang.Thread.run(Thread.java:1583)
Caused by: dev.langchain4j.exception.HttpException: {"error":"model requires more system memory (16.7 GiB) than is available (16.0 GiB)"}
	at dev.langchain4j.http.client.jdk.JdkHttpClient.execute(JdkHttpClient.java:53)
	at dev.langchain4j.model.ollama.OllamaClient.chat(OllamaClient.java:102)
	at dev.langchain4j.model.ollama.OllamaChatModel.lambda$doChat$0(OllamaChatModel.java:41)
	at dev.langchain4j.internal.ExceptionMapper.withExceptionMapper(ExceptionMapper.java:29)
	... 16 common frames omitted
2026-03-09 13:45:21.380 [pool-5-thread-9] WARN  dev.langchain4j.internal.RetryUtils - A retriable exception occurred. Remaining retries: 2 of 2
dev.langchain4j.exception.InternalServerException: {"error":"model requires more system memory (16.7 GiB) than is available (15.9 GiB)"}
	at dev.langchain4j.internal.ExceptionMapper$DefaultExceptionMapper.mapHttpStatusCode(ExceptionMapper.java:56)
	at dev.langchain4j.internal.ExceptionMapper$DefaultExceptionMapper.mapException(ExceptionMapper.java:44)
	at dev.langchain4j.internal.ExceptionMapper.withExceptionMapper(ExceptionMapper.java:31)
	at dev.langchain4j.internal.RetryUtils.lambda$withRetryMappingExceptions$1(RetryUtils.java:322)
	at dev.langchain4j.internal.RetryUtils$RetryPolicy.withRetry(RetryUtils.java:204)
	at dev.langchain4j.internal.RetryUtils.withRetry(RetryUtils.java:259)
	at dev.langchain4j.internal.RetryUtils.withRetryMappingExceptions(RetryUtils.java:322)
	at dev.langchain4j.internal.RetryUtils.withRetryMappingExceptions(RetryUtils.java:305)
	at dev.langchain4j.model.ollama.OllamaChatModel.doChat(OllamaChatModel.java:41)
	at dev.langchain4j.model.chat.ChatModel.chat(ChatModel.java:46)
	at dev.langchain4j.model.chat.ChatModel.chat(ChatModel.java:76)
	at com.river.LegalAssistant.service.advanced.LegalQueryRouter.classifyByAI(LegalQueryRouter.java:147)
	at com.river.LegalAssistant.service.advanced.LegalQueryRouter.analyzeQuery(LegalQueryRouter.java:102)
	at com.river.LegalAssistant.service.advanced.LegalQueryRouter.route(LegalQueryRouter.java:77)
	at dev.langchain4j.rag.DefaultRetrievalAugmentor.lambda$process$1(DefaultRetrievalAugmentor.java:180)
	at java.base/java.util.concurrent.CompletableFuture$AsyncSupply.run(CompletableFuture.java:1768)
	at java.base/java.util.concurrent.ThreadPoolExecutor.runWorker(ThreadPoolExecutor.java:1144)
	at java.base/java.util.concurrent.ThreadPoolExecutor$Worker.run(ThreadPoolExecutor.java:642)
	at java.base/java.lang.Thread.run(Thread.java:1583)
Caused by: dev.langchain4j.exception.HttpException: {"error":"model requires more system memory (16.7 GiB) than is available (15.9 GiB)"}
	at dev.langchain4j.http.client.jdk.JdkHttpClient.execute(JdkHttpClient.java:53)
	at dev.langchain4j.model.ollama.OllamaClient.chat(OllamaClient.java:102)
	at dev.langchain4j.model.ollama.OllamaChatModel.lambda$doChat$0(OllamaChatModel.java:41)
	at dev.langchain4j.internal.ExceptionMapper.withExceptionMapper(ExceptionMapper.java:29)
	... 16 common frames omitted
2026-03-09 13:45:22.533 [pool-5-thread-8] WARN  dev.langchain4j.internal.RetryUtils - A retriable exception occurred. Remaining retries: 1 of 2
dev.langchain4j.exception.InternalServerException: {"error":"model requires more system memory (16.7 GiB) than is available (15.9 GiB)"}
	at dev.langchain4j.internal.ExceptionMapper$DefaultExceptionMapper.mapHttpStatusCode(ExceptionMapper.java:56)
	at dev.langchain4j.internal.ExceptionMapper$DefaultExceptionMapper.mapException(ExceptionMapper.java:44)
	at dev.langchain4j.internal.ExceptionMapper.withExceptionMapper(ExceptionMapper.java:31)
	at dev.langchain4j.internal.RetryUtils.lambda$withRetryMappingExceptions$1(RetryUtils.java:322)
	at dev.langchain4j.internal.RetryUtils$RetryPolicy.withRetry(RetryUtils.java:204)
	at dev.langchain4j.internal.RetryUtils.withRetry(RetryUtils.java:259)
	at dev.langchain4j.internal.RetryUtils.withRetryMappingExceptions(RetryUtils.java:322)
	at dev.langchain4j.internal.RetryUtils.withRetryMappingExceptions(RetryUtils.java:305)
	at dev.langchain4j.model.ollama.OllamaChatModel.doChat(OllamaChatModel.java:41)
	at dev.langchain4j.model.chat.ChatModel.chat(ChatModel.java:46)
	at dev.langchain4j.model.chat.ChatModel.chat(ChatModel.java:76)
	at com.river.LegalAssistant.service.advanced.LegalQueryRouter.classifyByAI(LegalQueryRouter.java:147)
	at com.river.LegalAssistant.service.advanced.LegalQueryRouter.analyzeQuery(LegalQueryRouter.java:102)
	at com.river.LegalAssistant.service.advanced.LegalQueryRouter.route(LegalQueryRouter.java:77)
	at dev.langchain4j.rag.DefaultRetrievalAugmentor.lambda$process$1(DefaultRetrievalAugmentor.java:180)
	at java.base/java.util.concurrent.CompletableFuture$AsyncSupply.run(CompletableFuture.java:1768)
	at java.base/java.util.concurrent.ThreadPoolExecutor.runWorker(ThreadPoolExecutor.java:1144)
	at java.base/java.util.concurrent.ThreadPoolExecutor$Worker.run(ThreadPoolExecutor.java:642)
	at java.base/java.lang.Thread.run(Thread.java:1583)
Caused by: dev.langchain4j.exception.HttpException: {"error":"model requires more system memory (16.7 GiB) than is available (15.9 GiB)"}
	at dev.langchain4j.http.client.jdk.JdkHttpClient.execute(JdkHttpClient.java:53)
	at dev.langchain4j.model.ollama.OllamaClient.chat(OllamaClient.java:102)
	at dev.langchain4j.model.ollama.OllamaChatModel.lambda$doChat$0(OllamaChatModel.java:41)
	at dev.langchain4j.internal.ExceptionMapper.withExceptionMapper(ExceptionMapper.java:29)
	... 16 common frames omitted
2026-03-09 13:45:23.647 [pool-5-thread-10] WARN  dev.langchain4j.internal.RetryUtils - A retriable exception occurred. Remaining retries: 1 of 2
dev.langchain4j.exception.InternalServerException: {"error":"model requires more system memory (16.7 GiB) than is available (15.9 GiB)"}
	at dev.langchain4j.internal.ExceptionMapper$DefaultExceptionMapper.mapHttpStatusCode(ExceptionMapper.java:56)
	at dev.langchain4j.internal.ExceptionMapper$DefaultExceptionMapper.mapException(ExceptionMapper.java:44)
	at dev.langchain4j.internal.ExceptionMapper.withExceptionMapper(ExceptionMapper.java:31)
	at dev.langchain4j.internal.RetryUtils.lambda$withRetryMappingExceptions$1(RetryUtils.java:322)
	at dev.langchain4j.internal.RetryUtils$RetryPolicy.withRetry(RetryUtils.java:204)
	at dev.langchain4j.internal.RetryUtils.withRetry(RetryUtils.java:259)
	at dev.langchain4j.internal.RetryUtils.withRetryMappingExceptions(RetryUtils.java:322)
	at dev.langchain4j.internal.RetryUtils.withRetryMappingExceptions(RetryUtils.java:305)
	at dev.langchain4j.model.ollama.OllamaChatModel.doChat(OllamaChatModel.java:41)
	at dev.langchain4j.model.chat.ChatModel.chat(ChatModel.java:46)
	at dev.langchain4j.model.chat.ChatModel.chat(ChatModel.java:76)
	at com.river.LegalAssistant.service.advanced.LegalQueryRouter.classifyByAI(LegalQueryRouter.java:147)
	at com.river.LegalAssistant.service.advanced.LegalQueryRouter.analyzeQuery(LegalQueryRouter.java:102)
	at com.river.LegalAssistant.service.advanced.LegalQueryRouter.route(LegalQueryRouter.java:77)
	at dev.langchain4j.rag.DefaultRetrievalAugmentor.lambda$process$1(DefaultRetrievalAugmentor.java:180)
	at java.base/java.util.concurrent.CompletableFuture$AsyncSupply.run(CompletableFuture.java:1768)
	at java.base/java.util.concurrent.ThreadPoolExecutor.runWorker(ThreadPoolExecutor.java:1144)
	at java.base/java.util.concurrent.ThreadPoolExecutor$Worker.run(ThreadPoolExecutor.java:642)
	at java.base/java.lang.Thread.run(Thread.java:1583)
Caused by: dev.langchain4j.exception.HttpException: {"error":"model requires more system memory (16.7 GiB) than is available (15.9 GiB)"}
	at dev.langchain4j.http.client.jdk.JdkHttpClient.execute(JdkHttpClient.java:53)
	at dev.langchain4j.model.ollama.OllamaClient.chat(OllamaClient.java:102)
	at dev.langchain4j.model.ollama.OllamaChatModel.lambda$doChat$0(OllamaChatModel.java:41)
	at dev.langchain4j.internal.ExceptionMapper.withExceptionMapper(ExceptionMapper.java:29)
	... 16 common frames omitted
2026-03-09 13:45:24.944 [pool-5-thread-9] WARN  dev.langchain4j.internal.RetryUtils - A retriable exception occurred. Remaining retries: 1 of 2
dev.langchain4j.exception.InternalServerException: {"error":"model requires more system memory (16.7 GiB) than is available (16.0 GiB)"}
	at dev.langchain4j.internal.ExceptionMapper$DefaultExceptionMapper.mapHttpStatusCode(ExceptionMapper.java:56)
	at dev.langchain4j.internal.ExceptionMapper$DefaultExceptionMapper.mapException(ExceptionMapper.java:44)
	at dev.langchain4j.internal.ExceptionMapper.withExceptionMapper(ExceptionMapper.java:31)
	at dev.langchain4j.internal.RetryUtils.lambda$withRetryMappingExceptions$1(RetryUtils.java:322)
	at dev.langchain4j.internal.RetryUtils$RetryPolicy.withRetry(RetryUtils.java:204)
	at dev.langchain4j.internal.RetryUtils.withRetry(RetryUtils.java:259)
	at dev.langchain4j.internal.RetryUtils.withRetryMappingExceptions(RetryUtils.java:322)
	at dev.langchain4j.internal.RetryUtils.withRetryMappingExceptions(RetryUtils.java:305)
	at dev.langchain4j.model.ollama.OllamaChatModel.doChat(OllamaChatModel.java:41)
	at dev.langchain4j.model.chat.ChatModel.chat(ChatModel.java:46)
	at dev.langchain4j.model.chat.ChatModel.chat(ChatModel.java:76)
	at com.river.LegalAssistant.service.advanced.LegalQueryRouter.classifyByAI(LegalQueryRouter.java:147)
	at com.river.LegalAssistant.service.advanced.LegalQueryRouter.analyzeQuery(LegalQueryRouter.java:102)
	at com.river.LegalAssistant.service.advanced.LegalQueryRouter.route(LegalQueryRouter.java:77)
	at dev.langchain4j.rag.DefaultRetrievalAugmentor.lambda$process$1(DefaultRetrievalAugmentor.java:180)
	at java.base/java.util.concurrent.CompletableFuture$AsyncSupply.run(CompletableFuture.java:1768)
	at java.base/java.util.concurrent.ThreadPoolExecutor.runWorker(ThreadPoolExecutor.java:1144)
	at java.base/java.util.concurrent.ThreadPoolExecutor$Worker.run(ThreadPoolExecutor.java:642)
	at java.base/java.lang.Thread.run(Thread.java:1583)
Caused by: dev.langchain4j.exception.HttpException: {"error":"model requires more system memory (16.7 GiB) than is available (16.0 GiB)"}
	at dev.langchain4j.http.client.jdk.JdkHttpClient.execute(JdkHttpClient.java:53)
	at dev.langchain4j.model.ollama.OllamaClient.chat(OllamaClient.java:102)
	at dev.langchain4j.model.ollama.OllamaChatModel.lambda$doChat$0(OllamaChatModel.java:41)
	at dev.langchain4j.internal.ExceptionMapper.withExceptionMapper(ExceptionMapper.java:29)
	... 16 common frames omitted
2026-03-09 13:45:26.218 [pool-5-thread-8] WARN  c.r.L.s.advanced.LegalQueryRouter - AI查询分类失败: {"error":"model requires more system memory (16.7 GiB) than is available (15.5 GiB)"}
2026-03-09 13:45:26.218 [pool-5-thread-8] INFO  c.r.L.s.advanced.LegalQueryRouter - 为查询类型 CONTRACT_ANALYSIS 选择了 2 个检索器
2026-03-09 13:45:26.219 [pool-5-thread-11] INFO  c.r.L.s.a.LegalContentRetriever - 多源检索法律内容: 违约金和损害赔偿可以同时主张吗？
2026-03-09 13:45:26.220 [pool-5-thread-12] INFO  c.r.L.s.a.LegalContentRetriever - 多源检索法律内容: 违约金和损害赔偿可以同时主张吗？
2026-03-09 13:45:27.336 [pool-5-thread-10] WARN  c.r.L.s.advanced.LegalQueryRouter - AI查询分类失败: {"error":"model requires more system memory (16.7 GiB) than is available (15.5 GiB)"}
2026-03-09 13:45:27.336 [pool-5-thread-10] INFO  c.r.L.s.advanced.LegalQueryRouter - 为查询类型 CONTRACT_ANALYSIS 选择了 2 个检索器
2026-03-09 13:45:27.337 [pool-5-thread-14] INFO  c.r.L.s.a.LegalContentRetriever - 多源检索法律内容: 违约 损害 赔偿
2026-03-09 13:45:27.338 [pool-5-thread-13] INFO  c.r.L.s.a.LegalContentRetriever - 多源检索法律内容: 违约 损害 赔偿
2026-03-09 13:45:28.453 [pool-5-thread-9] WARN  c.r.L.s.advanced.LegalQueryRouter - AI查询分类失败: {"error":"model requires more system memory (16.7 GiB) than is available (15.5 GiB)"}
2026-03-09 13:45:28.454 [pool-5-thread-9] INFO  c.r.L.s.advanced.LegalQueryRouter - 为查询类型 CONTRACT_ANALYSIS 选择了 2 个检索器
2026-03-09 13:45:28.454 [pool-5-thread-15] INFO  c.r.L.s.a.LegalContentRetriever - 多源检索法律内容: 违约责任金和损害损害赔偿可以同时主张吗？
2026-03-09 13:45:28.454 [pool-5-thread-16] INFO  c.r.L.s.a.LegalContentRetriever - 多源检索法律内容: 违约责任金和损害损害赔偿可以同时主张吗？
2026-03-09 13:45:29.534 [pool-5-thread-11] INFO  c.r.L.s.a.LegalContentRetriever - 多源检索完成，返回 6 个结果
2026-03-09 13:45:29.565 [pool-5-thread-14] INFO  c.r.L.s.a.LegalContentRetriever - 多源检索完成，返回 6 个结果
2026-03-09 13:45:29.578 [pool-5-thread-12] INFO  c.r.L.s.a.LegalContentRetriever - 多源检索完成，返回 6 个结果
2026-03-09 13:45:29.598 [pool-5-thread-15] INFO  c.r.L.s.a.LegalContentRetriever - 多源检索完成，返回 6 个结果
2026-03-09 13:45:29.605 [pool-5-thread-13] INFO  c.r.L.s.a.LegalContentRetriever - 多源检索完成，返回 6 个结果
2026-03-09 13:45:29.606 [pool-5-thread-16] INFO  c.r.L.s.a.LegalContentRetriever - 多源检索完成，返回 6 个结果
2026-03-09 13:45:29.607 [http-nio-18080-exec-7] INFO  c.r.L.s.a.LegalContentAggregator - 开始聚合法律内容，共 3 个查询，总内容数: 36
2026-03-09 13:45:29.614 [http-nio-18080-exec-7] INFO  c.r.L.s.a.LegalContentAggregator - 内容聚合完成，返回 6 个结果
2026-03-09 13:45:29.614 [http-nio-18080-exec-7] INFO  c.r.L.s.a.LegalContentInjector - 注入法律内容到用户消息，内容数量: 6
2026-03-09 13:45:29.616 [http-nio-18080-exec-7] INFO  c.r.L.s.a.LegalContentInjector - 法律内容注入完成，增强消息长度: 271
2026-03-09 13:45:33.879 [http-nio-18080-exec-7] WARN  c.r.L.service.PromptTemplateService - 模板变量未提供: source
2026-03-09 13:45:55.176 [http-nio-18080-exec-7] INFO  c.r.L.s.a.AdvancedLegalRagService - Advanced RAG answer generated, sessionId=default, sourceCount=6, generationModel=deepseek-chat, durationMs=48831
2026-03-09 13:45:55.176 [http-nio-18080-exec-7] INFO  c.r.L.c.UnifiedChatController - 统一聊天请求处理完成，耗时: 48832 ms
2026-03-09 13:45:55.179 [http-nio-18080-exec-7] INFO  c.r.L.filter.RequestTrackingFilter - [REQUEST_END] traceId=40f02dca, method=POST, uri=/api/v1/chat, status=200, duration=48846ms
2026-03-09 13:45:55.206 [http-nio-18080-exec-9] INFO  c.r.L.c.UnifiedChatController - 收到统一聊天请求: message=如果合同中同时约定了违约金和继续履行义务，乙方违约后甲方可以如何组合主张？, modelType=UNIFIED, conversationId=null, useKnowledgeBase=true
2026-03-09 13:45:55.207 [http-nio-18080-exec-9] INFO  c.r.L.c.UnifiedChatController - Unified mode routed to Advanced Agent for complex analysis
2026-03-09 13:45:59.541 [http-nio-18080-exec-9] INFO  c.r.L.service.AgentService - 处理法律咨询请求: 如果合同中同时约定了违约金和继续履行义务，乙方违约后甲方可以如何组合主张？, 会话ID: default
2026-03-09 13:45:59.542 [http-nio-18080-exec-9] INFO  c.r.L.service.AgentService - ✅ 使用 DeepSeek 高级模型处理请求（详细版），会话: default
2026-03-09 13:46:46.022 [http-nio-18080-exec-9] INFO  c.r.L.service.AgentService - ✅ DeepSeek响应成功，响应长度: 2123
2026-03-09 13:46:46.022 [http-nio-18080-exec-9] INFO  c.r.L.service.AgentService - 📊 最终使用模型: DeepSeek AI Agent (deepseek-chat), 会话: default
2026-03-09 13:46:46.023 [http-nio-18080-exec-9] INFO  c.r.L.c.UnifiedChatController - 统一聊天请求处理完成，耗时: 50817 ms
2026-03-09 13:46:46.025 [http-nio-18080-exec-9] INFO  c.r.L.filter.RequestTrackingFilter - [REQUEST_END] traceId=da1957fc, method=POST, uri=/api/v1/chat, status=200, duration=50820ms
2026-03-09 13:46:46.039 [http-nio-18080-exec-8] INFO  c.r.L.c.UnifiedChatController - 收到统一聊天请求: message=迟延履行责任在知识库里对应哪些处理原则？, modelType=ADVANCED_RAG, conversationId=null, useKnowledgeBase=true
2026-03-09 13:46:46.040 [http-nio-18080-exec-8] INFO  c.r.L.s.a.AdvancedLegalRagService - Advanced RAG chat request received, sessionId=default
2026-03-09 13:46:46.040 [http-nio-18080-exec-8] INFO  c.r.L.s.a.LegalQueryTransformer - 转换法律查询: 迟延履行责任在知识库里对应哪些处理原则？
2026-03-09 13:46:47.624 [http-nio-18080-exec-8] WARN  dev.langchain4j.internal.RetryUtils - A retriable exception occurred. Remaining retries: 2 of 2
dev.langchain4j.exception.InternalServerException: {"error":"model requires more system memory (16.7 GiB) than is available (13.1 GiB)"}
	at dev.langchain4j.internal.ExceptionMapper$DefaultExceptionMapper.mapHttpStatusCode(ExceptionMapper.java:56)
	at dev.langchain4j.internal.ExceptionMapper$DefaultExceptionMapper.mapException(ExceptionMapper.java:44)
	at dev.langchain4j.internal.ExceptionMapper.withExceptionMapper(ExceptionMapper.java:31)
	at dev.langchain4j.internal.RetryUtils.lambda$withRetryMappingExceptions$1(RetryUtils.java:322)
	at dev.langchain4j.internal.RetryUtils$RetryPolicy.withRetry(RetryUtils.java:204)
	at dev.langchain4j.internal.RetryUtils.withRetry(RetryUtils.java:259)
	at dev.langchain4j.internal.RetryUtils.withRetryMappingExceptions(RetryUtils.java:322)
	at dev.langchain4j.internal.RetryUtils.withRetryMappingExceptions(RetryUtils.java:305)
	at dev.langchain4j.model.ollama.OllamaChatModel.doChat(OllamaChatModel.java:41)
	at dev.langchain4j.model.chat.ChatModel.chat(ChatModel.java:46)
	at dev.langchain4j.model.chat.ChatModel.chat(ChatModel.java:76)
	at com.river.LegalAssistant.service.advanced.LegalQueryTransformer.generateProfessionalQuery(LegalQueryTransformer.java:139)
	at com.river.LegalAssistant.service.advanced.LegalQueryTransformer.transform(LegalQueryTransformer.java:68)
	at dev.langchain4j.rag.DefaultRetrievalAugmentor.augment(DefaultRetrievalAugmentor.java:148)
	at com.river.LegalAssistant.service.advanced.AdvancedLegalRagService.retrieveContents(AdvancedLegalRagService.java:271)
	at com.river.LegalAssistant.service.advanced.AdvancedLegalRagService.advancedLegalChat(AdvancedLegalRagService.java:115)
	at com.river.LegalAssistant.controller.UnifiedChatController.handleAdvancedRagChat(UnifiedChatController.java:614)
	at com.river.LegalAssistant.controller.UnifiedChatController.chat(UnifiedChatController.java:116)
	at java.base/jdk.internal.reflect.DirectMethodHandleAccessor.invoke(DirectMethodHandleAccessor.java:103)
	at java.base/java.lang.reflect.Method.invoke(Method.java:580)
	at org.springframework.web.method.support.InvocableHandlerMethod.doInvoke(InvocableHandlerMethod.java:255)
	at org.springframework.web.method.support.InvocableHandlerMethod.invokeForRequest(InvocableHandlerMethod.java:188)
	at org.springframework.web.servlet.mvc.method.annotation.ServletInvocableHandlerMethod.invokeAndHandle(ServletInvocableHandlerMethod.java:118)
	at org.springframework.web.servlet.mvc.method.annotation.RequestMappingHandlerAdapter.invokeHandlerMethod(RequestMappingHandlerAdapter.java:926)
	at org.springframework.web.servlet.mvc.method.annotation.RequestMappingHandlerAdapter.handleInternal(RequestMappingHandlerAdapter.java:831)
	at org.springframework.web.servlet.mvc.method.AbstractHandlerMethodAdapter.handle(AbstractHandlerMethodAdapter.java:87)
	at org.springframework.web.servlet.DispatcherServlet.doDispatch(DispatcherServlet.java:1089)
	at org.springframework.web.servlet.DispatcherServlet.doService(DispatcherServlet.java:979)
	at org.springframework.web.servlet.FrameworkServlet.processRequest(FrameworkServlet.java:1014)
	at org.springframework.web.servlet.FrameworkServlet.doPost(FrameworkServlet.java:914)
	at jakarta.servlet.http.HttpServlet.service(HttpServlet.java:590)
	at org.springframework.web.servlet.FrameworkServlet.service(FrameworkServlet.java:885)
	at jakarta.servlet.http.HttpServlet.service(HttpServlet.java:658)
	at org.apache.catalina.core.ApplicationFilterChain.internalDoFilter(ApplicationFilterChain.java:195)
	at org.apache.catalina.core.ApplicationFilterChain.doFilter(ApplicationFilterChain.java:140)
	at org.apache.tomcat.websocket.server.WsFilter.doFilter(WsFilter.java:51)
	at org.apache.catalina.core.ApplicationFilterChain.internalDoFilter(ApplicationFilterChain.java:164)
	at org.apache.catalina.core.ApplicationFilterChain.doFilter(ApplicationFilterChain.java:140)
	at org.springframework.web.filter.CorsFilter.doFilterInternal(CorsFilter.java:91)
	at org.springframework.web.filter.OncePerRequestFilter.doFilter(OncePerRequestFilter.java:116)
	at org.apache.catalina.core.ApplicationFilterChain.internalDoFilter(ApplicationFilterChain.java:164)
	at org.apache.catalina.core.ApplicationFilterChain.doFilter(ApplicationFilterChain.java:140)
	at org.springframework.web.filter.OncePerRequestFilter.doFilter(OncePerRequestFilter.java:110)
	at org.apache.catalina.core.ApplicationFilterChain.internalDoFilter(ApplicationFilterChain.java:164)
	at org.apache.catalina.core.ApplicationFilterChain.doFilter(ApplicationFilterChain.java:140)
	at com.river.LegalAssistant.filter.RateLimitFilter.doFilter(RateLimitFilter.java:82)
	at org.apache.catalina.core.ApplicationFilterChain.internalDoFilter(ApplicationFilterChain.java:164)
	at org.apache.catalina.core.ApplicationFilterChain.doFilter(ApplicationFilterChain.java:140)
	at com.river.LegalAssistant.filter.RequestTrackingFilter.doFilter(RequestTrackingFilter.java:51)
	at org.apache.catalina.core.ApplicationFilterChain.internalDoFilter(ApplicationFilterChain.java:164)
	at org.apache.catalina.core.ApplicationFilterChain.doFilter(ApplicationFilterChain.java:140)
	at org.springframework.web.filter.CompositeFilter$VirtualFilterChain.doFilter(CompositeFilter.java:108)
	at org.springframework.security.web.FilterChainProxy.lambda$doFilterInternal$3(FilterChainProxy.java:231)
	at org.springframework.security.web.ObservationFilterChainDecorator$FilterObservation$SimpleFilterObservation.lambda$wrap$1(ObservationFilterChainDecorator.java:479)
	at org.springframework.security.web.ObservationFilterChainDecorator$AroundFilterObservation$SimpleAroundFilterObservation.lambda$wrap$1(ObservationFilterChainDecorator.java:340)
	at org.springframework.security.web.ObservationFilterChainDecorator.lambda$wrapSecured$0(ObservationFilterChainDecorator.java:82)
	at org.springframework.security.web.ObservationFilterChainDecorator$VirtualFilterChain.doFilter(ObservationFilterChainDecorator.java:128)
	at org.springframework.security.web.access.intercept.AuthorizationFilter.doFilter(AuthorizationFilter.java:100)
	at org.springframework.security.web.ObservationFilterChainDecorator$ObservationFilter.wrapFilter(ObservationFilterChainDecorator.java:240)
	at org.springframework.security.web.ObservationFilterChainDecorator$ObservationFilter.doFilter(ObservationFilterChainDecorator.java:227)
	at org.springframework.security.web.ObservationFilterChainDecorator$VirtualFilterChain.doFilter(ObservationFilterChainDecorator.java:137)
	at org.springframework.security.web.access.ExceptionTranslationFilter.doFilter(ExceptionTranslationFilter.java:126)
	at org.springframework.security.web.access.ExceptionTranslationFilter.doFilter(ExceptionTranslationFilter.java:120)
	at org.springframework.security.web.ObservationFilterChainDecorator$ObservationFilter.wrapFilter(ObservationFilterChainDecorator.java:240)
	at org.springframework.security.web.ObservationFilterChainDecorator$ObservationFilter.doFilter(ObservationFilterChainDecorator.java:227)
	at org.springframework.security.web.ObservationFilterChainDecorator$VirtualFilterChain.doFilter(ObservationFilterChainDecorator.java:137)
	at org.springframework.security.web.session.SessionManagementFilter.doFilter(SessionManagementFilter.java:131)
	at org.springframework.security.web.session.SessionManagementFilter.doFilter(SessionManagementFilter.java:85)
	at org.springframework.security.web.ObservationFilterChainDecorator$ObservationFilter.wrapFilter(ObservationFilterChainDecorator.java:240)
	at org.springframework.security.web.ObservationFilterChainDecorator$ObservationFilter.doFilter(ObservationFilterChainDecorator.java:227)
	at org.springframework.security.web.ObservationFilterChainDecorator$VirtualFilterChain.doFilter(ObservationFilterChainDecorator.java:137)
	at org.springframework.security.web.authentication.AnonymousAuthenticationFilter.doFilter(AnonymousAuthenticationFilter.java:100)
	at org.springframework.security.web.ObservationFilterChainDecorator$ObservationFilter.wrapFilter(ObservationFilterChainDecorator.java:240)
	at org.springframework.security.web.ObservationFilterChainDecorator$ObservationFilter.doFilter(ObservationFilterChainDecorator.java:227)
	at org.springframework.security.web.ObservationFilterChainDecorator$VirtualFilterChain.doFilter(ObservationFilterChainDecorator.java:137)
	at org.springframework.security.web.servletapi.SecurityContextHolderAwareRequestFilter.doFilter(SecurityContextHolderAwareRequestFilter.java:179)
	at org.springframework.security.web.ObservationFilterChainDecorator$ObservationFilter.wrapFilter(ObservationFilterChainDecorator.java:240)
	at org.springframework.security.web.ObservationFilterChainDecorator$ObservationFilter.doFilter(ObservationFilterChainDecorator.java:227)
	at org.springframework.security.web.ObservationFilterChainDecorator$VirtualFilterChain.doFilter(ObservationFilterChainDecorator.java:137)
	at org.springframework.security.web.savedrequest.RequestCacheAwareFilter.doFilter(RequestCacheAwareFilter.java:63)
	at org.springframework.security.web.ObservationFilterChainDecorator$ObservationFilter.wrapFilter(ObservationFilterChainDecorator.java:240)
	at org.springframework.security.web.ObservationFilterChainDecorator$ObservationFilter.doFilter(ObservationFilterChainDecorator.java:227)
	at org.springframework.security.web.ObservationFilterChainDecorator$VirtualFilterChain.doFilter(ObservationFilterChainDecorator.java:137)
	at com.river.LegalAssistant.filter.JwtAuthenticationFilter.doFilterInternal(JwtAuthenticationFilter.java:81)
	at org.springframework.web.filter.OncePerRequestFilter.doFilter(OncePerRequestFilter.java:116)
	at org.springframework.security.web.ObservationFilterChainDecorator$ObservationFilter.wrapFilter(ObservationFilterChainDecorator.java:240)
	at org.springframework.security.web.ObservationFilterChainDecorator$ObservationFilter.doFilter(ObservationFilterChainDecorator.java:227)
	at org.springframework.security.web.ObservationFilterChainDecorator$VirtualFilterChain.doFilter(ObservationFilterChainDecorator.java:137)
	at org.springframework.security.web.authentication.logout.LogoutFilter.doFilter(LogoutFilter.java:107)
	at org.springframework.security.web.authentication.logout.LogoutFilter.doFilter(LogoutFilter.java:93)
	at org.springframework.security.web.ObservationFilterChainDecorator$ObservationFilter.wrapFilter(ObservationFilterChainDecorator.java:240)
	at org.springframework.security.web.ObservationFilterChainDecorator$ObservationFilter.doFilter(ObservationFilterChainDecorator.java:227)
	at org.springframework.security.web.ObservationFilterChainDecorator$VirtualFilterChain.doFilter(ObservationFilterChainDecorator.java:137)
	at org.springframework.web.filter.CorsFilter.doFilterInternal(CorsFilter.java:91)
	at org.springframework.web.filter.OncePerRequestFilter.doFilter(OncePerRequestFilter.java:116)
	at org.springframework.security.web.ObservationFilterChainDecorator$ObservationFilter.wrapFilter(ObservationFilterChainDecorator.java:240)
	at org.springframework.security.web.ObservationFilterChainDecorator$ObservationFilter.doFilter(ObservationFilterChainDecorator.java:227)
	at org.springframework.security.web.ObservationFilterChainDecorator$VirtualFilterChain.doFilter(ObservationFilterChainDecorator.java:137)
	at org.springframework.security.web.header.HeaderWriterFilter.doHeadersAfter(HeaderWriterFilter.java:90)
	at org.springframework.security.web.header.HeaderWriterFilter.doFilterInternal(HeaderWriterFilter.java:75)
	at org.springframework.web.filter.OncePerRequestFilter.doFilter(OncePerRequestFilter.java:116)
	at org.springframework.security.web.ObservationFilterChainDecorator$ObservationFilter.wrapFilter(ObservationFilterChainDecorator.java:240)
	at org.springframework.security.web.ObservationFilterChainDecorator$ObservationFilter.doFilter(ObservationFilterChainDecorator.java:227)
	at org.springframework.security.web.ObservationFilterChainDecorator$VirtualFilterChain.doFilter(ObservationFilterChainDecorator.java:137)
	at org.springframework.security.web.context.SecurityContextHolderFilter.doFilter(SecurityContextHolderFilter.java:82)
	at org.springframework.security.web.context.SecurityContextHolderFilter.doFilter(SecurityContextHolderFilter.java:69)
	at org.springframework.security.web.ObservationFilterChainDecorator$ObservationFilter.wrapFilter(ObservationFilterChainDecorator.java:240)
	at org.springframework.security.web.ObservationFilterChainDecorator$ObservationFilter.doFilter(ObservationFilterChainDecorator.java:227)
	at org.springframework.security.web.ObservationFilterChainDecorator$VirtualFilterChain.doFilter(ObservationFilterChainDecorator.java:137)
	at org.springframework.security.web.context.request.async.WebAsyncManagerIntegrationFilter.doFilterInternal(WebAsyncManagerIntegrationFilter.java:62)
	at org.springframework.web.filter.OncePerRequestFilter.doFilter(OncePerRequestFilter.java:116)
	at org.springframework.security.web.ObservationFilterChainDecorator$ObservationFilter.wrapFilter(ObservationFilterChainDecorator.java:240)
	at org.springframework.security.web.ObservationFilterChainDecorator$ObservationFilter.doFilter(ObservationFilterChainDecorator.java:227)
	at org.springframework.security.web.ObservationFilterChainDecorator$VirtualFilterChain.doFilter(ObservationFilterChainDecorator.java:137)
	at org.springframework.security.web.session.DisableEncodeUrlFilter.doFilterInternal(DisableEncodeUrlFilter.java:42)
	at org.springframework.web.filter.OncePerRequestFilter.doFilter(OncePerRequestFilter.java:116)
	at org.springframework.security.web.ObservationFilterChainDecorator$ObservationFilter.wrapFilter(ObservationFilterChainDecorator.java:240)
	at org.springframework.security.web.ObservationFilterChainDecorator$AroundFilterObservation$SimpleAroundFilterObservation.lambda$wrap$0(ObservationFilterChainDecorator.java:323)
	at org.springframework.security.web.ObservationFilterChainDecorator$ObservationFilter.doFilter(ObservationFilterChainDecorator.java:224)
	at org.springframework.security.web.ObservationFilterChainDecorator$VirtualFilterChain.doFilter(ObservationFilterChainDecorator.java:137)
	at org.springframework.security.web.FilterChainProxy.doFilterInternal(FilterChainProxy.java:233)
	at org.springframework.security.web.FilterChainProxy.doFilter(FilterChainProxy.java:191)
	at org.springframework.web.filter.CompositeFilter$VirtualFilterChain.doFilter(CompositeFilter.java:113)
	at org.springframework.web.servlet.handler.HandlerMappingIntrospector.lambda$createCacheFilter$3(HandlerMappingIntrospector.java:195)
	at org.springframework.web.filter.CompositeFilter$VirtualFilterChain.doFilter(CompositeFilter.java:113)
	at org.springframework.web.filter.CompositeFilter.doFilter(CompositeFilter.java:74)
	at org.springframework.security.config.annotation.web.configuration.WebMvcSecurityConfiguration$CompositeFilterChainProxy.doFilter(WebMvcSecurityConfiguration.java:230)
	at org.springframework.web.filter.DelegatingFilterProxy.invokeDelegate(DelegatingFilterProxy.java:352)
	at org.springframework.web.filter.DelegatingFilterProxy.doFilter(DelegatingFilterProxy.java:268)
	at org.apache.catalina.core.ApplicationFilterChain.internalDoFilter(ApplicationFilterChain.java:164)
	at org.apache.catalina.core.ApplicationFilterChain.doFilter(ApplicationFilterChain.java:140)
	at org.springframework.web.filter.RequestContextFilter.doFilterInternal(RequestContextFilter.java:100)
	at org.springframework.web.filter.OncePerRequestFilter.doFilter(OncePerRequestFilter.java:116)
	at org.apache.catalina.core.ApplicationFilterChain.internalDoFilter(ApplicationFilterChain.java:164)
	at org.apache.catalina.core.ApplicationFilterChain.doFilter(ApplicationFilterChain.java:140)
	at org.springframework.web.filter.FormContentFilter.doFilterInternal(FormContentFilter.java:93)
	at org.springframework.web.filter.OncePerRequestFilter.doFilter(OncePerRequestFilter.java:116)
	at org.apache.catalina.core.ApplicationFilterChain.internalDoFilter(ApplicationFilterChain.java:164)
	at org.apache.catalina.core.ApplicationFilterChain.doFilter(ApplicationFilterChain.java:140)
	at org.springframework.web.filter.ServerHttpObservationFilter.doFilterInternal(ServerHttpObservationFilter.java:113)
	at org.springframework.web.filter.OncePerRequestFilter.doFilter(OncePerRequestFilter.java:116)
	at org.apache.catalina.core.ApplicationFilterChain.internalDoFilter(ApplicationFilterChain.java:164)
	at org.apache.catalina.core.ApplicationFilterChain.doFilter(ApplicationFilterChain.java:140)
	at org.springframework.web.filter.CharacterEncodingFilter.doFilterInternal(CharacterEncodingFilter.java:201)
	at org.springframework.web.filter.OncePerRequestFilter.doFilter(OncePerRequestFilter.java:116)
	at org.apache.catalina.core.ApplicationFilterChain.internalDoFilter(ApplicationFilterChain.java:164)
	at org.apache.catalina.core.ApplicationFilterChain.doFilter(ApplicationFilterChain.java:140)
	at org.apache.catalina.core.StandardWrapperValve.invoke(StandardWrapperValve.java:167)
	at org.apache.catalina.core.StandardContextValve.invoke(StandardContextValve.java:90)
	at org.apache.catalina.authenticator.AuthenticatorBase.invoke(AuthenticatorBase.java:483)
	at org.apache.catalina.core.StandardHostValve.invoke(StandardHostValve.java:115)
	at org.apache.catalina.valves.ErrorReportValve.invoke(ErrorReportValve.java:93)
	at org.apache.catalina.core.StandardEngineValve.invoke(StandardEngineValve.java:74)
	at org.apache.catalina.connector.CoyoteAdapter.service(CoyoteAdapter.java:344)
	at org.apache.coyote.http11.Http11Processor.service(Http11Processor.java:384)
	at org.apache.coyote.AbstractProcessorLight.process(AbstractProcessorLight.java:63)
	at org.apache.coyote.AbstractProtocol$ConnectionHandler.process(AbstractProtocol.java:905)
	at org.apache.tomcat.util.net.NioEndpoint$SocketProcessor.doRun(NioEndpoint.java:1741)
	at org.apache.tomcat.util.net.SocketProcessorBase.run(SocketProcessorBase.java:52)
	at org.apache.tomcat.util.threads.ThreadPoolExecutor.runWorker(ThreadPoolExecutor.java:1190)
	at org.apache.tomcat.util.threads.ThreadPoolExecutor$Worker.run(ThreadPoolExecutor.java:659)
	at org.apache.tomcat.util.threads.TaskThread$WrappingRunnable.run(TaskThread.java:63)
	at java.base/java.lang.Thread.run(Thread.java:1583)
Caused by: dev.langchain4j.exception.HttpException: {"error":"model requires more system memory (16.7 GiB) than is available (13.1 GiB)"}
	at dev.langchain4j.http.client.jdk.JdkHttpClient.execute(JdkHttpClient.java:53)
	at dev.langchain4j.model.ollama.OllamaClient.chat(OllamaClient.java:102)
	at dev.langchain4j.model.ollama.OllamaChatModel.lambda$doChat$0(OllamaChatModel.java:41)
	at dev.langchain4j.internal.ExceptionMapper.withExceptionMapper(ExceptionMapper.java:29)
	... 160 common frames omitted
2026-03-09 13:46:49.422 [http-nio-18080-exec-8] WARN  dev.langchain4j.internal.RetryUtils - A retriable exception occurred. Remaining retries: 1 of 2
dev.langchain4j.exception.InternalServerException: {"error":"model requires more system memory (16.7 GiB) than is available (14.6 GiB)"}
	at dev.langchain4j.internal.ExceptionMapper$DefaultExceptionMapper.mapHttpStatusCode(ExceptionMapper.java:56)
	at dev.langchain4j.internal.ExceptionMapper$DefaultExceptionMapper.mapException(ExceptionMapper.java:44)
	at dev.langchain4j.internal.ExceptionMapper.withExceptionMapper(ExceptionMapper.java:31)
	at dev.langchain4j.internal.RetryUtils.lambda$withRetryMappingExceptions$1(RetryUtils.java:322)
	at dev.langchain4j.internal.RetryUtils$RetryPolicy.withRetry(RetryUtils.java:204)
	at dev.langchain4j.internal.RetryUtils.withRetry(RetryUtils.java:259)
	at dev.langchain4j.internal.RetryUtils.withRetryMappingExceptions(RetryUtils.java:322)
	at dev.langchain4j.internal.RetryUtils.withRetryMappingExceptions(RetryUtils.java:305)
	at dev.langchain4j.model.ollama.OllamaChatModel.doChat(OllamaChatModel.java:41)
	at dev.langchain4j.model.chat.ChatModel.chat(ChatModel.java:46)
	at dev.langchain4j.model.chat.ChatModel.chat(ChatModel.java:76)
	at com.river.LegalAssistant.service.advanced.LegalQueryTransformer.generateProfessionalQuery(LegalQueryTransformer.java:139)
	at com.river.LegalAssistant.service.advanced.LegalQueryTransformer.transform(LegalQueryTransformer.java:68)
	at dev.langchain4j.rag.DefaultRetrievalAugmentor.augment(DefaultRetrievalAugmentor.java:148)
	at com.river.LegalAssistant.service.advanced.AdvancedLegalRagService.retrieveContents(AdvancedLegalRagService.java:271)
	at com.river.LegalAssistant.service.advanced.AdvancedLegalRagService.advancedLegalChat(AdvancedLegalRagService.java:115)
	at com.river.LegalAssistant.controller.UnifiedChatController.handleAdvancedRagChat(UnifiedChatController.java:614)
	at com.river.LegalAssistant.controller.UnifiedChatController.chat(UnifiedChatController.java:116)
	at java.base/jdk.internal.reflect.DirectMethodHandleAccessor.invoke(DirectMethodHandleAccessor.java:103)
	at java.base/java.lang.reflect.Method.invoke(Method.java:580)
	at org.springframework.web.method.support.InvocableHandlerMethod.doInvoke(InvocableHandlerMethod.java:255)
	at org.springframework.web.method.support.InvocableHandlerMethod.invokeForRequest(InvocableHandlerMethod.java:188)
	at org.springframework.web.servlet.mvc.method.annotation.ServletInvocableHandlerMethod.invokeAndHandle(ServletInvocableHandlerMethod.java:118)
	at org.springframework.web.servlet.mvc.method.annotation.RequestMappingHandlerAdapter.invokeHandlerMethod(RequestMappingHandlerAdapter.java:926)
	at org.springframework.web.servlet.mvc.method.annotation.RequestMappingHandlerAdapter.handleInternal(RequestMappingHandlerAdapter.java:831)
	at org.springframework.web.servlet.mvc.method.AbstractHandlerMethodAdapter.handle(AbstractHandlerMethodAdapter.java:87)
	at org.springframework.web.servlet.DispatcherServlet.doDispatch(DispatcherServlet.java:1089)
	at org.springframework.web.servlet.DispatcherServlet.doService(DispatcherServlet.java:979)
	at org.springframework.web.servlet.FrameworkServlet.processRequest(FrameworkServlet.java:1014)
	at org.springframework.web.servlet.FrameworkServlet.doPost(FrameworkServlet.java:914)
	at jakarta.servlet.http.HttpServlet.service(HttpServlet.java:590)
	at org.springframework.web.servlet.FrameworkServlet.service(FrameworkServlet.java:885)
	at jakarta.servlet.http.HttpServlet.service(HttpServlet.java:658)
	at org.apache.catalina.core.ApplicationFilterChain.internalDoFilter(ApplicationFilterChain.java:195)
	at org.apache.catalina.core.ApplicationFilterChain.doFilter(ApplicationFilterChain.java:140)
	at org.apache.tomcat.websocket.server.WsFilter.doFilter(WsFilter.java:51)
	at org.apache.catalina.core.ApplicationFilterChain.internalDoFilter(ApplicationFilterChain.java:164)
	at org.apache.catalina.core.ApplicationFilterChain.doFilter(ApplicationFilterChain.java:140)
	at org.springframework.web.filter.CorsFilter.doFilterInternal(CorsFilter.java:91)
	at org.springframework.web.filter.OncePerRequestFilter.doFilter(OncePerRequestFilter.java:116)
	at org.apache.catalina.core.ApplicationFilterChain.internalDoFilter(ApplicationFilterChain.java:164)
	at org.apache.catalina.core.ApplicationFilterChain.doFilter(ApplicationFilterChain.java:140)
	at org.springframework.web.filter.OncePerRequestFilter.doFilter(OncePerRequestFilter.java:110)
	at org.apache.catalina.core.ApplicationFilterChain.internalDoFilter(ApplicationFilterChain.java:164)
	at org.apache.catalina.core.ApplicationFilterChain.doFilter(ApplicationFilterChain.java:140)
	at com.river.LegalAssistant.filter.RateLimitFilter.doFilter(RateLimitFilter.java:82)
	at org.apache.catalina.core.ApplicationFilterChain.internalDoFilter(ApplicationFilterChain.java:164)
	at org.apache.catalina.core.ApplicationFilterChain.doFilter(ApplicationFilterChain.java:140)
	at com.river.LegalAssistant.filter.RequestTrackingFilter.doFilter(RequestTrackingFilter.java:51)
	at org.apache.catalina.core.ApplicationFilterChain.internalDoFilter(ApplicationFilterChain.java:164)
	at org.apache.catalina.core.ApplicationFilterChain.doFilter(ApplicationFilterChain.java:140)
	at org.springframework.web.filter.CompositeFilter$VirtualFilterChain.doFilter(CompositeFilter.java:108)
	at org.springframework.security.web.FilterChainProxy.lambda$doFilterInternal$3(FilterChainProxy.java:231)
	at org.springframework.security.web.ObservationFilterChainDecorator$FilterObservation$SimpleFilterObservation.lambda$wrap$1(ObservationFilterChainDecorator.java:479)
	at org.springframework.security.web.ObservationFilterChainDecorator$AroundFilterObservation$SimpleAroundFilterObservation.lambda$wrap$1(ObservationFilterChainDecorator.java:340)
	at org.springframework.security.web.ObservationFilterChainDecorator.lambda$wrapSecured$0(ObservationFilterChainDecorator.java:82)
	at org.springframework.security.web.ObservationFilterChainDecorator$VirtualFilterChain.doFilter(ObservationFilterChainDecorator.java:128)
	at org.springframework.security.web.access.intercept.AuthorizationFilter.doFilter(AuthorizationFilter.java:100)
	at org.springframework.security.web.ObservationFilterChainDecorator$ObservationFilter.wrapFilter(ObservationFilterChainDecorator.java:240)
	at org.springframework.security.web.ObservationFilterChainDecorator$ObservationFilter.doFilter(ObservationFilterChainDecorator.java:227)
	at org.springframework.security.web.ObservationFilterChainDecorator$VirtualFilterChain.doFilter(ObservationFilterChainDecorator.java:137)
	at org.springframework.security.web.access.ExceptionTranslationFilter.doFilter(ExceptionTranslationFilter.java:126)
	at org.springframework.security.web.access.ExceptionTranslationFilter.doFilter(ExceptionTranslationFilter.java:120)
	at org.springframework.security.web.ObservationFilterChainDecorator$ObservationFilter.wrapFilter(ObservationFilterChainDecorator.java:240)
	at org.springframework.security.web.ObservationFilterChainDecorator$ObservationFilter.doFilter(ObservationFilterChainDecorator.java:227)
	at org.springframework.security.web.ObservationFilterChainDecorator$VirtualFilterChain.doFilter(ObservationFilterChainDecorator.java:137)
	at org.springframework.security.web.session.SessionManagementFilter.doFilter(SessionManagementFilter.java:131)
	at org.springframework.security.web.session.SessionManagementFilter.doFilter(SessionManagementFilter.java:85)
	at org.springframework.security.web.ObservationFilterChainDecorator$ObservationFilter.wrapFilter(ObservationFilterChainDecorator.java:240)
	at org.springframework.security.web.ObservationFilterChainDecorator$ObservationFilter.doFilter(ObservationFilterChainDecorator.java:227)
	at org.springframework.security.web.ObservationFilterChainDecorator$VirtualFilterChain.doFilter(ObservationFilterChainDecorator.java:137)
	at org.springframework.security.web.authentication.AnonymousAuthenticationFilter.doFilter(AnonymousAuthenticationFilter.java:100)
	at org.springframework.security.web.ObservationFilterChainDecorator$ObservationFilter.wrapFilter(ObservationFilterChainDecorator.java:240)
	at org.springframework.security.web.ObservationFilterChainDecorator$ObservationFilter.doFilter(ObservationFilterChainDecorator.java:227)
	at org.springframework.security.web.ObservationFilterChainDecorator$VirtualFilterChain.doFilter(ObservationFilterChainDecorator.java:137)
	at org.springframework.security.web.servletapi.SecurityContextHolderAwareRequestFilter.doFilter(SecurityContextHolderAwareRequestFilter.java:179)
	at org.springframework.security.web.ObservationFilterChainDecorator$ObservationFilter.wrapFilter(ObservationFilterChainDecorator.java:240)
	at org.springframework.security.web.ObservationFilterChainDecorator$ObservationFilter.doFilter(ObservationFilterChainDecorator.java:227)
	at org.springframework.security.web.ObservationFilterChainDecorator$VirtualFilterChain.doFilter(ObservationFilterChainDecorator.java:137)
	at org.springframework.security.web.savedrequest.RequestCacheAwareFilter.doFilter(RequestCacheAwareFilter.java:63)
	at org.springframework.security.web.ObservationFilterChainDecorator$ObservationFilter.wrapFilter(ObservationFilterChainDecorator.java:240)
	at org.springframework.security.web.ObservationFilterChainDecorator$ObservationFilter.doFilter(ObservationFilterChainDecorator.java:227)
	at org.springframework.security.web.ObservationFilterChainDecorator$VirtualFilterChain.doFilter(ObservationFilterChainDecorator.java:137)
	at com.river.LegalAssistant.filter.JwtAuthenticationFilter.doFilterInternal(JwtAuthenticationFilter.java:81)
	at org.springframework.web.filter.OncePerRequestFilter.doFilter(OncePerRequestFilter.java:116)
	at org.springframework.security.web.ObservationFilterChainDecorator$ObservationFilter.wrapFilter(ObservationFilterChainDecorator.java:240)
	at org.springframework.security.web.ObservationFilterChainDecorator$ObservationFilter.doFilter(ObservationFilterChainDecorator.java:227)
	at org.springframework.security.web.ObservationFilterChainDecorator$VirtualFilterChain.doFilter(ObservationFilterChainDecorator.java:137)
	at org.springframework.security.web.authentication.logout.LogoutFilter.doFilter(LogoutFilter.java:107)
	at org.springframework.security.web.authentication.logout.LogoutFilter.doFilter(LogoutFilter.java:93)
	at org.springframework.security.web.ObservationFilterChainDecorator$ObservationFilter.wrapFilter(ObservationFilterChainDecorator.java:240)
	at org.springframework.security.web.ObservationFilterChainDecorator$ObservationFilter.doFilter(ObservationFilterChainDecorator.java:227)
	at org.springframework.security.web.ObservationFilterChainDecorator$VirtualFilterChain.doFilter(ObservationFilterChainDecorator.java:137)
	at org.springframework.web.filter.CorsFilter.doFilterInternal(CorsFilter.java:91)
	at org.springframework.web.filter.OncePerRequestFilter.doFilter(OncePerRequestFilter.java:116)
	at org.springframework.security.web.ObservationFilterChainDecorator$ObservationFilter.wrapFilter(ObservationFilterChainDecorator.java:240)
	at org.springframework.security.web.ObservationFilterChainDecorator$ObservationFilter.doFilter(ObservationFilterChainDecorator.java:227)
	at org.springframework.security.web.ObservationFilterChainDecorator$VirtualFilterChain.doFilter(ObservationFilterChainDecorator.java:137)
	at org.springframework.security.web.header.HeaderWriterFilter.doHeadersAfter(HeaderWriterFilter.java:90)
	at org.springframework.security.web.header.HeaderWriterFilter.doFilterInternal(HeaderWriterFilter.java:75)
	at org.springframework.web.filter.OncePerRequestFilter.doFilter(OncePerRequestFilter.java:116)
	at org.springframework.security.web.ObservationFilterChainDecorator$ObservationFilter.wrapFilter(ObservationFilterChainDecorator.java:240)
	at org.springframework.security.web.ObservationFilterChainDecorator$ObservationFilter.doFilter(ObservationFilterChainDecorator.java:227)
	at org.springframework.security.web.ObservationFilterChainDecorator$VirtualFilterChain.doFilter(ObservationFilterChainDecorator.java:137)
	at org.springframework.security.web.context.SecurityContextHolderFilter.doFilter(SecurityContextHolderFilter.java:82)
	at org.springframework.security.web.context.SecurityContextHolderFilter.doFilter(SecurityContextHolderFilter.java:69)
	at org.springframework.security.web.ObservationFilterChainDecorator$ObservationFilter.wrapFilter(ObservationFilterChainDecorator.java:240)
	at org.springframework.security.web.ObservationFilterChainDecorator$ObservationFilter.doFilter(ObservationFilterChainDecorator.java:227)
	at org.springframework.security.web.ObservationFilterChainDecorator$VirtualFilterChain.doFilter(ObservationFilterChainDecorator.java:137)
	at org.springframework.security.web.context.request.async.WebAsyncManagerIntegrationFilter.doFilterInternal(WebAsyncManagerIntegrationFilter.java:62)
	at org.springframework.web.filter.OncePerRequestFilter.doFilter(OncePerRequestFilter.java:116)
	at org.springframework.security.web.ObservationFilterChainDecorator$ObservationFilter.wrapFilter(ObservationFilterChainDecorator.java:240)
	at org.springframework.security.web.ObservationFilterChainDecorator$ObservationFilter.doFilter(ObservationFilterChainDecorator.java:227)
	at org.springframework.security.web.ObservationFilterChainDecorator$VirtualFilterChain.doFilter(ObservationFilterChainDecorator.java:137)
	at org.springframework.security.web.session.DisableEncodeUrlFilter.doFilterInternal(DisableEncodeUrlFilter.java:42)
	at org.springframework.web.filter.OncePerRequestFilter.doFilter(OncePerRequestFilter.java:116)
	at org.springframework.security.web.ObservationFilterChainDecorator$ObservationFilter.wrapFilter(ObservationFilterChainDecorator.java:240)
	at org.springframework.security.web.ObservationFilterChainDecorator$AroundFilterObservation$SimpleAroundFilterObservation.lambda$wrap$0(ObservationFilterChainDecorator.java:323)
	at org.springframework.security.web.ObservationFilterChainDecorator$ObservationFilter.doFilter(ObservationFilterChainDecorator.java:224)
	at org.springframework.security.web.ObservationFilterChainDecorator$VirtualFilterChain.doFilter(ObservationFilterChainDecorator.java:137)
	at org.springframework.security.web.FilterChainProxy.doFilterInternal(FilterChainProxy.java:233)
	at org.springframework.security.web.FilterChainProxy.doFilter(FilterChainProxy.java:191)
	at org.springframework.web.filter.CompositeFilter$VirtualFilterChain.doFilter(CompositeFilter.java:113)
	at org.springframework.web.servlet.handler.HandlerMappingIntrospector.lambda$createCacheFilter$3(HandlerMappingIntrospector.java:195)
	at org.springframework.web.filter.CompositeFilter$VirtualFilterChain.doFilter(CompositeFilter.java:113)
	at org.springframework.web.filter.CompositeFilter.doFilter(CompositeFilter.java:74)
	at org.springframework.security.config.annotation.web.configuration.WebMvcSecurityConfiguration$CompositeFilterChainProxy.doFilter(WebMvcSecurityConfiguration.java:230)
	at org.springframework.web.filter.DelegatingFilterProxy.invokeDelegate(DelegatingFilterProxy.java:352)
	at org.springframework.web.filter.DelegatingFilterProxy.doFilter(DelegatingFilterProxy.java:268)
	at org.apache.catalina.core.ApplicationFilterChain.internalDoFilter(ApplicationFilterChain.java:164)
	at org.apache.catalina.core.ApplicationFilterChain.doFilter(ApplicationFilterChain.java:140)
	at org.springframework.web.filter.RequestContextFilter.doFilterInternal(RequestContextFilter.java:100)
	at org.springframework.web.filter.OncePerRequestFilter.doFilter(OncePerRequestFilter.java:116)
	at org.apache.catalina.core.ApplicationFilterChain.internalDoFilter(ApplicationFilterChain.java:164)
	at org.apache.catalina.core.ApplicationFilterChain.doFilter(ApplicationFilterChain.java:140)
	at org.springframework.web.filter.FormContentFilter.doFilterInternal(FormContentFilter.java:93)
	at org.springframework.web.filter.OncePerRequestFilter.doFilter(OncePerRequestFilter.java:116)
	at org.apache.catalina.core.ApplicationFilterChain.internalDoFilter(ApplicationFilterChain.java:164)
	at org.apache.catalina.core.ApplicationFilterChain.doFilter(ApplicationFilterChain.java:140)
	at org.springframework.web.filter.ServerHttpObservationFilter.doFilterInternal(ServerHttpObservationFilter.java:113)
	at org.springframework.web.filter.OncePerRequestFilter.doFilter(OncePerRequestFilter.java:116)
	at org.apache.catalina.core.ApplicationFilterChain.internalDoFilter(ApplicationFilterChain.java:164)
	at org.apache.catalina.core.ApplicationFilterChain.doFilter(ApplicationFilterChain.java:140)
	at org.springframework.web.filter.CharacterEncodingFilter.doFilterInternal(CharacterEncodingFilter.java:201)
	at org.springframework.web.filter.OncePerRequestFilter.doFilter(OncePerRequestFilter.java:116)
	at org.apache.catalina.core.ApplicationFilterChain.internalDoFilter(ApplicationFilterChain.java:164)
	at org.apache.catalina.core.ApplicationFilterChain.doFilter(ApplicationFilterChain.java:140)
	at org.apache.catalina.core.StandardWrapperValve.invoke(StandardWrapperValve.java:167)
	at org.apache.catalina.core.StandardContextValve.invoke(StandardContextValve.java:90)
	at org.apache.catalina.authenticator.AuthenticatorBase.invoke(AuthenticatorBase.java:483)
	at org.apache.catalina.core.StandardHostValve.invoke(StandardHostValve.java:115)
	at org.apache.catalina.valves.ErrorReportValve.invoke(ErrorReportValve.java:93)
	at org.apache.catalina.core.StandardEngineValve.invoke(StandardEngineValve.java:74)
	at org.apache.catalina.connector.CoyoteAdapter.service(CoyoteAdapter.java:344)
	at org.apache.coyote.http11.Http11Processor.service(Http11Processor.java:384)
	at org.apache.coyote.AbstractProcessorLight.process(AbstractProcessorLight.java:63)
	at org.apache.coyote.AbstractProtocol$ConnectionHandler.process(AbstractProtocol.java:905)
	at org.apache.tomcat.util.net.NioEndpoint$SocketProcessor.doRun(NioEndpoint.java:1741)
	at org.apache.tomcat.util.net.SocketProcessorBase.run(SocketProcessorBase.java:52)
	at org.apache.tomcat.util.threads.ThreadPoolExecutor.runWorker(ThreadPoolExecutor.java:1190)
	at org.apache.tomcat.util.threads.ThreadPoolExecutor$Worker.run(ThreadPoolExecutor.java:659)
	at org.apache.tomcat.util.threads.TaskThread$WrappingRunnable.run(TaskThread.java:63)
	at java.base/java.lang.Thread.run(Thread.java:1583)
Caused by: dev.langchain4j.exception.HttpException: {"error":"model requires more system memory (16.7 GiB) than is available (14.6 GiB)"}
	at dev.langchain4j.http.client.jdk.JdkHttpClient.execute(JdkHttpClient.java:53)
	at dev.langchain4j.model.ollama.OllamaClient.chat(OllamaClient.java:102)
	at dev.langchain4j.model.ollama.OllamaChatModel.lambda$doChat$0(OllamaChatModel.java:41)
	at dev.langchain4j.internal.ExceptionMapper.withExceptionMapper(ExceptionMapper.java:29)
	... 160 common frames omitted
2026-03-09 13:46:51.247 [http-nio-18080-exec-8] WARN  c.r.L.s.a.LegalQueryTransformer - 生成专业查询失败: {"error":"model requires more system memory (16.7 GiB) than is available (14.2 GiB)"}
2026-03-09 13:46:52.249 [http-nio-18080-exec-8] WARN  dev.langchain4j.internal.RetryUtils - A retriable exception occurred. Remaining retries: 2 of 2
dev.langchain4j.exception.InternalServerException: {"error":"model requires more system memory (16.7 GiB) than is available (14.2 GiB)"}
	at dev.langchain4j.internal.ExceptionMapper$DefaultExceptionMapper.mapHttpStatusCode(ExceptionMapper.java:56)
	at dev.langchain4j.internal.ExceptionMapper$DefaultExceptionMapper.mapException(ExceptionMapper.java:44)
	at dev.langchain4j.internal.ExceptionMapper.withExceptionMapper(ExceptionMapper.java:31)
	at dev.langchain4j.internal.RetryUtils.lambda$withRetryMappingExceptions$1(RetryUtils.java:322)
	at dev.langchain4j.internal.RetryUtils$RetryPolicy.withRetry(RetryUtils.java:204)
	at dev.langchain4j.internal.RetryUtils.withRetry(RetryUtils.java:259)
	at dev.langchain4j.internal.RetryUtils.withRetryMappingExceptions(RetryUtils.java:322)
	at dev.langchain4j.internal.RetryUtils.withRetryMappingExceptions(RetryUtils.java:305)
	at dev.langchain4j.model.ollama.OllamaChatModel.doChat(OllamaChatModel.java:41)
	at dev.langchain4j.model.chat.ChatModel.chat(ChatModel.java:46)
	at dev.langchain4j.model.chat.ChatModel.chat(ChatModel.java:76)
	at com.river.LegalAssistant.service.advanced.LegalQueryTransformer.generateSubQuestions(LegalQueryTransformer.java:172)
	at com.river.LegalAssistant.service.advanced.LegalQueryTransformer.transform(LegalQueryTransformer.java:75)
	at dev.langchain4j.rag.DefaultRetrievalAugmentor.augment(DefaultRetrievalAugmentor.java:148)
	at com.river.LegalAssistant.service.advanced.AdvancedLegalRagService.retrieveContents(AdvancedLegalRagService.java:271)
	at com.river.LegalAssistant.service.advanced.AdvancedLegalRagService.advancedLegalChat(AdvancedLegalRagService.java:115)
	at com.river.LegalAssistant.controller.UnifiedChatController.handleAdvancedRagChat(UnifiedChatController.java:614)
	at com.river.LegalAssistant.controller.UnifiedChatController.chat(UnifiedChatController.java:116)
	at java.base/jdk.internal.reflect.DirectMethodHandleAccessor.invoke(DirectMethodHandleAccessor.java:103)
	at java.base/java.lang.reflect.Method.invoke(Method.java:580)
	at org.springframework.web.method.support.InvocableHandlerMethod.doInvoke(InvocableHandlerMethod.java:255)
	at org.springframework.web.method.support.InvocableHandlerMethod.invokeForRequest(InvocableHandlerMethod.java:188)
	at org.springframework.web.servlet.mvc.method.annotation.ServletInvocableHandlerMethod.invokeAndHandle(ServletInvocableHandlerMethod.java:118)
	at org.springframework.web.servlet.mvc.method.annotation.RequestMappingHandlerAdapter.invokeHandlerMethod(RequestMappingHandlerAdapter.java:926)
	at org.springframework.web.servlet.mvc.method.annotation.RequestMappingHandlerAdapter.handleInternal(RequestMappingHandlerAdapter.java:831)
	at org.springframework.web.servlet.mvc.method.AbstractHandlerMethodAdapter.handle(AbstractHandlerMethodAdapter.java:87)
	at org.springframework.web.servlet.DispatcherServlet.doDispatch(DispatcherServlet.java:1089)
	at org.springframework.web.servlet.DispatcherServlet.doService(DispatcherServlet.java:979)
	at org.springframework.web.servlet.FrameworkServlet.processRequest(FrameworkServlet.java:1014)
	at org.springframework.web.servlet.FrameworkServlet.doPost(FrameworkServlet.java:914)
	at jakarta.servlet.http.HttpServlet.service(HttpServlet.java:590)
	at org.springframework.web.servlet.FrameworkServlet.service(FrameworkServlet.java:885)
	at jakarta.servlet.http.HttpServlet.service(HttpServlet.java:658)
	at org.apache.catalina.core.ApplicationFilterChain.internalDoFilter(ApplicationFilterChain.java:195)
	at org.apache.catalina.core.ApplicationFilterChain.doFilter(ApplicationFilterChain.java:140)
	at org.apache.tomcat.websocket.server.WsFilter.doFilter(WsFilter.java:51)
	at org.apache.catalina.core.ApplicationFilterChain.internalDoFilter(ApplicationFilterChain.java:164)
	at org.apache.catalina.core.ApplicationFilterChain.doFilter(ApplicationFilterChain.java:140)
	at org.springframework.web.filter.CorsFilter.doFilterInternal(CorsFilter.java:91)
	at org.springframework.web.filter.OncePerRequestFilter.doFilter(OncePerRequestFilter.java:116)
	at org.apache.catalina.core.ApplicationFilterChain.internalDoFilter(ApplicationFilterChain.java:164)
	at org.apache.catalina.core.ApplicationFilterChain.doFilter(ApplicationFilterChain.java:140)
	at org.springframework.web.filter.OncePerRequestFilter.doFilter(OncePerRequestFilter.java:110)
	at org.apache.catalina.core.ApplicationFilterChain.internalDoFilter(ApplicationFilterChain.java:164)
	at org.apache.catalina.core.ApplicationFilterChain.doFilter(ApplicationFilterChain.java:140)
	at com.river.LegalAssistant.filter.RateLimitFilter.doFilter(RateLimitFilter.java:82)
	at org.apache.catalina.core.ApplicationFilterChain.internalDoFilter(ApplicationFilterChain.java:164)
	at org.apache.catalina.core.ApplicationFilterChain.doFilter(ApplicationFilterChain.java:140)
	at com.river.LegalAssistant.filter.RequestTrackingFilter.doFilter(RequestTrackingFilter.java:51)
	at org.apache.catalina.core.ApplicationFilterChain.internalDoFilter(ApplicationFilterChain.java:164)
	at org.apache.catalina.core.ApplicationFilterChain.doFilter(ApplicationFilterChain.java:140)
	at org.springframework.web.filter.CompositeFilter$VirtualFilterChain.doFilter(CompositeFilter.java:108)
	at org.springframework.security.web.FilterChainProxy.lambda$doFilterInternal$3(FilterChainProxy.java:231)
	at org.springframework.security.web.ObservationFilterChainDecorator$FilterObservation$SimpleFilterObservation.lambda$wrap$1(ObservationFilterChainDecorator.java:479)
	at org.springframework.security.web.ObservationFilterChainDecorator$AroundFilterObservation$SimpleAroundFilterObservation.lambda$wrap$1(ObservationFilterChainDecorator.java:340)
	at org.springframework.security.web.ObservationFilterChainDecorator.lambda$wrapSecured$0(ObservationFilterChainDecorator.java:82)
	at org.springframework.security.web.ObservationFilterChainDecorator$VirtualFilterChain.doFilter(ObservationFilterChainDecorator.java:128)
	at org.springframework.security.web.access.intercept.AuthorizationFilter.doFilter(AuthorizationFilter.java:100)
	at org.springframework.security.web.ObservationFilterChainDecorator$ObservationFilter.wrapFilter(ObservationFilterChainDecorator.java:240)
	at org.springframework.security.web.ObservationFilterChainDecorator$ObservationFilter.doFilter(ObservationFilterChainDecorator.java:227)
	at org.springframework.security.web.ObservationFilterChainDecorator$VirtualFilterChain.doFilter(ObservationFilterChainDecorator.java:137)
	at org.springframework.security.web.access.ExceptionTranslationFilter.doFilter(ExceptionTranslationFilter.java:126)
	at org.springframework.security.web.access.ExceptionTranslationFilter.doFilter(ExceptionTranslationFilter.java:120)
	at org.springframework.security.web.ObservationFilterChainDecorator$ObservationFilter.wrapFilter(ObservationFilterChainDecorator.java:240)
	at org.springframework.security.web.ObservationFilterChainDecorator$ObservationFilter.doFilter(ObservationFilterChainDecorator.java:227)
	at org.springframework.security.web.ObservationFilterChainDecorator$VirtualFilterChain.doFilter(ObservationFilterChainDecorator.java:137)
	at org.springframework.security.web.session.SessionManagementFilter.doFilter(SessionManagementFilter.java:131)
	at org.springframework.security.web.session.SessionManagementFilter.doFilter(SessionManagementFilter.java:85)
	at org.springframework.security.web.ObservationFilterChainDecorator$ObservationFilter.wrapFilter(ObservationFilterChainDecorator.java:240)
	at org.springframework.security.web.ObservationFilterChainDecorator$ObservationFilter.doFilter(ObservationFilterChainDecorator.java:227)
	at org.springframework.security.web.ObservationFilterChainDecorator$VirtualFilterChain.doFilter(ObservationFilterChainDecorator.java:137)
	at org.springframework.security.web.authentication.AnonymousAuthenticationFilter.doFilter(AnonymousAuthenticationFilter.java:100)
	at org.springframework.security.web.ObservationFilterChainDecorator$ObservationFilter.wrapFilter(ObservationFilterChainDecorator.java:240)
	at org.springframework.security.web.ObservationFilterChainDecorator$ObservationFilter.doFilter(ObservationFilterChainDecorator.java:227)
	at org.springframework.security.web.ObservationFilterChainDecorator$VirtualFilterChain.doFilter(ObservationFilterChainDecorator.java:137)
	at org.springframework.security.web.servletapi.SecurityContextHolderAwareRequestFilter.doFilter(SecurityContextHolderAwareRequestFilter.java:179)
	at org.springframework.security.web.ObservationFilterChainDecorator$ObservationFilter.wrapFilter(ObservationFilterChainDecorator.java:240)
	at org.springframework.security.web.ObservationFilterChainDecorator$ObservationFilter.doFilter(ObservationFilterChainDecorator.java:227)
	at org.springframework.security.web.ObservationFilterChainDecorator$VirtualFilterChain.doFilter(ObservationFilterChainDecorator.java:137)
	at org.springframework.security.web.savedrequest.RequestCacheAwareFilter.doFilter(RequestCacheAwareFilter.java:63)
	at org.springframework.security.web.ObservationFilterChainDecorator$ObservationFilter.wrapFilter(ObservationFilterChainDecorator.java:240)
	at org.springframework.security.web.ObservationFilterChainDecorator$ObservationFilter.doFilter(ObservationFilterChainDecorator.java:227)
	at org.springframework.security.web.ObservationFilterChainDecorator$VirtualFilterChain.doFilter(ObservationFilterChainDecorator.java:137)
	at com.river.LegalAssistant.filter.JwtAuthenticationFilter.doFilterInternal(JwtAuthenticationFilter.java:81)
	at org.springframework.web.filter.OncePerRequestFilter.doFilter(OncePerRequestFilter.java:116)
	at org.springframework.security.web.ObservationFilterChainDecorator$ObservationFilter.wrapFilter(ObservationFilterChainDecorator.java:240)
	at org.springframework.security.web.ObservationFilterChainDecorator$ObservationFilter.doFilter(ObservationFilterChainDecorator.java:227)
	at org.springframework.security.web.ObservationFilterChainDecorator$VirtualFilterChain.doFilter(ObservationFilterChainDecorator.java:137)
	at org.springframework.security.web.authentication.logout.LogoutFilter.doFilter(LogoutFilter.java:107)
	at org.springframework.security.web.authentication.logout.LogoutFilter.doFilter(LogoutFilter.java:93)
	at org.springframework.security.web.ObservationFilterChainDecorator$ObservationFilter.wrapFilter(ObservationFilterChainDecorator.java:240)
	at org.springframework.security.web.ObservationFilterChainDecorator$ObservationFilter.doFilter(ObservationFilterChainDecorator.java:227)
	at org.springframework.security.web.ObservationFilterChainDecorator$VirtualFilterChain.doFilter(ObservationFilterChainDecorator.java:137)
	at org.springframework.web.filter.CorsFilter.doFilterInternal(CorsFilter.java:91)
	at org.springframework.web.filter.OncePerRequestFilter.doFilter(OncePerRequestFilter.java:116)
	at org.springframework.security.web.ObservationFilterChainDecorator$ObservationFilter.wrapFilter(ObservationFilterChainDecorator.java:240)
	at org.springframework.security.web.ObservationFilterChainDecorator$ObservationFilter.doFilter(ObservationFilterChainDecorator.java:227)
	at org.springframework.security.web.ObservationFilterChainDecorator$VirtualFilterChain.doFilter(ObservationFilterChainDecorator.java:137)
	at org.springframework.security.web.header.HeaderWriterFilter.doHeadersAfter(HeaderWriterFilter.java:90)
	at org.springframework.security.web.header.HeaderWriterFilter.doFilterInternal(HeaderWriterFilter.java:75)
	at org.springframework.web.filter.OncePerRequestFilter.doFilter(OncePerRequestFilter.java:116)
	at org.springframework.security.web.ObservationFilterChainDecorator$ObservationFilter.wrapFilter(ObservationFilterChainDecorator.java:240)
	at org.springframework.security.web.ObservationFilterChainDecorator$ObservationFilter.doFilter(ObservationFilterChainDecorator.java:227)
	at org.springframework.security.web.ObservationFilterChainDecorator$VirtualFilterChain.doFilter(ObservationFilterChainDecorator.java:137)
	at org.springframework.security.web.context.SecurityContextHolderFilter.doFilter(SecurityContextHolderFilter.java:82)
	at org.springframework.security.web.context.SecurityContextHolderFilter.doFilter(SecurityContextHolderFilter.java:69)
	at org.springframework.security.web.ObservationFilterChainDecorator$ObservationFilter.wrapFilter(ObservationFilterChainDecorator.java:240)
	at org.springframework.security.web.ObservationFilterChainDecorator$ObservationFilter.doFilter(ObservationFilterChainDecorator.java:227)
	at org.springframework.security.web.ObservationFilterChainDecorator$VirtualFilterChain.doFilter(ObservationFilterChainDecorator.java:137)
	at org.springframework.security.web.context.request.async.WebAsyncManagerIntegrationFilter.doFilterInternal(WebAsyncManagerIntegrationFilter.java:62)
	at org.springframework.web.filter.OncePerRequestFilter.doFilter(OncePerRequestFilter.java:116)
	at org.springframework.security.web.ObservationFilterChainDecorator$ObservationFilter.wrapFilter(ObservationFilterChainDecorator.java:240)
	at org.springframework.security.web.ObservationFilterChainDecorator$ObservationFilter.doFilter(ObservationFilterChainDecorator.java:227)
	at org.springframework.security.web.ObservationFilterChainDecorator$VirtualFilterChain.doFilter(ObservationFilterChainDecorator.java:137)
	at org.springframework.security.web.session.DisableEncodeUrlFilter.doFilterInternal(DisableEncodeUrlFilter.java:42)
	at org.springframework.web.filter.OncePerRequestFilter.doFilter(OncePerRequestFilter.java:116)
	at org.springframework.security.web.ObservationFilterChainDecorator$ObservationFilter.wrapFilter(ObservationFilterChainDecorator.java:240)
	at org.springframework.security.web.ObservationFilterChainDecorator$AroundFilterObservation$SimpleAroundFilterObservation.lambda$wrap$0(ObservationFilterChainDecorator.java:323)
	at org.springframework.security.web.ObservationFilterChainDecorator$ObservationFilter.doFilter(ObservationFilterChainDecorator.java:224)
	at org.springframework.security.web.ObservationFilterChainDecorator$VirtualFilterChain.doFilter(ObservationFilterChainDecorator.java:137)
	at org.springframework.security.web.FilterChainProxy.doFilterInternal(FilterChainProxy.java:233)
	at org.springframework.security.web.FilterChainProxy.doFilter(FilterChainProxy.java:191)
	at org.springframework.web.filter.CompositeFilter$VirtualFilterChain.doFilter(CompositeFilter.java:113)
	at org.springframework.web.servlet.handler.HandlerMappingIntrospector.lambda$createCacheFilter$3(HandlerMappingIntrospector.java:195)
	at org.springframework.web.filter.CompositeFilter$VirtualFilterChain.doFilter(CompositeFilter.java:113)
	at org.springframework.web.filter.CompositeFilter.doFilter(CompositeFilter.java:74)
	at org.springframework.security.config.annotation.web.configuration.WebMvcSecurityConfiguration$CompositeFilterChainProxy.doFilter(WebMvcSecurityConfiguration.java:230)
	at org.springframework.web.filter.DelegatingFilterProxy.invokeDelegate(DelegatingFilterProxy.java:352)
	at org.springframework.web.filter.DelegatingFilterProxy.doFilter(DelegatingFilterProxy.java:268)
	at org.apache.catalina.core.ApplicationFilterChain.internalDoFilter(ApplicationFilterChain.java:164)
	at org.apache.catalina.core.ApplicationFilterChain.doFilter(ApplicationFilterChain.java:140)
	at org.springframework.web.filter.RequestContextFilter.doFilterInternal(RequestContextFilter.java:100)
	at org.springframework.web.filter.OncePerRequestFilter.doFilter(OncePerRequestFilter.java:116)
	at org.apache.catalina.core.ApplicationFilterChain.internalDoFilter(ApplicationFilterChain.java:164)
	at org.apache.catalina.core.ApplicationFilterChain.doFilter(ApplicationFilterChain.java:140)
	at org.springframework.web.filter.FormContentFilter.doFilterInternal(FormContentFilter.java:93)
	at org.springframework.web.filter.OncePerRequestFilter.doFilter(OncePerRequestFilter.java:116)
	at org.apache.catalina.core.ApplicationFilterChain.internalDoFilter(ApplicationFilterChain.java:164)
	at org.apache.catalina.core.ApplicationFilterChain.doFilter(ApplicationFilterChain.java:140)
	at org.springframework.web.filter.ServerHttpObservationFilter.doFilterInternal(ServerHttpObservationFilter.java:113)
	at org.springframework.web.filter.OncePerRequestFilter.doFilter(OncePerRequestFilter.java:116)
	at org.apache.catalina.core.ApplicationFilterChain.internalDoFilter(ApplicationFilterChain.java:164)
	at org.apache.catalina.core.ApplicationFilterChain.doFilter(ApplicationFilterChain.java:140)
	at org.springframework.web.filter.CharacterEncodingFilter.doFilterInternal(CharacterEncodingFilter.java:201)
	at org.springframework.web.filter.OncePerRequestFilter.doFilter(OncePerRequestFilter.java:116)
	at org.apache.catalina.core.ApplicationFilterChain.internalDoFilter(ApplicationFilterChain.java:164)
	at org.apache.catalina.core.ApplicationFilterChain.doFilter(ApplicationFilterChain.java:140)
	at org.apache.catalina.core.StandardWrapperValve.invoke(StandardWrapperValve.java:167)
	at org.apache.catalina.core.StandardContextValve.invoke(StandardContextValve.java:90)
	at org.apache.catalina.authenticator.AuthenticatorBase.invoke(AuthenticatorBase.java:483)
	at org.apache.catalina.core.StandardHostValve.invoke(StandardHostValve.java:115)
	at org.apache.catalina.valves.ErrorReportValve.invoke(ErrorReportValve.java:93)
	at org.apache.catalina.core.StandardEngineValve.invoke(StandardEngineValve.java:74)
	at org.apache.catalina.connector.CoyoteAdapter.service(CoyoteAdapter.java:344)
	at org.apache.coyote.http11.Http11Processor.service(Http11Processor.java:384)
	at org.apache.coyote.AbstractProcessorLight.process(AbstractProcessorLight.java:63)
	at org.apache.coyote.AbstractProtocol$ConnectionHandler.process(AbstractProtocol.java:905)
	at org.apache.tomcat.util.net.NioEndpoint$SocketProcessor.doRun(NioEndpoint.java:1741)
	at org.apache.tomcat.util.net.SocketProcessorBase.run(SocketProcessorBase.java:52)
	at org.apache.tomcat.util.threads.ThreadPoolExecutor.runWorker(ThreadPoolExecutor.java:1190)
	at org.apache.tomcat.util.threads.ThreadPoolExecutor$Worker.run(ThreadPoolExecutor.java:659)
	at org.apache.tomcat.util.threads.TaskThread$WrappingRunnable.run(TaskThread.java:63)
	at java.base/java.lang.Thread.run(Thread.java:1583)
Caused by: dev.langchain4j.exception.HttpException: {"error":"model requires more system memory (16.7 GiB) than is available (14.2 GiB)"}
	at dev.langchain4j.http.client.jdk.JdkHttpClient.execute(JdkHttpClient.java:53)
	at dev.langchain4j.model.ollama.OllamaClient.chat(OllamaClient.java:102)
	at dev.langchain4j.model.ollama.OllamaChatModel.lambda$doChat$0(OllamaChatModel.java:41)
	at dev.langchain4j.internal.ExceptionMapper.withExceptionMapper(ExceptionMapper.java:29)
	... 160 common frames omitted
2026-03-09 13:46:53.798 [http-nio-18080-exec-8] WARN  dev.langchain4j.internal.RetryUtils - A retriable exception occurred. Remaining retries: 1 of 2
dev.langchain4j.exception.InternalServerException: {"error":"model requires more system memory (16.7 GiB) than is available (14.2 GiB)"}
	at dev.langchain4j.internal.ExceptionMapper$DefaultExceptionMapper.mapHttpStatusCode(ExceptionMapper.java:56)
	at dev.langchain4j.internal.ExceptionMapper$DefaultExceptionMapper.mapException(ExceptionMapper.java:44)
	at dev.langchain4j.internal.ExceptionMapper.withExceptionMapper(ExceptionMapper.java:31)
	at dev.langchain4j.internal.RetryUtils.lambda$withRetryMappingExceptions$1(RetryUtils.java:322)
	at dev.langchain4j.internal.RetryUtils$RetryPolicy.withRetry(RetryUtils.java:204)
	at dev.langchain4j.internal.RetryUtils.withRetry(RetryUtils.java:259)
	at dev.langchain4j.internal.RetryUtils.withRetryMappingExceptions(RetryUtils.java:322)
	at dev.langchain4j.internal.RetryUtils.withRetryMappingExceptions(RetryUtils.java:305)
	at dev.langchain4j.model.ollama.OllamaChatModel.doChat(OllamaChatModel.java:41)
	at dev.langchain4j.model.chat.ChatModel.chat(ChatModel.java:46)
	at dev.langchain4j.model.chat.ChatModel.chat(ChatModel.java:76)
	at com.river.LegalAssistant.service.advanced.LegalQueryTransformer.generateSubQuestions(LegalQueryTransformer.java:172)
	at com.river.LegalAssistant.service.advanced.LegalQueryTransformer.transform(LegalQueryTransformer.java:75)
	at dev.langchain4j.rag.DefaultRetrievalAugmentor.augment(DefaultRetrievalAugmentor.java:148)
	at com.river.LegalAssistant.service.advanced.AdvancedLegalRagService.retrieveContents(AdvancedLegalRagService.java:271)
	at com.river.LegalAssistant.service.advanced.AdvancedLegalRagService.advancedLegalChat(AdvancedLegalRagService.java:115)
	at com.river.LegalAssistant.controller.UnifiedChatController.handleAdvancedRagChat(UnifiedChatController.java:614)
	at com.river.LegalAssistant.controller.UnifiedChatController.chat(UnifiedChatController.java:116)
	at java.base/jdk.internal.reflect.DirectMethodHandleAccessor.invoke(DirectMethodHandleAccessor.java:103)
	at java.base/java.lang.reflect.Method.invoke(Method.java:580)
	at org.springframework.web.method.support.InvocableHandlerMethod.doInvoke(InvocableHandlerMethod.java:255)
	at org.springframework.web.method.support.InvocableHandlerMethod.invokeForRequest(InvocableHandlerMethod.java:188)
	at org.springframework.web.servlet.mvc.method.annotation.ServletInvocableHandlerMethod.invokeAndHandle(ServletInvocableHandlerMethod.java:118)
	at org.springframework.web.servlet.mvc.method.annotation.RequestMappingHandlerAdapter.invokeHandlerMethod(RequestMappingHandlerAdapter.java:926)
	at org.springframework.web.servlet.mvc.method.annotation.RequestMappingHandlerAdapter.handleInternal(RequestMappingHandlerAdapter.java:831)
	at org.springframework.web.servlet.mvc.method.AbstractHandlerMethodAdapter.handle(AbstractHandlerMethodAdapter.java:87)
	at org.springframework.web.servlet.DispatcherServlet.doDispatch(DispatcherServlet.java:1089)
	at org.springframework.web.servlet.DispatcherServlet.doService(DispatcherServlet.java:979)
	at org.springframework.web.servlet.FrameworkServlet.processRequest(FrameworkServlet.java:1014)
	at org.springframework.web.servlet.FrameworkServlet.doPost(FrameworkServlet.java:914)
	at jakarta.servlet.http.HttpServlet.service(HttpServlet.java:590)
	at org.springframework.web.servlet.FrameworkServlet.service(FrameworkServlet.java:885)
	at jakarta.servlet.http.HttpServlet.service(HttpServlet.java:658)
	at org.apache.catalina.core.ApplicationFilterChain.internalDoFilter(ApplicationFilterChain.java:195)
	at org.apache.catalina.core.ApplicationFilterChain.doFilter(ApplicationFilterChain.java:140)
	at org.apache.tomcat.websocket.server.WsFilter.doFilter(WsFilter.java:51)
	at org.apache.catalina.core.ApplicationFilterChain.internalDoFilter(ApplicationFilterChain.java:164)
	at org.apache.catalina.core.ApplicationFilterChain.doFilter(ApplicationFilterChain.java:140)
	at org.springframework.web.filter.CorsFilter.doFilterInternal(CorsFilter.java:91)
	at org.springframework.web.filter.OncePerRequestFilter.doFilter(OncePerRequestFilter.java:116)
	at org.apache.catalina.core.ApplicationFilterChain.internalDoFilter(ApplicationFilterChain.java:164)
	at org.apache.catalina.core.ApplicationFilterChain.doFilter(ApplicationFilterChain.java:140)
	at org.springframework.web.filter.OncePerRequestFilter.doFilter(OncePerRequestFilter.java:110)
	at org.apache.catalina.core.ApplicationFilterChain.internalDoFilter(ApplicationFilterChain.java:164)
	at org.apache.catalina.core.ApplicationFilterChain.doFilter(ApplicationFilterChain.java:140)
	at com.river.LegalAssistant.filter.RateLimitFilter.doFilter(RateLimitFilter.java:82)
	at org.apache.catalina.core.ApplicationFilterChain.internalDoFilter(ApplicationFilterChain.java:164)
	at org.apache.catalina.core.ApplicationFilterChain.doFilter(ApplicationFilterChain.java:140)
	at com.river.LegalAssistant.filter.RequestTrackingFilter.doFilter(RequestTrackingFilter.java:51)
	at org.apache.catalina.core.ApplicationFilterChain.internalDoFilter(ApplicationFilterChain.java:164)
	at org.apache.catalina.core.ApplicationFilterChain.doFilter(ApplicationFilterChain.java:140)
	at org.springframework.web.filter.CompositeFilter$VirtualFilterChain.doFilter(CompositeFilter.java:108)
	at org.springframework.security.web.FilterChainProxy.lambda$doFilterInternal$3(FilterChainProxy.java:231)
	at org.springframework.security.web.ObservationFilterChainDecorator$FilterObservation$SimpleFilterObservation.lambda$wrap$1(ObservationFilterChainDecorator.java:479)
	at org.springframework.security.web.ObservationFilterChainDecorator$AroundFilterObservation$SimpleAroundFilterObservation.lambda$wrap$1(ObservationFilterChainDecorator.java:340)
	at org.springframework.security.web.ObservationFilterChainDecorator.lambda$wrapSecured$0(ObservationFilterChainDecorator.java:82)
	at org.springframework.security.web.ObservationFilterChainDecorator$VirtualFilterChain.doFilter(ObservationFilterChainDecorator.java:128)
	at org.springframework.security.web.access.intercept.AuthorizationFilter.doFilter(AuthorizationFilter.java:100)
	at org.springframework.security.web.ObservationFilterChainDecorator$ObservationFilter.wrapFilter(ObservationFilterChainDecorator.java:240)
	at org.springframework.security.web.ObservationFilterChainDecorator$ObservationFilter.doFilter(ObservationFilterChainDecorator.java:227)
	at org.springframework.security.web.ObservationFilterChainDecorator$VirtualFilterChain.doFilter(ObservationFilterChainDecorator.java:137)
	at org.springframework.security.web.access.ExceptionTranslationFilter.doFilter(ExceptionTranslationFilter.java:126)
	at org.springframework.security.web.access.ExceptionTranslationFilter.doFilter(ExceptionTranslationFilter.java:120)
	at org.springframework.security.web.ObservationFilterChainDecorator$ObservationFilter.wrapFilter(ObservationFilterChainDecorator.java:240)
	at org.springframework.security.web.ObservationFilterChainDecorator$ObservationFilter.doFilter(ObservationFilterChainDecorator.java:227)
	at org.springframework.security.web.ObservationFilterChainDecorator$VirtualFilterChain.doFilter(ObservationFilterChainDecorator.java:137)
	at org.springframework.security.web.session.SessionManagementFilter.doFilter(SessionManagementFilter.java:131)
	at org.springframework.security.web.session.SessionManagementFilter.doFilter(SessionManagementFilter.java:85)
	at org.springframework.security.web.ObservationFilterChainDecorator$ObservationFilter.wrapFilter(ObservationFilterChainDecorator.java:240)
	at org.springframework.security.web.ObservationFilterChainDecorator$ObservationFilter.doFilter(ObservationFilterChainDecorator.java:227)
	at org.springframework.security.web.ObservationFilterChainDecorator$VirtualFilterChain.doFilter(ObservationFilterChainDecorator.java:137)
	at org.springframework.security.web.authentication.AnonymousAuthenticationFilter.doFilter(AnonymousAuthenticationFilter.java:100)
	at org.springframework.security.web.ObservationFilterChainDecorator$ObservationFilter.wrapFilter(ObservationFilterChainDecorator.java:240)
	at org.springframework.security.web.ObservationFilterChainDecorator$ObservationFilter.doFilter(ObservationFilterChainDecorator.java:227)
	at org.springframework.security.web.ObservationFilterChainDecorator$VirtualFilterChain.doFilter(ObservationFilterChainDecorator.java:137)
	at org.springframework.security.web.servletapi.SecurityContextHolderAwareRequestFilter.doFilter(SecurityContextHolderAwareRequestFilter.java:179)
	at org.springframework.security.web.ObservationFilterChainDecorator$ObservationFilter.wrapFilter(ObservationFilterChainDecorator.java:240)
	at org.springframework.security.web.ObservationFilterChainDecorator$ObservationFilter.doFilter(ObservationFilterChainDecorator.java:227)
	at org.springframework.security.web.ObservationFilterChainDecorator$VirtualFilterChain.doFilter(ObservationFilterChainDecorator.java:137)
	at org.springframework.security.web.savedrequest.RequestCacheAwareFilter.doFilter(RequestCacheAwareFilter.java:63)
	at org.springframework.security.web.ObservationFilterChainDecorator$ObservationFilter.wrapFilter(ObservationFilterChainDecorator.java:240)
	at org.springframework.security.web.ObservationFilterChainDecorator$ObservationFilter.doFilter(ObservationFilterChainDecorator.java:227)
	at org.springframework.security.web.ObservationFilterChainDecorator$VirtualFilterChain.doFilter(ObservationFilterChainDecorator.java:137)
	at com.river.LegalAssistant.filter.JwtAuthenticationFilter.doFilterInternal(JwtAuthenticationFilter.java:81)
	at org.springframework.web.filter.OncePerRequestFilter.doFilter(OncePerRequestFilter.java:116)
	at org.springframework.security.web.ObservationFilterChainDecorator$ObservationFilter.wrapFilter(ObservationFilterChainDecorator.java:240)
	at org.springframework.security.web.ObservationFilterChainDecorator$ObservationFilter.doFilter(ObservationFilterChainDecorator.java:227)
	at org.springframework.security.web.ObservationFilterChainDecorator$VirtualFilterChain.doFilter(ObservationFilterChainDecorator.java:137)
	at org.springframework.security.web.authentication.logout.LogoutFilter.doFilter(LogoutFilter.java:107)
	at org.springframework.security.web.authentication.logout.LogoutFilter.doFilter(LogoutFilter.java:93)
	at org.springframework.security.web.ObservationFilterChainDecorator$ObservationFilter.wrapFilter(ObservationFilterChainDecorator.java:240)
	at org.springframework.security.web.ObservationFilterChainDecorator$ObservationFilter.doFilter(ObservationFilterChainDecorator.java:227)
	at org.springframework.security.web.ObservationFilterChainDecorator$VirtualFilterChain.doFilter(ObservationFilterChainDecorator.java:137)
	at org.springframework.web.filter.CorsFilter.doFilterInternal(CorsFilter.java:91)
	at org.springframework.web.filter.OncePerRequestFilter.doFilter(OncePerRequestFilter.java:116)
	at org.springframework.security.web.ObservationFilterChainDecorator$ObservationFilter.wrapFilter(ObservationFilterChainDecorator.java:240)
	at org.springframework.security.web.ObservationFilterChainDecorator$ObservationFilter.doFilter(ObservationFilterChainDecorator.java:227)
	at org.springframework.security.web.ObservationFilterChainDecorator$VirtualFilterChain.doFilter(ObservationFilterChainDecorator.java:137)
	at org.springframework.security.web.header.HeaderWriterFilter.doHeadersAfter(HeaderWriterFilter.java:90)
	at org.springframework.security.web.header.HeaderWriterFilter.doFilterInternal(HeaderWriterFilter.java:75)
	at org.springframework.web.filter.OncePerRequestFilter.doFilter(OncePerRequestFilter.java:116)
	at org.springframework.security.web.ObservationFilterChainDecorator$ObservationFilter.wrapFilter(ObservationFilterChainDecorator.java:240)
	at org.springframework.security.web.ObservationFilterChainDecorator$ObservationFilter.doFilter(ObservationFilterChainDecorator.java:227)
	at org.springframework.security.web.ObservationFilterChainDecorator$VirtualFilterChain.doFilter(ObservationFilterChainDecorator.java:137)
	at org.springframework.security.web.context.SecurityContextHolderFilter.doFilter(SecurityContextHolderFilter.java:82)
	at org.springframework.security.web.context.SecurityContextHolderFilter.doFilter(SecurityContextHolderFilter.java:69)
	at org.springframework.security.web.ObservationFilterChainDecorator$ObservationFilter.wrapFilter(ObservationFilterChainDecorator.java:240)
	at org.springframework.security.web.ObservationFilterChainDecorator$ObservationFilter.doFilter(ObservationFilterChainDecorator.java:227)
	at org.springframework.security.web.ObservationFilterChainDecorator$VirtualFilterChain.doFilter(ObservationFilterChainDecorator.java:137)
	at org.springframework.security.web.context.request.async.WebAsyncManagerIntegrationFilter.doFilterInternal(WebAsyncManagerIntegrationFilter.java:62)
	at org.springframework.web.filter.OncePerRequestFilter.doFilter(OncePerRequestFilter.java:116)
	at org.springframework.security.web.ObservationFilterChainDecorator$ObservationFilter.wrapFilter(ObservationFilterChainDecorator.java:240)
	at org.springframework.security.web.ObservationFilterChainDecorator$ObservationFilter.doFilter(ObservationFilterChainDecorator.java:227)
	at org.springframework.security.web.ObservationFilterChainDecorator$VirtualFilterChain.doFilter(ObservationFilterChainDecorator.java:137)
	at org.springframework.security.web.session.DisableEncodeUrlFilter.doFilterInternal(DisableEncodeUrlFilter.java:42)
	at org.springframework.web.filter.OncePerRequestFilter.doFilter(OncePerRequestFilter.java:116)
	at org.springframework.security.web.ObservationFilterChainDecorator$ObservationFilter.wrapFilter(ObservationFilterChainDecorator.java:240)
	at org.springframework.security.web.ObservationFilterChainDecorator$AroundFilterObservation$SimpleAroundFilterObservation.lambda$wrap$0(ObservationFilterChainDecorator.java:323)
	at org.springframework.security.web.ObservationFilterChainDecorator$ObservationFilter.doFilter(ObservationFilterChainDecorator.java:224)
	at org.springframework.security.web.ObservationFilterChainDecorator$VirtualFilterChain.doFilter(ObservationFilterChainDecorator.java:137)
	at org.springframework.security.web.FilterChainProxy.doFilterInternal(FilterChainProxy.java:233)
	at org.springframework.security.web.FilterChainProxy.doFilter(FilterChainProxy.java:191)
	at org.springframework.web.filter.CompositeFilter$VirtualFilterChain.doFilter(CompositeFilter.java:113)
	at org.springframework.web.servlet.handler.HandlerMappingIntrospector.lambda$createCacheFilter$3(HandlerMappingIntrospector.java:195)
	at org.springframework.web.filter.CompositeFilter$VirtualFilterChain.doFilter(CompositeFilter.java:113)
	at org.springframework.web.filter.CompositeFilter.doFilter(CompositeFilter.java:74)
	at org.springframework.security.config.annotation.web.configuration.WebMvcSecurityConfiguration$CompositeFilterChainProxy.doFilter(WebMvcSecurityConfiguration.java:230)
	at org.springframework.web.filter.DelegatingFilterProxy.invokeDelegate(DelegatingFilterProxy.java:352)
	at org.springframework.web.filter.DelegatingFilterProxy.doFilter(DelegatingFilterProxy.java:268)
	at org.apache.catalina.core.ApplicationFilterChain.internalDoFilter(ApplicationFilterChain.java:164)
	at org.apache.catalina.core.ApplicationFilterChain.doFilter(ApplicationFilterChain.java:140)
	at org.springframework.web.filter.RequestContextFilter.doFilterInternal(RequestContextFilter.java:100)
	at org.springframework.web.filter.OncePerRequestFilter.doFilter(OncePerRequestFilter.java:116)
	at org.apache.catalina.core.ApplicationFilterChain.internalDoFilter(ApplicationFilterChain.java:164)
	at org.apache.catalina.core.ApplicationFilterChain.doFilter(ApplicationFilterChain.java:140)
	at org.springframework.web.filter.FormContentFilter.doFilterInternal(FormContentFilter.java:93)
	at org.springframework.web.filter.OncePerRequestFilter.doFilter(OncePerRequestFilter.java:116)
	at org.apache.catalina.core.ApplicationFilterChain.internalDoFilter(ApplicationFilterChain.java:164)
	at org.apache.catalina.core.ApplicationFilterChain.doFilter(ApplicationFilterChain.java:140)
	at org.springframework.web.filter.ServerHttpObservationFilter.doFilterInternal(ServerHttpObservationFilter.java:113)
	at org.springframework.web.filter.OncePerRequestFilter.doFilter(OncePerRequestFilter.java:116)
	at org.apache.catalina.core.ApplicationFilterChain.internalDoFilter(ApplicationFilterChain.java:164)
	at org.apache.catalina.core.ApplicationFilterChain.doFilter(ApplicationFilterChain.java:140)
	at org.springframework.web.filter.CharacterEncodingFilter.doFilterInternal(CharacterEncodingFilter.java:201)
	at org.springframework.web.filter.OncePerRequestFilter.doFilter(OncePerRequestFilter.java:116)
	at org.apache.catalina.core.ApplicationFilterChain.internalDoFilter(ApplicationFilterChain.java:164)
	at org.apache.catalina.core.ApplicationFilterChain.doFilter(ApplicationFilterChain.java:140)
	at org.apache.catalina.core.StandardWrapperValve.invoke(StandardWrapperValve.java:167)
	at org.apache.catalina.core.StandardContextValve.invoke(StandardContextValve.java:90)
	at org.apache.catalina.authenticator.AuthenticatorBase.invoke(AuthenticatorBase.java:483)
	at org.apache.catalina.core.StandardHostValve.invoke(StandardHostValve.java:115)
	at org.apache.catalina.valves.ErrorReportValve.invoke(ErrorReportValve.java:93)
	at org.apache.catalina.core.StandardEngineValve.invoke(StandardEngineValve.java:74)
	at org.apache.catalina.connector.CoyoteAdapter.service(CoyoteAdapter.java:344)
	at org.apache.coyote.http11.Http11Processor.service(Http11Processor.java:384)
	at org.apache.coyote.AbstractProcessorLight.process(AbstractProcessorLight.java:63)
	at org.apache.coyote.AbstractProtocol$ConnectionHandler.process(AbstractProtocol.java:905)
	at org.apache.tomcat.util.net.NioEndpoint$SocketProcessor.doRun(NioEndpoint.java:1741)
	at org.apache.tomcat.util.net.SocketProcessorBase.run(SocketProcessorBase.java:52)
	at org.apache.tomcat.util.threads.ThreadPoolExecutor.runWorker(ThreadPoolExecutor.java:1190)
	at org.apache.tomcat.util.threads.ThreadPoolExecutor$Worker.run(ThreadPoolExecutor.java:659)
	at org.apache.tomcat.util.threads.TaskThread$WrappingRunnable.run(TaskThread.java:63)
	at java.base/java.lang.Thread.run(Thread.java:1583)
Caused by: dev.langchain4j.exception.HttpException: {"error":"model requires more system memory (16.7 GiB) than is available (14.2 GiB)"}
	at dev.langchain4j.http.client.jdk.JdkHttpClient.execute(JdkHttpClient.java:53)
	at dev.langchain4j.model.ollama.OllamaClient.chat(OllamaClient.java:102)
	at dev.langchain4j.model.ollama.OllamaChatModel.lambda$doChat$0(OllamaChatModel.java:41)
	at dev.langchain4j.internal.ExceptionMapper.withExceptionMapper(ExceptionMapper.java:29)
	... 160 common frames omitted
2026-03-09 13:46:55.663 [http-nio-18080-exec-8] WARN  c.r.L.s.a.LegalQueryTransformer - 生成子问题失败: {"error":"model requires more system memory (16.7 GiB) than is available (14.1 GiB)"}
2026-03-09 13:46:55.668 [http-nio-18080-exec-8] INFO  c.r.L.s.a.LegalQueryTransformer - 查询转换完成，原始1个查询扩展为3个查询
2026-03-09 13:46:55.674 [pool-5-thread-17] INFO  c.r.L.s.advanced.LegalQueryRouter - 路由法律查询: 迟延履行责任在知识库里对应哪些处理原则？
2026-03-09 13:46:55.674 [pool-5-thread-18] INFO  c.r.L.s.advanced.LegalQueryRouter - 路由法律查询: 迟延履行法律责任在知识库里对应哪些处理原则？
2026-03-09 13:46:55.674 [pool-5-thread-19] INFO  c.r.L.s.advanced.LegalQueryRouter - 路由法律查询: 责任 处理
2026-03-09 13:46:56.688 [pool-5-thread-19] WARN  dev.langchain4j.internal.RetryUtils - A retriable exception occurred. Remaining retries: 2 of 2
dev.langchain4j.exception.InternalServerException: {"error":"model requires more system memory (16.7 GiB) than is available (13.8 GiB)"}
	at dev.langchain4j.internal.ExceptionMapper$DefaultExceptionMapper.mapHttpStatusCode(ExceptionMapper.java:56)
	at dev.langchain4j.internal.ExceptionMapper$DefaultExceptionMapper.mapException(ExceptionMapper.java:44)
	at dev.langchain4j.internal.ExceptionMapper.withExceptionMapper(ExceptionMapper.java:31)
	at dev.langchain4j.internal.RetryUtils.lambda$withRetryMappingExceptions$1(RetryUtils.java:322)
	at dev.langchain4j.internal.RetryUtils$RetryPolicy.withRetry(RetryUtils.java:204)
	at dev.langchain4j.internal.RetryUtils.withRetry(RetryUtils.java:259)
	at dev.langchain4j.internal.RetryUtils.withRetryMappingExceptions(RetryUtils.java:322)
	at dev.langchain4j.internal.RetryUtils.withRetryMappingExceptions(RetryUtils.java:305)
	at dev.langchain4j.model.ollama.OllamaChatModel.doChat(OllamaChatModel.java:41)
	at dev.langchain4j.model.chat.ChatModel.chat(ChatModel.java:46)
	at dev.langchain4j.model.chat.ChatModel.chat(ChatModel.java:76)
	at com.river.LegalAssistant.service.advanced.LegalQueryRouter.classifyByAI(LegalQueryRouter.java:147)
	at com.river.LegalAssistant.service.advanced.LegalQueryRouter.analyzeQuery(LegalQueryRouter.java:102)
	at com.river.LegalAssistant.service.advanced.LegalQueryRouter.route(LegalQueryRouter.java:77)
	at dev.langchain4j.rag.DefaultRetrievalAugmentor.lambda$process$1(DefaultRetrievalAugmentor.java:180)
	at java.base/java.util.concurrent.CompletableFuture$AsyncSupply.run(CompletableFuture.java:1768)
	at java.base/java.util.concurrent.ThreadPoolExecutor.runWorker(ThreadPoolExecutor.java:1144)
	at java.base/java.util.concurrent.ThreadPoolExecutor$Worker.run(ThreadPoolExecutor.java:642)
	at java.base/java.lang.Thread.run(Thread.java:1583)
Caused by: dev.langchain4j.exception.HttpException: {"error":"model requires more system memory (16.7 GiB) than is available (13.8 GiB)"}
	at dev.langchain4j.http.client.jdk.JdkHttpClient.execute(JdkHttpClient.java:53)
	at dev.langchain4j.model.ollama.OllamaClient.chat(OllamaClient.java:102)
	at dev.langchain4j.model.ollama.OllamaChatModel.lambda$doChat$0(OllamaChatModel.java:41)
	at dev.langchain4j.internal.ExceptionMapper.withExceptionMapper(ExceptionMapper.java:29)
	... 16 common frames omitted
2026-03-09 13:46:57.746 [pool-5-thread-17] WARN  dev.langchain4j.internal.RetryUtils - A retriable exception occurred. Remaining retries: 2 of 2
dev.langchain4j.exception.InternalServerException: {"error":"model requires more system memory (16.7 GiB) than is available (14.0 GiB)"}
	at dev.langchain4j.internal.ExceptionMapper$DefaultExceptionMapper.mapHttpStatusCode(ExceptionMapper.java:56)
	at dev.langchain4j.internal.ExceptionMapper$DefaultExceptionMapper.mapException(ExceptionMapper.java:44)
	at dev.langchain4j.internal.ExceptionMapper.withExceptionMapper(ExceptionMapper.java:31)
	at dev.langchain4j.internal.RetryUtils.lambda$withRetryMappingExceptions$1(RetryUtils.java:322)
	at dev.langchain4j.internal.RetryUtils$RetryPolicy.withRetry(RetryUtils.java:204)
	at dev.langchain4j.internal.RetryUtils.withRetry(RetryUtils.java:259)
	at dev.langchain4j.internal.RetryUtils.withRetryMappingExceptions(RetryUtils.java:322)
	at dev.langchain4j.internal.RetryUtils.withRetryMappingExceptions(RetryUtils.java:305)
	at dev.langchain4j.model.ollama.OllamaChatModel.doChat(OllamaChatModel.java:41)
	at dev.langchain4j.model.chat.ChatModel.chat(ChatModel.java:46)
	at dev.langchain4j.model.chat.ChatModel.chat(ChatModel.java:76)
	at com.river.LegalAssistant.service.advanced.LegalQueryRouter.classifyByAI(LegalQueryRouter.java:147)
	at com.river.LegalAssistant.service.advanced.LegalQueryRouter.analyzeQuery(LegalQueryRouter.java:102)
	at com.river.LegalAssistant.service.advanced.LegalQueryRouter.route(LegalQueryRouter.java:77)
	at dev.langchain4j.rag.DefaultRetrievalAugmentor.lambda$process$1(DefaultRetrievalAugmentor.java:180)
	at java.base/java.util.concurrent.CompletableFuture$AsyncSupply.run(CompletableFuture.java:1768)
	at java.base/java.util.concurrent.ThreadPoolExecutor.runWorker(ThreadPoolExecutor.java:1144)
	at java.base/java.util.concurrent.ThreadPoolExecutor$Worker.run(ThreadPoolExecutor.java:642)
	at java.base/java.lang.Thread.run(Thread.java:1583)
Caused by: dev.langchain4j.exception.HttpException: {"error":"model requires more system memory (16.7 GiB) than is available (14.0 GiB)"}
	at dev.langchain4j.http.client.jdk.JdkHttpClient.execute(JdkHttpClient.java:53)
	at dev.langchain4j.model.ollama.OllamaClient.chat(OllamaClient.java:102)
	at dev.langchain4j.model.ollama.OllamaChatModel.lambda$doChat$0(OllamaChatModel.java:41)
	at dev.langchain4j.internal.ExceptionMapper.withExceptionMapper(ExceptionMapper.java:29)
	... 16 common frames omitted
2026-03-09 13:46:58.622 [pool-5-thread-18] WARN  dev.langchain4j.internal.RetryUtils - A retriable exception occurred. Remaining retries: 2 of 2
dev.langchain4j.exception.InternalServerException: {"error":"model requires more system memory (16.7 GiB) than is available (14.1 GiB)"}
	at dev.langchain4j.internal.ExceptionMapper$DefaultExceptionMapper.mapHttpStatusCode(ExceptionMapper.java:56)
	at dev.langchain4j.internal.ExceptionMapper$DefaultExceptionMapper.mapException(ExceptionMapper.java:44)
	at dev.langchain4j.internal.ExceptionMapper.withExceptionMapper(ExceptionMapper.java:31)
	at dev.langchain4j.internal.RetryUtils.lambda$withRetryMappingExceptions$1(RetryUtils.java:322)
	at dev.langchain4j.internal.RetryUtils$RetryPolicy.withRetry(RetryUtils.java:204)
	at dev.langchain4j.internal.RetryUtils.withRetry(RetryUtils.java:259)
	at dev.langchain4j.internal.RetryUtils.withRetryMappingExceptions(RetryUtils.java:322)
	at dev.langchain4j.internal.RetryUtils.withRetryMappingExceptions(RetryUtils.java:305)
	at dev.langchain4j.model.ollama.OllamaChatModel.doChat(OllamaChatModel.java:41)
	at dev.langchain4j.model.chat.ChatModel.chat(ChatModel.java:46)
	at dev.langchain4j.model.chat.ChatModel.chat(ChatModel.java:76)
	at com.river.LegalAssistant.service.advanced.LegalQueryRouter.classifyByAI(LegalQueryRouter.java:147)
	at com.river.LegalAssistant.service.advanced.LegalQueryRouter.analyzeQuery(LegalQueryRouter.java:102)
	at com.river.LegalAssistant.service.advanced.LegalQueryRouter.route(LegalQueryRouter.java:77)
	at dev.langchain4j.rag.DefaultRetrievalAugmentor.lambda$process$1(DefaultRetrievalAugmentor.java:180)
	at java.base/java.util.concurrent.CompletableFuture$AsyncSupply.run(CompletableFuture.java:1768)
	at java.base/java.util.concurrent.ThreadPoolExecutor.runWorker(ThreadPoolExecutor.java:1144)
	at java.base/java.util.concurrent.ThreadPoolExecutor$Worker.run(ThreadPoolExecutor.java:642)
	at java.base/java.lang.Thread.run(Thread.java:1583)
Caused by: dev.langchain4j.exception.HttpException: {"error":"model requires more system memory (16.7 GiB) than is available (14.1 GiB)"}
	at dev.langchain4j.http.client.jdk.JdkHttpClient.execute(JdkHttpClient.java:53)
	at dev.langchain4j.model.ollama.OllamaClient.chat(OllamaClient.java:102)
	at dev.langchain4j.model.ollama.OllamaChatModel.lambda$doChat$0(OllamaChatModel.java:41)
	at dev.langchain4j.internal.ExceptionMapper.withExceptionMapper(ExceptionMapper.java:29)
	... 16 common frames omitted
2026-03-09 13:46:59.470 [pool-5-thread-19] WARN  dev.langchain4j.internal.RetryUtils - A retriable exception occurred. Remaining retries: 1 of 2
dev.langchain4j.exception.InternalServerException: {"error":"model requires more system memory (16.7 GiB) than is available (14.1 GiB)"}
	at dev.langchain4j.internal.ExceptionMapper$DefaultExceptionMapper.mapHttpStatusCode(ExceptionMapper.java:56)
	at dev.langchain4j.internal.ExceptionMapper$DefaultExceptionMapper.mapException(ExceptionMapper.java:44)
	at dev.langchain4j.internal.ExceptionMapper.withExceptionMapper(ExceptionMapper.java:31)
	at dev.langchain4j.internal.RetryUtils.lambda$withRetryMappingExceptions$1(RetryUtils.java:322)
	at dev.langchain4j.internal.RetryUtils$RetryPolicy.withRetry(RetryUtils.java:204)
	at dev.langchain4j.internal.RetryUtils.withRetry(RetryUtils.java:259)
	at dev.langchain4j.internal.RetryUtils.withRetryMappingExceptions(RetryUtils.java:322)
	at dev.langchain4j.internal.RetryUtils.withRetryMappingExceptions(RetryUtils.java:305)
	at dev.langchain4j.model.ollama.OllamaChatModel.doChat(OllamaChatModel.java:41)
	at dev.langchain4j.model.chat.ChatModel.chat(ChatModel.java:46)
	at dev.langchain4j.model.chat.ChatModel.chat(ChatModel.java:76)
	at com.river.LegalAssistant.service.advanced.LegalQueryRouter.classifyByAI(LegalQueryRouter.java:147)
	at com.river.LegalAssistant.service.advanced.LegalQueryRouter.analyzeQuery(LegalQueryRouter.java:102)
	at com.river.LegalAssistant.service.advanced.LegalQueryRouter.route(LegalQueryRouter.java:77)
	at dev.langchain4j.rag.DefaultRetrievalAugmentor.lambda$process$1(DefaultRetrievalAugmentor.java:180)
	at java.base/java.util.concurrent.CompletableFuture$AsyncSupply.run(CompletableFuture.java:1768)
	at java.base/java.util.concurrent.ThreadPoolExecutor.runWorker(ThreadPoolExecutor.java:1144)
	at java.base/java.util.concurrent.ThreadPoolExecutor$Worker.run(ThreadPoolExecutor.java:642)
	at java.base/java.lang.Thread.run(Thread.java:1583)
Caused by: dev.langchain4j.exception.HttpException: {"error":"model requires more system memory (16.7 GiB) than is available (14.1 GiB)"}
	at dev.langchain4j.http.client.jdk.JdkHttpClient.execute(JdkHttpClient.java:53)
	at dev.langchain4j.model.ollama.OllamaClient.chat(OllamaClient.java:102)
	at dev.langchain4j.model.ollama.OllamaChatModel.lambda$doChat$0(OllamaChatModel.java:41)
	at dev.langchain4j.internal.ExceptionMapper.withExceptionMapper(ExceptionMapper.java:29)
	... 16 common frames omitted
2026-03-09 13:47:00.298 [pool-5-thread-17] WARN  dev.langchain4j.internal.RetryUtils - A retriable exception occurred. Remaining retries: 1 of 2
dev.langchain4j.exception.InternalServerException: {"error":"model requires more system memory (16.7 GiB) than is available (14.1 GiB)"}
	at dev.langchain4j.internal.ExceptionMapper$DefaultExceptionMapper.mapHttpStatusCode(ExceptionMapper.java:56)
	at dev.langchain4j.internal.ExceptionMapper$DefaultExceptionMapper.mapException(ExceptionMapper.java:44)
	at dev.langchain4j.internal.ExceptionMapper.withExceptionMapper(ExceptionMapper.java:31)
	at dev.langchain4j.internal.RetryUtils.lambda$withRetryMappingExceptions$1(RetryUtils.java:322)
	at dev.langchain4j.internal.RetryUtils$RetryPolicy.withRetry(RetryUtils.java:204)
	at dev.langchain4j.internal.RetryUtils.withRetry(RetryUtils.java:259)
	at dev.langchain4j.internal.RetryUtils.withRetryMappingExceptions(RetryUtils.java:322)
	at dev.langchain4j.internal.RetryUtils.withRetryMappingExceptions(RetryUtils.java:305)
	at dev.langchain4j.model.ollama.OllamaChatModel.doChat(OllamaChatModel.java:41)
	at dev.langchain4j.model.chat.ChatModel.chat(ChatModel.java:46)
	at dev.langchain4j.model.chat.ChatModel.chat(ChatModel.java:76)
	at com.river.LegalAssistant.service.advanced.LegalQueryRouter.classifyByAI(LegalQueryRouter.java:147)
	at com.river.LegalAssistant.service.advanced.LegalQueryRouter.analyzeQuery(LegalQueryRouter.java:102)
	at com.river.LegalAssistant.service.advanced.LegalQueryRouter.route(LegalQueryRouter.java:77)
	at dev.langchain4j.rag.DefaultRetrievalAugmentor.lambda$process$1(DefaultRetrievalAugmentor.java:180)
	at java.base/java.util.concurrent.CompletableFuture$AsyncSupply.run(CompletableFuture.java:1768)
	at java.base/java.util.concurrent.ThreadPoolExecutor.runWorker(ThreadPoolExecutor.java:1144)
	at java.base/java.util.concurrent.ThreadPoolExecutor$Worker.run(ThreadPoolExecutor.java:642)
	at java.base/java.lang.Thread.run(Thread.java:1583)
Caused by: dev.langchain4j.exception.HttpException: {"error":"model requires more system memory (16.7 GiB) than is available (14.1 GiB)"}
	at dev.langchain4j.http.client.jdk.JdkHttpClient.execute(JdkHttpClient.java:53)
	at dev.langchain4j.model.ollama.OllamaClient.chat(OllamaClient.java:102)
	at dev.langchain4j.model.ollama.OllamaChatModel.lambda$doChat$0(OllamaChatModel.java:41)
	at dev.langchain4j.internal.ExceptionMapper.withExceptionMapper(ExceptionMapper.java:29)
	... 16 common frames omitted
2026-03-09 13:47:01.148 [pool-5-thread-18] WARN  dev.langchain4j.internal.RetryUtils - A retriable exception occurred. Remaining retries: 1 of 2
dev.langchain4j.exception.InternalServerException: {"error":"model requires more system memory (16.7 GiB) than is available (14.1 GiB)"}
	at dev.langchain4j.internal.ExceptionMapper$DefaultExceptionMapper.mapHttpStatusCode(ExceptionMapper.java:56)
	at dev.langchain4j.internal.ExceptionMapper$DefaultExceptionMapper.mapException(ExceptionMapper.java:44)
	at dev.langchain4j.internal.ExceptionMapper.withExceptionMapper(ExceptionMapper.java:31)
	at dev.langchain4j.internal.RetryUtils.lambda$withRetryMappingExceptions$1(RetryUtils.java:322)
	at dev.langchain4j.internal.RetryUtils$RetryPolicy.withRetry(RetryUtils.java:204)
	at dev.langchain4j.internal.RetryUtils.withRetry(RetryUtils.java:259)
	at dev.langchain4j.internal.RetryUtils.withRetryMappingExceptions(RetryUtils.java:322)
	at dev.langchain4j.internal.RetryUtils.withRetryMappingExceptions(RetryUtils.java:305)
	at dev.langchain4j.model.ollama.OllamaChatModel.doChat(OllamaChatModel.java:41)
	at dev.langchain4j.model.chat.ChatModel.chat(ChatModel.java:46)
	at dev.langchain4j.model.chat.ChatModel.chat(ChatModel.java:76)
	at com.river.LegalAssistant.service.advanced.LegalQueryRouter.classifyByAI(LegalQueryRouter.java:147)
	at com.river.LegalAssistant.service.advanced.LegalQueryRouter.analyzeQuery(LegalQueryRouter.java:102)
	at com.river.LegalAssistant.service.advanced.LegalQueryRouter.route(LegalQueryRouter.java:77)
	at dev.langchain4j.rag.DefaultRetrievalAugmentor.lambda$process$1(DefaultRetrievalAugmentor.java:180)
	at java.base/java.util.concurrent.CompletableFuture$AsyncSupply.run(CompletableFuture.java:1768)
	at java.base/java.util.concurrent.ThreadPoolExecutor.runWorker(ThreadPoolExecutor.java:1144)
	at java.base/java.util.concurrent.ThreadPoolExecutor$Worker.run(ThreadPoolExecutor.java:642)
	at java.base/java.lang.Thread.run(Thread.java:1583)
Caused by: dev.langchain4j.exception.HttpException: {"error":"model requires more system memory (16.7 GiB) than is available (14.1 GiB)"}
	at dev.langchain4j.http.client.jdk.JdkHttpClient.execute(JdkHttpClient.java:53)
	at dev.langchain4j.model.ollama.OllamaClient.chat(OllamaClient.java:102)
	at dev.langchain4j.model.ollama.OllamaChatModel.lambda$doChat$0(OllamaChatModel.java:41)
	at dev.langchain4j.internal.ExceptionMapper.withExceptionMapper(ExceptionMapper.java:29)
	... 16 common frames omitted
2026-03-09 13:47:02.006 [pool-5-thread-19] WARN  c.r.L.s.advanced.LegalQueryRouter - AI查询分类失败: {"error":"model requires more system memory (16.7 GiB) than is available (14.1 GiB)"}
2026-03-09 13:47:02.007 [pool-5-thread-19] INFO  c.r.L.s.advanced.LegalQueryRouter - 为查询类型 GENERAL 选择了 1 个检索器
2026-03-09 13:47:02.008 [pool-5-thread-20] INFO  c.r.L.s.a.LegalContentRetriever - 多源检索法律内容: 责任 处理
2026-03-09 13:47:02.861 [pool-5-thread-17] WARN  c.r.L.s.advanced.LegalQueryRouter - AI查询分类失败: {"error":"model requires more system memory (16.7 GiB) than is available (14.2 GiB)"}
2026-03-09 13:47:02.861 [pool-5-thread-17] INFO  c.r.L.s.advanced.LegalQueryRouter - 为查询类型 CONTRACT_ANALYSIS 选择了 2 个检索器
2026-03-09 13:47:02.862 [pool-5-thread-19] INFO  c.r.L.s.a.LegalContentRetriever - 多源检索法律内容: 迟延履行责任在知识库里对应哪些处理原则？
2026-03-09 13:47:02.863 [pool-5-thread-21] INFO  c.r.L.s.a.LegalContentRetriever - 多源检索法律内容: 迟延履行责任在知识库里对应哪些处理原则？
2026-03-09 13:47:03.838 [pool-5-thread-20] INFO  c.r.L.s.a.LegalContentRetriever - 多源检索完成，返回 6 个结果
2026-03-09 13:47:05.102 [pool-5-thread-18] WARN  c.r.L.s.advanced.LegalQueryRouter - AI查询分类失败: {"error":"model requires more system memory (16.7 GiB) than is available (12.8 GiB)"}
2026-03-09 13:47:05.103 [pool-5-thread-18] INFO  c.r.L.s.advanced.LegalQueryRouter - 为查询类型 CONTRACT_ANALYSIS 选择了 2 个检索器
2026-03-09 13:47:05.104 [pool-5-thread-22] INFO  c.r.L.s.a.LegalContentRetriever - 多源检索法律内容: 迟延履行法律责任在知识库里对应哪些处理原则？
2026-03-09 13:47:05.104 [pool-5-thread-23] INFO  c.r.L.s.a.LegalContentRetriever - 多源检索法律内容: 迟延履行法律责任在知识库里对应哪些处理原则？
2026-03-09 13:47:06.044 [pool-5-thread-21] INFO  c.r.L.s.a.LegalContentRetriever - 多源检索完成，返回 6 个结果
2026-03-09 13:47:06.051 [pool-5-thread-22] INFO  c.r.L.s.a.LegalContentRetriever - 多源检索完成，返回 6 个结果
2026-03-09 13:47:06.052 [pool-5-thread-19] INFO  c.r.L.s.a.LegalContentRetriever - 多源检索完成，返回 6 个结果
2026-03-09 13:47:06.057 [pool-5-thread-23] INFO  c.r.L.s.a.LegalContentRetriever - 多源检索完成，返回 6 个结果
2026-03-09 13:47:06.057 [http-nio-18080-exec-8] INFO  c.r.L.s.a.LegalContentAggregator - 开始聚合法律内容，共 3 个查询，总内容数: 30
2026-03-09 13:47:06.060 [http-nio-18080-exec-8] INFO  c.r.L.s.a.LegalContentAggregator - 内容聚合完成，返回 6 个结果
2026-03-09 13:47:06.060 [http-nio-18080-exec-8] INFO  c.r.L.s.a.LegalContentInjector - 注入法律内容到用户消息，内容数量: 6
2026-03-09 13:47:06.061 [http-nio-18080-exec-8] INFO  c.r.L.s.a.LegalContentInjector - 法律内容注入完成，增强消息长度: 275
2026-03-09 13:47:09.007 [http-nio-18080-exec-8] WARN  c.r.L.service.PromptTemplateService - 模板变量未提供: source
2026-03-09 13:47:26.415 [http-nio-18080-exec-8] INFO  c.r.L.s.a.AdvancedLegalRagService - Advanced RAG answer generated, sessionId=default, sourceCount=6, generationModel=deepseek-chat, durationMs=40375
2026-03-09 13:47:26.415 [http-nio-18080-exec-8] INFO  c.r.L.c.UnifiedChatController - 统一聊天请求处理完成，耗时: 40376 ms
2026-03-09 13:47:26.416 [http-nio-18080-exec-8] INFO  c.r.L.filter.RequestTrackingFilter - [REQUEST_END] traceId=1d506ba7, method=POST, uri=/api/v1/chat, status=200, duration=40377ms
2026-03-09 13:47:26.429 [http-nio-18080-exec-10] INFO  c.r.L.c.UnifiedChatController - 收到统一聊天请求: message=电商平台处理七天无理由退货时，哪些情形可以不适用？, modelType=UNIFIED, conversationId=null, useKnowledgeBase=true
2026-03-09 13:47:26.429 [http-nio-18080-exec-10] INFO  c.r.L.c.UnifiedChatController - Unified mode routed to Advanced Agent by default
2026-03-09 13:47:29.153 [http-nio-18080-exec-10] INFO  c.r.L.service.AgentService - 处理法律咨询请求: 电商平台处理七天无理由退货时，哪些情形可以不适用？, 会话ID: default
2026-03-09 13:47:29.155 [http-nio-18080-exec-10] INFO  c.r.L.service.AgentService - ✅ 使用 DeepSeek 高级模型处理请求（详细版），会话: default
2026-03-09 13:48:17.205 [http-nio-18080-exec-10] INFO  c.r.L.service.AgentService - ✅ DeepSeek响应成功，响应长度: 2029
2026-03-09 13:48:17.211 [http-nio-18080-exec-10] INFO  c.r.L.service.AgentService - 📊 最终使用模型: DeepSeek AI Agent (deepseek-chat), 会话: default
2026-03-09 13:48:17.211 [http-nio-18080-exec-10] INFO  c.r.L.c.UnifiedChatController - 统一聊天请求处理完成，耗时: 50782 ms
2026-03-09 13:48:17.212 [http-nio-18080-exec-10] INFO  c.r.L.filter.RequestTrackingFilter - [REQUEST_END] traceId=740fe6db, method=POST, uri=/api/v1/chat, status=200, duration=50784ms
2026-03-09 13:48:17.221 [http-nio-18080-exec-1] INFO  c.r.L.c.UnifiedChatController - 收到统一聊天请求: message=经营者披露促销规则时需要注意什么？, modelType=UNIFIED, conversationId=null, useKnowledgeBase=true
2026-03-09 13:48:17.222 [http-nio-18080-exec-1] INFO  c.r.L.c.UnifiedChatController - Unified mode routed to Advanced RAG for simple query
2026-03-09 13:48:17.222 [http-nio-18080-exec-1] INFO  c.r.L.s.a.AdvancedLegalRagService - Advanced RAG chat request received, sessionId=default
2026-03-09 13:48:17.222 [http-nio-18080-exec-1] INFO  c.r.L.s.a.LegalQueryTransformer - 转换法律查询: 经营者披露促销规则时需要注意什么？
2026-03-09 13:48:18.786 [http-nio-18080-exec-1] WARN  dev.langchain4j.internal.RetryUtils - A retriable exception occurred. Remaining retries: 2 of 2
dev.langchain4j.exception.InternalServerException: {"error":"model requires more system memory (16.7 GiB) than is available (12.6 GiB)"}
	at dev.langchain4j.internal.ExceptionMapper$DefaultExceptionMapper.mapHttpStatusCode(ExceptionMapper.java:56)
	at dev.langchain4j.internal.ExceptionMapper$DefaultExceptionMapper.mapException(ExceptionMapper.java:44)
	at dev.langchain4j.internal.ExceptionMapper.withExceptionMapper(ExceptionMapper.java:31)
	at dev.langchain4j.internal.RetryUtils.lambda$withRetryMappingExceptions$1(RetryUtils.java:322)
	at dev.langchain4j.internal.RetryUtils$RetryPolicy.withRetry(RetryUtils.java:204)
	at dev.langchain4j.internal.RetryUtils.withRetry(RetryUtils.java:259)
	at dev.langchain4j.internal.RetryUtils.withRetryMappingExceptions(RetryUtils.java:322)
	at dev.langchain4j.internal.RetryUtils.withRetryMappingExceptions(RetryUtils.java:305)
	at dev.langchain4j.model.ollama.OllamaChatModel.doChat(OllamaChatModel.java:41)
	at dev.langchain4j.model.chat.ChatModel.chat(ChatModel.java:46)
	at dev.langchain4j.model.chat.ChatModel.chat(ChatModel.java:76)
	at com.river.LegalAssistant.service.advanced.LegalQueryTransformer.generateProfessionalQuery(LegalQueryTransformer.java:139)
	at com.river.LegalAssistant.service.advanced.LegalQueryTransformer.transform(LegalQueryTransformer.java:68)
	at dev.langchain4j.rag.DefaultRetrievalAugmentor.augment(DefaultRetrievalAugmentor.java:148)
	at com.river.LegalAssistant.service.advanced.AdvancedLegalRagService.retrieveContents(AdvancedLegalRagService.java:271)
	at com.river.LegalAssistant.service.advanced.AdvancedLegalRagService.advancedLegalChat(AdvancedLegalRagService.java:115)
	at com.river.LegalAssistant.controller.UnifiedChatController.handleAdvancedRagChat(UnifiedChatController.java:614)
	at com.river.LegalAssistant.controller.UnifiedChatController.handleUnifiedChat(UnifiedChatController.java:652)
	at com.river.LegalAssistant.controller.UnifiedChatController.chat(UnifiedChatController.java:117)
	at java.base/jdk.internal.reflect.DirectMethodHandleAccessor.invoke(DirectMethodHandleAccessor.java:103)
	at java.base/java.lang.reflect.Method.invoke(Method.java:580)
	at org.springframework.web.method.support.InvocableHandlerMethod.doInvoke(InvocableHandlerMethod.java:255)
	at org.springframework.web.method.support.InvocableHandlerMethod.invokeForRequest(InvocableHandlerMethod.java:188)
	at org.springframework.web.servlet.mvc.method.annotation.ServletInvocableHandlerMethod.invokeAndHandle(ServletInvocableHandlerMethod.java:118)
	at org.springframework.web.servlet.mvc.method.annotation.RequestMappingHandlerAdapter.invokeHandlerMethod(RequestMappingHandlerAdapter.java:926)
	at org.springframework.web.servlet.mvc.method.annotation.RequestMappingHandlerAdapter.handleInternal(RequestMappingHandlerAdapter.java:831)
	at org.springframework.web.servlet.mvc.method.AbstractHandlerMethodAdapter.handle(AbstractHandlerMethodAdapter.java:87)
	at org.springframework.web.servlet.DispatcherServlet.doDispatch(DispatcherServlet.java:1089)
	at org.springframework.web.servlet.DispatcherServlet.doService(DispatcherServlet.java:979)
	at org.springframework.web.servlet.FrameworkServlet.processRequest(FrameworkServlet.java:1014)
	at org.springframework.web.servlet.FrameworkServlet.doPost(FrameworkServlet.java:914)
	at jakarta.servlet.http.HttpServlet.service(HttpServlet.java:590)
	at org.springframework.web.servlet.FrameworkServlet.service(FrameworkServlet.java:885)
	at jakarta.servlet.http.HttpServlet.service(HttpServlet.java:658)
	at org.apache.catalina.core.ApplicationFilterChain.internalDoFilter(ApplicationFilterChain.java:195)
	at org.apache.catalina.core.ApplicationFilterChain.doFilter(ApplicationFilterChain.java:140)
	at org.apache.tomcat.websocket.server.WsFilter.doFilter(WsFilter.java:51)
	at org.apache.catalina.core.ApplicationFilterChain.internalDoFilter(ApplicationFilterChain.java:164)
	at org.apache.catalina.core.ApplicationFilterChain.doFilter(ApplicationFilterChain.java:140)
	at org.springframework.web.filter.CorsFilter.doFilterInternal(CorsFilter.java:91)
	at org.springframework.web.filter.OncePerRequestFilter.doFilter(OncePerRequestFilter.java:116)
	at org.apache.catalina.core.ApplicationFilterChain.internalDoFilter(ApplicationFilterChain.java:164)
	at org.apache.catalina.core.ApplicationFilterChain.doFilter(ApplicationFilterChain.java:140)
	at org.springframework.web.filter.OncePerRequestFilter.doFilter(OncePerRequestFilter.java:110)
	at org.apache.catalina.core.ApplicationFilterChain.internalDoFilter(ApplicationFilterChain.java:164)
	at org.apache.catalina.core.ApplicationFilterChain.doFilter(ApplicationFilterChain.java:140)
	at com.river.LegalAssistant.filter.RateLimitFilter.doFilter(RateLimitFilter.java:82)
	at org.apache.catalina.core.ApplicationFilterChain.internalDoFilter(ApplicationFilterChain.java:164)
	at org.apache.catalina.core.ApplicationFilterChain.doFilter(ApplicationFilterChain.java:140)
	at com.river.LegalAssistant.filter.RequestTrackingFilter.doFilter(RequestTrackingFilter.java:51)
	at org.apache.catalina.core.ApplicationFilterChain.internalDoFilter(ApplicationFilterChain.java:164)
	at org.apache.catalina.core.ApplicationFilterChain.doFilter(ApplicationFilterChain.java:140)
	at org.springframework.web.filter.CompositeFilter$VirtualFilterChain.doFilter(CompositeFilter.java:108)
	at org.springframework.security.web.FilterChainProxy.lambda$doFilterInternal$3(FilterChainProxy.java:231)
	at org.springframework.security.web.ObservationFilterChainDecorator$FilterObservation$SimpleFilterObservation.lambda$wrap$1(ObservationFilterChainDecorator.java:479)
	at org.springframework.security.web.ObservationFilterChainDecorator$AroundFilterObservation$SimpleAroundFilterObservation.lambda$wrap$1(ObservationFilterChainDecorator.java:340)
	at org.springframework.security.web.ObservationFilterChainDecorator.lambda$wrapSecured$0(ObservationFilterChainDecorator.java:82)
	at org.springframework.security.web.ObservationFilterChainDecorator$VirtualFilterChain.doFilter(ObservationFilterChainDecorator.java:128)
	at org.springframework.security.web.access.intercept.AuthorizationFilter.doFilter(AuthorizationFilter.java:100)
	at org.springframework.security.web.ObservationFilterChainDecorator$ObservationFilter.wrapFilter(ObservationFilterChainDecorator.java:240)
	at org.springframework.security.web.ObservationFilterChainDecorator$ObservationFilter.doFilter(ObservationFilterChainDecorator.java:227)
	at org.springframework.security.web.ObservationFilterChainDecorator$VirtualFilterChain.doFilter(ObservationFilterChainDecorator.java:137)
	at org.springframework.security.web.access.ExceptionTranslationFilter.doFilter(ExceptionTranslationFilter.java:126)
	at org.springframework.security.web.access.ExceptionTranslationFilter.doFilter(ExceptionTranslationFilter.java:120)
	at org.springframework.security.web.ObservationFilterChainDecorator$ObservationFilter.wrapFilter(ObservationFilterChainDecorator.java:240)
	at org.springframework.security.web.ObservationFilterChainDecorator$ObservationFilter.doFilter(ObservationFilterChainDecorator.java:227)
	at org.springframework.security.web.ObservationFilterChainDecorator$VirtualFilterChain.doFilter(ObservationFilterChainDecorator.java:137)
	at org.springframework.security.web.session.SessionManagementFilter.doFilter(SessionManagementFilter.java:131)
	at org.springframework.security.web.session.SessionManagementFilter.doFilter(SessionManagementFilter.java:85)
	at org.springframework.security.web.ObservationFilterChainDecorator$ObservationFilter.wrapFilter(ObservationFilterChainDecorator.java:240)
	at org.springframework.security.web.ObservationFilterChainDecorator$ObservationFilter.doFilter(ObservationFilterChainDecorator.java:227)
	at org.springframework.security.web.ObservationFilterChainDecorator$VirtualFilterChain.doFilter(ObservationFilterChainDecorator.java:137)
	at org.springframework.security.web.authentication.AnonymousAuthenticationFilter.doFilter(AnonymousAuthenticationFilter.java:100)
	at org.springframework.security.web.ObservationFilterChainDecorator$ObservationFilter.wrapFilter(ObservationFilterChainDecorator.java:240)
	at org.springframework.security.web.ObservationFilterChainDecorator$ObservationFilter.doFilter(ObservationFilterChainDecorator.java:227)
	at org.springframework.security.web.ObservationFilterChainDecorator$VirtualFilterChain.doFilter(ObservationFilterChainDecorator.java:137)
	at org.springframework.security.web.servletapi.SecurityContextHolderAwareRequestFilter.doFilter(SecurityContextHolderAwareRequestFilter.java:179)
	at org.springframework.security.web.ObservationFilterChainDecorator$ObservationFilter.wrapFilter(ObservationFilterChainDecorator.java:240)
	at org.springframework.security.web.ObservationFilterChainDecorator$ObservationFilter.doFilter(ObservationFilterChainDecorator.java:227)
	at org.springframework.security.web.ObservationFilterChainDecorator$VirtualFilterChain.doFilter(ObservationFilterChainDecorator.java:137)
	at org.springframework.security.web.savedrequest.RequestCacheAwareFilter.doFilter(RequestCacheAwareFilter.java:63)
	at org.springframework.security.web.ObservationFilterChainDecorator$ObservationFilter.wrapFilter(ObservationFilterChainDecorator.java:240)
	at org.springframework.security.web.ObservationFilterChainDecorator$ObservationFilter.doFilter(ObservationFilterChainDecorator.java:227)
	at org.springframework.security.web.ObservationFilterChainDecorator$VirtualFilterChain.doFilter(ObservationFilterChainDecorator.java:137)
	at com.river.LegalAssistant.filter.JwtAuthenticationFilter.doFilterInternal(JwtAuthenticationFilter.java:81)
	at org.springframework.web.filter.OncePerRequestFilter.doFilter(OncePerRequestFilter.java:116)
	at org.springframework.security.web.ObservationFilterChainDecorator$ObservationFilter.wrapFilter(ObservationFilterChainDecorator.java:240)
	at org.springframework.security.web.ObservationFilterChainDecorator$ObservationFilter.doFilter(ObservationFilterChainDecorator.java:227)
	at org.springframework.security.web.ObservationFilterChainDecorator$VirtualFilterChain.doFilter(ObservationFilterChainDecorator.java:137)
	at org.springframework.security.web.authentication.logout.LogoutFilter.doFilter(LogoutFilter.java:107)
	at org.springframework.security.web.authentication.logout.LogoutFilter.doFilter(LogoutFilter.java:93)
	at org.springframework.security.web.ObservationFilterChainDecorator$ObservationFilter.wrapFilter(ObservationFilterChainDecorator.java:240)
	at org.springframework.security.web.ObservationFilterChainDecorator$ObservationFilter.doFilter(ObservationFilterChainDecorator.java:227)
	at org.springframework.security.web.ObservationFilterChainDecorator$VirtualFilterChain.doFilter(ObservationFilterChainDecorator.java:137)
	at org.springframework.web.filter.CorsFilter.doFilterInternal(CorsFilter.java:91)
	at org.springframework.web.filter.OncePerRequestFilter.doFilter(OncePerRequestFilter.java:116)
	at org.springframework.security.web.ObservationFilterChainDecorator$ObservationFilter.wrapFilter(ObservationFilterChainDecorator.java:240)
	at org.springframework.security.web.ObservationFilterChainDecorator$ObservationFilter.doFilter(ObservationFilterChainDecorator.java:227)
	at org.springframework.security.web.ObservationFilterChainDecorator$VirtualFilterChain.doFilter(ObservationFilterChainDecorator.java:137)
	at org.springframework.security.web.header.HeaderWriterFilter.doHeadersAfter(HeaderWriterFilter.java:90)
	at org.springframework.security.web.header.HeaderWriterFilter.doFilterInternal(HeaderWriterFilter.java:75)
	at org.springframework.web.filter.OncePerRequestFilter.doFilter(OncePerRequestFilter.java:116)
	at org.springframework.security.web.ObservationFilterChainDecorator$ObservationFilter.wrapFilter(ObservationFilterChainDecorator.java:240)
	at org.springframework.security.web.ObservationFilterChainDecorator$ObservationFilter.doFilter(ObservationFilterChainDecorator.java:227)
	at org.springframework.security.web.ObservationFilterChainDecorator$VirtualFilterChain.doFilter(ObservationFilterChainDecorator.java:137)
	at org.springframework.security.web.context.SecurityContextHolderFilter.doFilter(SecurityContextHolderFilter.java:82)
	at org.springframework.security.web.context.SecurityContextHolderFilter.doFilter(SecurityContextHolderFilter.java:69)
	at org.springframework.security.web.ObservationFilterChainDecorator$ObservationFilter.wrapFilter(ObservationFilterChainDecorator.java:240)
	at org.springframework.security.web.ObservationFilterChainDecorator$ObservationFilter.doFilter(ObservationFilterChainDecorator.java:227)
	at org.springframework.security.web.ObservationFilterChainDecorator$VirtualFilterChain.doFilter(ObservationFilterChainDecorator.java:137)
	at org.springframework.security.web.context.request.async.WebAsyncManagerIntegrationFilter.doFilterInternal(WebAsyncManagerIntegrationFilter.java:62)
	at org.springframework.web.filter.OncePerRequestFilter.doFilter(OncePerRequestFilter.java:116)
	at org.springframework.security.web.ObservationFilterChainDecorator$ObservationFilter.wrapFilter(ObservationFilterChainDecorator.java:240)
	at org.springframework.security.web.ObservationFilterChainDecorator$ObservationFilter.doFilter(ObservationFilterChainDecorator.java:227)
	at org.springframework.security.web.ObservationFilterChainDecorator$VirtualFilterChain.doFilter(ObservationFilterChainDecorator.java:137)
	at org.springframework.security.web.session.DisableEncodeUrlFilter.doFilterInternal(DisableEncodeUrlFilter.java:42)
	at org.springframework.web.filter.OncePerRequestFilter.doFilter(OncePerRequestFilter.java:116)
	at org.springframework.security.web.ObservationFilterChainDecorator$ObservationFilter.wrapFilter(ObservationFilterChainDecorator.java:240)
	at org.springframework.security.web.ObservationFilterChainDecorator$AroundFilterObservation$SimpleAroundFilterObservation.lambda$wrap$0(ObservationFilterChainDecorator.java:323)
	at org.springframework.security.web.ObservationFilterChainDecorator$ObservationFilter.doFilter(ObservationFilterChainDecorator.java:224)
	at org.springframework.security.web.ObservationFilterChainDecorator$VirtualFilterChain.doFilter(ObservationFilterChainDecorator.java:137)
	at org.springframework.security.web.FilterChainProxy.doFilterInternal(FilterChainProxy.java:233)
	at org.springframework.security.web.FilterChainProxy.doFilter(FilterChainProxy.java:191)
	at org.springframework.web.filter.CompositeFilter$VirtualFilterChain.doFilter(CompositeFilter.java:113)
	at org.springframework.web.servlet.handler.HandlerMappingIntrospector.lambda$createCacheFilter$3(HandlerMappingIntrospector.java:195)
	at org.springframework.web.filter.CompositeFilter$VirtualFilterChain.doFilter(CompositeFilter.java:113)
	at org.springframework.web.filter.CompositeFilter.doFilter(CompositeFilter.java:74)
	at org.springframework.security.config.annotation.web.configuration.WebMvcSecurityConfiguration$CompositeFilterChainProxy.doFilter(WebMvcSecurityConfiguration.java:230)
	at org.springframework.web.filter.DelegatingFilterProxy.invokeDelegate(DelegatingFilterProxy.java:352)
	at org.springframework.web.filter.DelegatingFilterProxy.doFilter(DelegatingFilterProxy.java:268)
	at org.apache.catalina.core.ApplicationFilterChain.internalDoFilter(ApplicationFilterChain.java:164)
	at org.apache.catalina.core.ApplicationFilterChain.doFilter(ApplicationFilterChain.java:140)
	at org.springframework.web.filter.RequestContextFilter.doFilterInternal(RequestContextFilter.java:100)
	at org.springframework.web.filter.OncePerRequestFilter.doFilter(OncePerRequestFilter.java:116)
	at org.apache.catalina.core.ApplicationFilterChain.internalDoFilter(ApplicationFilterChain.java:164)
	at org.apache.catalina.core.ApplicationFilterChain.doFilter(ApplicationFilterChain.java:140)
	at org.springframework.web.filter.FormContentFilter.doFilterInternal(FormContentFilter.java:93)
	at org.springframework.web.filter.OncePerRequestFilter.doFilter(OncePerRequestFilter.java:116)
	at org.apache.catalina.core.ApplicationFilterChain.internalDoFilter(ApplicationFilterChain.java:164)
	at org.apache.catalina.core.ApplicationFilterChain.doFilter(ApplicationFilterChain.java:140)
	at org.springframework.web.filter.ServerHttpObservationFilter.doFilterInternal(ServerHttpObservationFilter.java:113)
	at org.springframework.web.filter.OncePerRequestFilter.doFilter(OncePerRequestFilter.java:116)
	at org.apache.catalina.core.ApplicationFilterChain.internalDoFilter(ApplicationFilterChain.java:164)
	at org.apache.catalina.core.ApplicationFilterChain.doFilter(ApplicationFilterChain.java:140)
	at org.springframework.web.filter.CharacterEncodingFilter.doFilterInternal(CharacterEncodingFilter.java:201)
	at org.springframework.web.filter.OncePerRequestFilter.doFilter(OncePerRequestFilter.java:116)
	at org.apache.catalina.core.ApplicationFilterChain.internalDoFilter(ApplicationFilterChain.java:164)
	at org.apache.catalina.core.ApplicationFilterChain.doFilter(ApplicationFilterChain.java:140)
	at org.apache.catalina.core.StandardWrapperValve.invoke(StandardWrapperValve.java:167)
	at org.apache.catalina.core.StandardContextValve.invoke(StandardContextValve.java:90)
	at org.apache.catalina.authenticator.AuthenticatorBase.invoke(AuthenticatorBase.java:483)
	at org.apache.catalina.core.StandardHostValve.invoke(StandardHostValve.java:115)
	at org.apache.catalina.valves.ErrorReportValve.invoke(ErrorReportValve.java:93)
	at org.apache.catalina.core.StandardEngineValve.invoke(StandardEngineValve.java:74)
	at org.apache.catalina.connector.CoyoteAdapter.service(CoyoteAdapter.java:344)
	at org.apache.coyote.http11.Http11Processor.service(Http11Processor.java:384)
	at org.apache.coyote.AbstractProcessorLight.process(AbstractProcessorLight.java:63)
	at org.apache.coyote.AbstractProtocol$ConnectionHandler.process(AbstractProtocol.java:905)
	at org.apache.tomcat.util.net.NioEndpoint$SocketProcessor.doRun(NioEndpoint.java:1741)
	at org.apache.tomcat.util.net.SocketProcessorBase.run(SocketProcessorBase.java:52)
	at org.apache.tomcat.util.threads.ThreadPoolExecutor.runWorker(ThreadPoolExecutor.java:1190)
	at org.apache.tomcat.util.threads.ThreadPoolExecutor$Worker.run(ThreadPoolExecutor.java:659)
	at org.apache.tomcat.util.threads.TaskThread$WrappingRunnable.run(TaskThread.java:63)
	at java.base/java.lang.Thread.run(Thread.java:1583)
Caused by: dev.langchain4j.exception.HttpException: {"error":"model requires more system memory (16.7 GiB) than is available (12.6 GiB)"}
	at dev.langchain4j.http.client.jdk.JdkHttpClient.execute(JdkHttpClient.java:53)
	at dev.langchain4j.model.ollama.OllamaClient.chat(OllamaClient.java:102)
	at dev.langchain4j.model.ollama.OllamaChatModel.lambda$doChat$0(OllamaChatModel.java:41)
	at dev.langchain4j.internal.ExceptionMapper.withExceptionMapper(ExceptionMapper.java:29)
	... 161 common frames omitted
2026-03-09 13:48:20.250 [http-nio-18080-exec-1] WARN  dev.langchain4j.internal.RetryUtils - A retriable exception occurred. Remaining retries: 1 of 2
dev.langchain4j.exception.InternalServerException: {"error":"model requires more system memory (16.7 GiB) than is available (14.0 GiB)"}
	at dev.langchain4j.internal.ExceptionMapper$DefaultExceptionMapper.mapHttpStatusCode(ExceptionMapper.java:56)
	at dev.langchain4j.internal.ExceptionMapper$DefaultExceptionMapper.mapException(ExceptionMapper.java:44)
	at dev.langchain4j.internal.ExceptionMapper.withExceptionMapper(ExceptionMapper.java:31)
	at dev.langchain4j.internal.RetryUtils.lambda$withRetryMappingExceptions$1(RetryUtils.java:322)
	at dev.langchain4j.internal.RetryUtils$RetryPolicy.withRetry(RetryUtils.java:204)
	at dev.langchain4j.internal.RetryUtils.withRetry(RetryUtils.java:259)
	at dev.langchain4j.internal.RetryUtils.withRetryMappingExceptions(RetryUtils.java:322)
	at dev.langchain4j.internal.RetryUtils.withRetryMappingExceptions(RetryUtils.java:305)
	at dev.langchain4j.model.ollama.OllamaChatModel.doChat(OllamaChatModel.java:41)
	at dev.langchain4j.model.chat.ChatModel.chat(ChatModel.java:46)
	at dev.langchain4j.model.chat.ChatModel.chat(ChatModel.java:76)
	at com.river.LegalAssistant.service.advanced.LegalQueryTransformer.generateProfessionalQuery(LegalQueryTransformer.java:139)
	at com.river.LegalAssistant.service.advanced.LegalQueryTransformer.transform(LegalQueryTransformer.java:68)
	at dev.langchain4j.rag.DefaultRetrievalAugmentor.augment(DefaultRetrievalAugmentor.java:148)
	at com.river.LegalAssistant.service.advanced.AdvancedLegalRagService.retrieveContents(AdvancedLegalRagService.java:271)
	at com.river.LegalAssistant.service.advanced.AdvancedLegalRagService.advancedLegalChat(AdvancedLegalRagService.java:115)
	at com.river.LegalAssistant.controller.UnifiedChatController.handleAdvancedRagChat(UnifiedChatController.java:614)
	at com.river.LegalAssistant.controller.UnifiedChatController.handleUnifiedChat(UnifiedChatController.java:652)
	at com.river.LegalAssistant.controller.UnifiedChatController.chat(UnifiedChatController.java:117)
	at java.base/jdk.internal.reflect.DirectMethodHandleAccessor.invoke(DirectMethodHandleAccessor.java:103)
	at java.base/java.lang.reflect.Method.invoke(Method.java:580)
	at org.springframework.web.method.support.InvocableHandlerMethod.doInvoke(InvocableHandlerMethod.java:255)
	at org.springframework.web.method.support.InvocableHandlerMethod.invokeForRequest(InvocableHandlerMethod.java:188)
	at org.springframework.web.servlet.mvc.method.annotation.ServletInvocableHandlerMethod.invokeAndHandle(ServletInvocableHandlerMethod.java:118)
	at org.springframework.web.servlet.mvc.method.annotation.RequestMappingHandlerAdapter.invokeHandlerMethod(RequestMappingHandlerAdapter.java:926)
	at org.springframework.web.servlet.mvc.method.annotation.RequestMappingHandlerAdapter.handleInternal(RequestMappingHandlerAdapter.java:831)
	at org.springframework.web.servlet.mvc.method.AbstractHandlerMethodAdapter.handle(AbstractHandlerMethodAdapter.java:87)
	at org.springframework.web.servlet.DispatcherServlet.doDispatch(DispatcherServlet.java:1089)
	at org.springframework.web.servlet.DispatcherServlet.doService(DispatcherServlet.java:979)
	at org.springframework.web.servlet.FrameworkServlet.processRequest(FrameworkServlet.java:1014)
	at org.springframework.web.servlet.FrameworkServlet.doPost(FrameworkServlet.java:914)
	at jakarta.servlet.http.HttpServlet.service(HttpServlet.java:590)
	at org.springframework.web.servlet.FrameworkServlet.service(FrameworkServlet.java:885)
	at jakarta.servlet.http.HttpServlet.service(HttpServlet.java:658)
	at org.apache.catalina.core.ApplicationFilterChain.internalDoFilter(ApplicationFilterChain.java:195)
	at org.apache.catalina.core.ApplicationFilterChain.doFilter(ApplicationFilterChain.java:140)
	at org.apache.tomcat.websocket.server.WsFilter.doFilter(WsFilter.java:51)
	at org.apache.catalina.core.ApplicationFilterChain.internalDoFilter(ApplicationFilterChain.java:164)
	at org.apache.catalina.core.ApplicationFilterChain.doFilter(ApplicationFilterChain.java:140)
	at org.springframework.web.filter.CorsFilter.doFilterInternal(CorsFilter.java:91)
	at org.springframework.web.filter.OncePerRequestFilter.doFilter(OncePerRequestFilter.java:116)
	at org.apache.catalina.core.ApplicationFilterChain.internalDoFilter(ApplicationFilterChain.java:164)
	at org.apache.catalina.core.ApplicationFilterChain.doFilter(ApplicationFilterChain.java:140)
	at org.springframework.web.filter.OncePerRequestFilter.doFilter(OncePerRequestFilter.java:110)
	at org.apache.catalina.core.ApplicationFilterChain.internalDoFilter(ApplicationFilterChain.java:164)
	at org.apache.catalina.core.ApplicationFilterChain.doFilter(ApplicationFilterChain.java:140)
	at com.river.LegalAssistant.filter.RateLimitFilter.doFilter(RateLimitFilter.java:82)
	at org.apache.catalina.core.ApplicationFilterChain.internalDoFilter(ApplicationFilterChain.java:164)
	at org.apache.catalina.core.ApplicationFilterChain.doFilter(ApplicationFilterChain.java:140)
	at com.river.LegalAssistant.filter.RequestTrackingFilter.doFilter(RequestTrackingFilter.java:51)
	at org.apache.catalina.core.ApplicationFilterChain.internalDoFilter(ApplicationFilterChain.java:164)
	at org.apache.catalina.core.ApplicationFilterChain.doFilter(ApplicationFilterChain.java:140)
	at org.springframework.web.filter.CompositeFilter$VirtualFilterChain.doFilter(CompositeFilter.java:108)
	at org.springframework.security.web.FilterChainProxy.lambda$doFilterInternal$3(FilterChainProxy.java:231)
	at org.springframework.security.web.ObservationFilterChainDecorator$FilterObservation$SimpleFilterObservation.lambda$wrap$1(ObservationFilterChainDecorator.java:479)
	at org.springframework.security.web.ObservationFilterChainDecorator$AroundFilterObservation$SimpleAroundFilterObservation.lambda$wrap$1(ObservationFilterChainDecorator.java:340)
	at org.springframework.security.web.ObservationFilterChainDecorator.lambda$wrapSecured$0(ObservationFilterChainDecorator.java:82)
	at org.springframework.security.web.ObservationFilterChainDecorator$VirtualFilterChain.doFilter(ObservationFilterChainDecorator.java:128)
	at org.springframework.security.web.access.intercept.AuthorizationFilter.doFilter(AuthorizationFilter.java:100)
	at org.springframework.security.web.ObservationFilterChainDecorator$ObservationFilter.wrapFilter(ObservationFilterChainDecorator.java:240)
	at org.springframework.security.web.ObservationFilterChainDecorator$ObservationFilter.doFilter(ObservationFilterChainDecorator.java:227)
	at org.springframework.security.web.ObservationFilterChainDecorator$VirtualFilterChain.doFilter(ObservationFilterChainDecorator.java:137)
	at org.springframework.security.web.access.ExceptionTranslationFilter.doFilter(ExceptionTranslationFilter.java:126)
	at org.springframework.security.web.access.ExceptionTranslationFilter.doFilter(ExceptionTranslationFilter.java:120)
	at org.springframework.security.web.ObservationFilterChainDecorator$ObservationFilter.wrapFilter(ObservationFilterChainDecorator.java:240)
	at org.springframework.security.web.ObservationFilterChainDecorator$ObservationFilter.doFilter(ObservationFilterChainDecorator.java:227)
	at org.springframework.security.web.ObservationFilterChainDecorator$VirtualFilterChain.doFilter(ObservationFilterChainDecorator.java:137)
	at org.springframework.security.web.session.SessionManagementFilter.doFilter(SessionManagementFilter.java:131)
	at org.springframework.security.web.session.SessionManagementFilter.doFilter(SessionManagementFilter.java:85)
	at org.springframework.security.web.ObservationFilterChainDecorator$ObservationFilter.wrapFilter(ObservationFilterChainDecorator.java:240)
	at org.springframework.security.web.ObservationFilterChainDecorator$ObservationFilter.doFilter(ObservationFilterChainDecorator.java:227)
	at org.springframework.security.web.ObservationFilterChainDecorator$VirtualFilterChain.doFilter(ObservationFilterChainDecorator.java:137)
	at org.springframework.security.web.authentication.AnonymousAuthenticationFilter.doFilter(AnonymousAuthenticationFilter.java:100)
	at org.springframework.security.web.ObservationFilterChainDecorator$ObservationFilter.wrapFilter(ObservationFilterChainDecorator.java:240)
	at org.springframework.security.web.ObservationFilterChainDecorator$ObservationFilter.doFilter(ObservationFilterChainDecorator.java:227)
	at org.springframework.security.web.ObservationFilterChainDecorator$VirtualFilterChain.doFilter(ObservationFilterChainDecorator.java:137)
	at org.springframework.security.web.servletapi.SecurityContextHolderAwareRequestFilter.doFilter(SecurityContextHolderAwareRequestFilter.java:179)
	at org.springframework.security.web.ObservationFilterChainDecorator$ObservationFilter.wrapFilter(ObservationFilterChainDecorator.java:240)
	at org.springframework.security.web.ObservationFilterChainDecorator$ObservationFilter.doFilter(ObservationFilterChainDecorator.java:227)
	at org.springframework.security.web.ObservationFilterChainDecorator$VirtualFilterChain.doFilter(ObservationFilterChainDecorator.java:137)
	at org.springframework.security.web.savedrequest.RequestCacheAwareFilter.doFilter(RequestCacheAwareFilter.java:63)
	at org.springframework.security.web.ObservationFilterChainDecorator$ObservationFilter.wrapFilter(ObservationFilterChainDecorator.java:240)
	at org.springframework.security.web.ObservationFilterChainDecorator$ObservationFilter.doFilter(ObservationFilterChainDecorator.java:227)
	at org.springframework.security.web.ObservationFilterChainDecorator$VirtualFilterChain.doFilter(ObservationFilterChainDecorator.java:137)
	at com.river.LegalAssistant.filter.JwtAuthenticationFilter.doFilterInternal(JwtAuthenticationFilter.java:81)
	at org.springframework.web.filter.OncePerRequestFilter.doFilter(OncePerRequestFilter.java:116)
	at org.springframework.security.web.ObservationFilterChainDecorator$ObservationFilter.wrapFilter(ObservationFilterChainDecorator.java:240)
	at org.springframework.security.web.ObservationFilterChainDecorator$ObservationFilter.doFilter(ObservationFilterChainDecorator.java:227)
	at org.springframework.security.web.ObservationFilterChainDecorator$VirtualFilterChain.doFilter(ObservationFilterChainDecorator.java:137)
	at org.springframework.security.web.authentication.logout.LogoutFilter.doFilter(LogoutFilter.java:107)
	at org.springframework.security.web.authentication.logout.LogoutFilter.doFilter(LogoutFilter.java:93)
	at org.springframework.security.web.ObservationFilterChainDecorator$ObservationFilter.wrapFilter(ObservationFilterChainDecorator.java:240)
	at org.springframework.security.web.ObservationFilterChainDecorator$ObservationFilter.doFilter(ObservationFilterChainDecorator.java:227)
	at org.springframework.security.web.ObservationFilterChainDecorator$VirtualFilterChain.doFilter(ObservationFilterChainDecorator.java:137)
	at org.springframework.web.filter.CorsFilter.doFilterInternal(CorsFilter.java:91)
	at org.springframework.web.filter.OncePerRequestFilter.doFilter(OncePerRequestFilter.java:116)
	at org.springframework.security.web.ObservationFilterChainDecorator$ObservationFilter.wrapFilter(ObservationFilterChainDecorator.java:240)
	at org.springframework.security.web.ObservationFilterChainDecorator$ObservationFilter.doFilter(ObservationFilterChainDecorator.java:227)
	at org.springframework.security.web.ObservationFilterChainDecorator$VirtualFilterChain.doFilter(ObservationFilterChainDecorator.java:137)
	at org.springframework.security.web.header.HeaderWriterFilter.doHeadersAfter(HeaderWriterFilter.java:90)
	at org.springframework.security.web.header.HeaderWriterFilter.doFilterInternal(HeaderWriterFilter.java:75)
	at org.springframework.web.filter.OncePerRequestFilter.doFilter(OncePerRequestFilter.java:116)
	at org.springframework.security.web.ObservationFilterChainDecorator$ObservationFilter.wrapFilter(ObservationFilterChainDecorator.java:240)
	at org.springframework.security.web.ObservationFilterChainDecorator$ObservationFilter.doFilter(ObservationFilterChainDecorator.java:227)
	at org.springframework.security.web.ObservationFilterChainDecorator$VirtualFilterChain.doFilter(ObservationFilterChainDecorator.java:137)
	at org.springframework.security.web.context.SecurityContextHolderFilter.doFilter(SecurityContextHolderFilter.java:82)
	at org.springframework.security.web.context.SecurityContextHolderFilter.doFilter(SecurityContextHolderFilter.java:69)
	at org.springframework.security.web.ObservationFilterChainDecorator$ObservationFilter.wrapFilter(ObservationFilterChainDecorator.java:240)
	at org.springframework.security.web.ObservationFilterChainDecorator$ObservationFilter.doFilter(ObservationFilterChainDecorator.java:227)
	at org.springframework.security.web.ObservationFilterChainDecorator$VirtualFilterChain.doFilter(ObservationFilterChainDecorator.java:137)
	at org.springframework.security.web.context.request.async.WebAsyncManagerIntegrationFilter.doFilterInternal(WebAsyncManagerIntegrationFilter.java:62)
	at org.springframework.web.filter.OncePerRequestFilter.doFilter(OncePerRequestFilter.java:116)
	at org.springframework.security.web.ObservationFilterChainDecorator$ObservationFilter.wrapFilter(ObservationFilterChainDecorator.java:240)
	at org.springframework.security.web.ObservationFilterChainDecorator$ObservationFilter.doFilter(ObservationFilterChainDecorator.java:227)
	at org.springframework.security.web.ObservationFilterChainDecorator$VirtualFilterChain.doFilter(ObservationFilterChainDecorator.java:137)
	at org.springframework.security.web.session.DisableEncodeUrlFilter.doFilterInternal(DisableEncodeUrlFilter.java:42)
	at org.springframework.web.filter.OncePerRequestFilter.doFilter(OncePerRequestFilter.java:116)
	at org.springframework.security.web.ObservationFilterChainDecorator$ObservationFilter.wrapFilter(ObservationFilterChainDecorator.java:240)
	at org.springframework.security.web.ObservationFilterChainDecorator$AroundFilterObservation$SimpleAroundFilterObservation.lambda$wrap$0(ObservationFilterChainDecorator.java:323)
	at org.springframework.security.web.ObservationFilterChainDecorator$ObservationFilter.doFilter(ObservationFilterChainDecorator.java:224)
	at org.springframework.security.web.ObservationFilterChainDecorator$VirtualFilterChain.doFilter(ObservationFilterChainDecorator.java:137)
	at org.springframework.security.web.FilterChainProxy.doFilterInternal(FilterChainProxy.java:233)
	at org.springframework.security.web.FilterChainProxy.doFilter(FilterChainProxy.java:191)
	at org.springframework.web.filter.CompositeFilter$VirtualFilterChain.doFilter(CompositeFilter.java:113)
	at org.springframework.web.servlet.handler.HandlerMappingIntrospector.lambda$createCacheFilter$3(HandlerMappingIntrospector.java:195)
	at org.springframework.web.filter.CompositeFilter$VirtualFilterChain.doFilter(CompositeFilter.java:113)
	at org.springframework.web.filter.CompositeFilter.doFilter(CompositeFilter.java:74)
	at org.springframework.security.config.annotation.web.configuration.WebMvcSecurityConfiguration$CompositeFilterChainProxy.doFilter(WebMvcSecurityConfiguration.java:230)
	at org.springframework.web.filter.DelegatingFilterProxy.invokeDelegate(DelegatingFilterProxy.java:352)
	at org.springframework.web.filter.DelegatingFilterProxy.doFilter(DelegatingFilterProxy.java:268)
	at org.apache.catalina.core.ApplicationFilterChain.internalDoFilter(ApplicationFilterChain.java:164)
	at org.apache.catalina.core.ApplicationFilterChain.doFilter(ApplicationFilterChain.java:140)
	at org.springframework.web.filter.RequestContextFilter.doFilterInternal(RequestContextFilter.java:100)
	at org.springframework.web.filter.OncePerRequestFilter.doFilter(OncePerRequestFilter.java:116)
	at org.apache.catalina.core.ApplicationFilterChain.internalDoFilter(ApplicationFilterChain.java:164)
	at org.apache.catalina.core.ApplicationFilterChain.doFilter(ApplicationFilterChain.java:140)
	at org.springframework.web.filter.FormContentFilter.doFilterInternal(FormContentFilter.java:93)
	at org.springframework.web.filter.OncePerRequestFilter.doFilter(OncePerRequestFilter.java:116)
	at org.apache.catalina.core.ApplicationFilterChain.internalDoFilter(ApplicationFilterChain.java:164)
	at org.apache.catalina.core.ApplicationFilterChain.doFilter(ApplicationFilterChain.java:140)
	at org.springframework.web.filter.ServerHttpObservationFilter.doFilterInternal(ServerHttpObservationFilter.java:113)
	at org.springframework.web.filter.OncePerRequestFilter.doFilter(OncePerRequestFilter.java:116)
	at org.apache.catalina.core.ApplicationFilterChain.internalDoFilter(ApplicationFilterChain.java:164)
	at org.apache.catalina.core.ApplicationFilterChain.doFilter(ApplicationFilterChain.java:140)
	at org.springframework.web.filter.CharacterEncodingFilter.doFilterInternal(CharacterEncodingFilter.java:201)
	at org.springframework.web.filter.OncePerRequestFilter.doFilter(OncePerRequestFilter.java:116)
	at org.apache.catalina.core.ApplicationFilterChain.internalDoFilter(ApplicationFilterChain.java:164)
	at org.apache.catalina.core.ApplicationFilterChain.doFilter(ApplicationFilterChain.java:140)
	at org.apache.catalina.core.StandardWrapperValve.invoke(StandardWrapperValve.java:167)
	at org.apache.catalina.core.StandardContextValve.invoke(StandardContextValve.java:90)
	at org.apache.catalina.authenticator.AuthenticatorBase.invoke(AuthenticatorBase.java:483)
	at org.apache.catalina.core.StandardHostValve.invoke(StandardHostValve.java:115)
	at org.apache.catalina.valves.ErrorReportValve.invoke(ErrorReportValve.java:93)
	at org.apache.catalina.core.StandardEngineValve.invoke(StandardEngineValve.java:74)
	at org.apache.catalina.connector.CoyoteAdapter.service(CoyoteAdapter.java:344)
	at org.apache.coyote.http11.Http11Processor.service(Http11Processor.java:384)
	at org.apache.coyote.AbstractProcessorLight.process(AbstractProcessorLight.java:63)
	at org.apache.coyote.AbstractProtocol$ConnectionHandler.process(AbstractProtocol.java:905)
	at org.apache.tomcat.util.net.NioEndpoint$SocketProcessor.doRun(NioEndpoint.java:1741)
	at org.apache.tomcat.util.net.SocketProcessorBase.run(SocketProcessorBase.java:52)
	at org.apache.tomcat.util.threads.ThreadPoolExecutor.runWorker(ThreadPoolExecutor.java:1190)
	at org.apache.tomcat.util.threads.ThreadPoolExecutor$Worker.run(ThreadPoolExecutor.java:659)
	at org.apache.tomcat.util.threads.TaskThread$WrappingRunnable.run(TaskThread.java:63)
	at java.base/java.lang.Thread.run(Thread.java:1583)
Caused by: dev.langchain4j.exception.HttpException: {"error":"model requires more system memory (16.7 GiB) than is available (14.0 GiB)"}
	at dev.langchain4j.http.client.jdk.JdkHttpClient.execute(JdkHttpClient.java:53)
	at dev.langchain4j.model.ollama.OllamaClient.chat(OllamaClient.java:102)
	at dev.langchain4j.model.ollama.OllamaChatModel.lambda$doChat$0(OllamaChatModel.java:41)
	at dev.langchain4j.internal.ExceptionMapper.withExceptionMapper(ExceptionMapper.java:29)
	... 161 common frames omitted
2026-03-09 13:48:22.020 [http-nio-18080-exec-1] WARN  c.r.L.s.a.LegalQueryTransformer - 生成专业查询失败: {"error":"model requires more system memory (16.7 GiB) than is available (14.0 GiB)"}
2026-03-09 13:48:22.968 [http-nio-18080-exec-1] WARN  dev.langchain4j.internal.RetryUtils - A retriable exception occurred. Remaining retries: 2 of 2
dev.langchain4j.exception.InternalServerException: {"error":"model requires more system memory (16.7 GiB) than is available (14.0 GiB)"}
	at dev.langchain4j.internal.ExceptionMapper$DefaultExceptionMapper.mapHttpStatusCode(ExceptionMapper.java:56)
	at dev.langchain4j.internal.ExceptionMapper$DefaultExceptionMapper.mapException(ExceptionMapper.java:44)
	at dev.langchain4j.internal.ExceptionMapper.withExceptionMapper(ExceptionMapper.java:31)
	at dev.langchain4j.internal.RetryUtils.lambda$withRetryMappingExceptions$1(RetryUtils.java:322)
	at dev.langchain4j.internal.RetryUtils$RetryPolicy.withRetry(RetryUtils.java:204)
	at dev.langchain4j.internal.RetryUtils.withRetry(RetryUtils.java:259)
	at dev.langchain4j.internal.RetryUtils.withRetryMappingExceptions(RetryUtils.java:322)
	at dev.langchain4j.internal.RetryUtils.withRetryMappingExceptions(RetryUtils.java:305)
	at dev.langchain4j.model.ollama.OllamaChatModel.doChat(OllamaChatModel.java:41)
	at dev.langchain4j.model.chat.ChatModel.chat(ChatModel.java:46)
	at dev.langchain4j.model.chat.ChatModel.chat(ChatModel.java:76)
	at com.river.LegalAssistant.service.advanced.LegalQueryTransformer.generateSubQuestions(LegalQueryTransformer.java:172)
	at com.river.LegalAssistant.service.advanced.LegalQueryTransformer.transform(LegalQueryTransformer.java:75)
	at dev.langchain4j.rag.DefaultRetrievalAugmentor.augment(DefaultRetrievalAugmentor.java:148)
	at com.river.LegalAssistant.service.advanced.AdvancedLegalRagService.retrieveContents(AdvancedLegalRagService.java:271)
	at com.river.LegalAssistant.service.advanced.AdvancedLegalRagService.advancedLegalChat(AdvancedLegalRagService.java:115)
	at com.river.LegalAssistant.controller.UnifiedChatController.handleAdvancedRagChat(UnifiedChatController.java:614)
	at com.river.LegalAssistant.controller.UnifiedChatController.handleUnifiedChat(UnifiedChatController.java:652)
	at com.river.LegalAssistant.controller.UnifiedChatController.chat(UnifiedChatController.java:117)
	at java.base/jdk.internal.reflect.DirectMethodHandleAccessor.invoke(DirectMethodHandleAccessor.java:103)
	at java.base/java.lang.reflect.Method.invoke(Method.java:580)
	at org.springframework.web.method.support.InvocableHandlerMethod.doInvoke(InvocableHandlerMethod.java:255)
	at org.springframework.web.method.support.InvocableHandlerMethod.invokeForRequest(InvocableHandlerMethod.java:188)
	at org.springframework.web.servlet.mvc.method.annotation.ServletInvocableHandlerMethod.invokeAndHandle(ServletInvocableHandlerMethod.java:118)
	at org.springframework.web.servlet.mvc.method.annotation.RequestMappingHandlerAdapter.invokeHandlerMethod(RequestMappingHandlerAdapter.java:926)
	at org.springframework.web.servlet.mvc.method.annotation.RequestMappingHandlerAdapter.handleInternal(RequestMappingHandlerAdapter.java:831)
	at org.springframework.web.servlet.mvc.method.AbstractHandlerMethodAdapter.handle(AbstractHandlerMethodAdapter.java:87)
	at org.springframework.web.servlet.DispatcherServlet.doDispatch(DispatcherServlet.java:1089)
	at org.springframework.web.servlet.DispatcherServlet.doService(DispatcherServlet.java:979)
	at org.springframework.web.servlet.FrameworkServlet.processRequest(FrameworkServlet.java:1014)
	at org.springframework.web.servlet.FrameworkServlet.doPost(FrameworkServlet.java:914)
	at jakarta.servlet.http.HttpServlet.service(HttpServlet.java:590)
	at org.springframework.web.servlet.FrameworkServlet.service(FrameworkServlet.java:885)
	at jakarta.servlet.http.HttpServlet.service(HttpServlet.java:658)
	at org.apache.catalina.core.ApplicationFilterChain.internalDoFilter(ApplicationFilterChain.java:195)
	at org.apache.catalina.core.ApplicationFilterChain.doFilter(ApplicationFilterChain.java:140)
	at org.apache.tomcat.websocket.server.WsFilter.doFilter(WsFilter.java:51)
	at org.apache.catalina.core.ApplicationFilterChain.internalDoFilter(ApplicationFilterChain.java:164)
	at org.apache.catalina.core.ApplicationFilterChain.doFilter(ApplicationFilterChain.java:140)
	at org.springframework.web.filter.CorsFilter.doFilterInternal(CorsFilter.java:91)
	at org.springframework.web.filter.OncePerRequestFilter.doFilter(OncePerRequestFilter.java:116)
	at org.apache.catalina.core.ApplicationFilterChain.internalDoFilter(ApplicationFilterChain.java:164)
	at org.apache.catalina.core.ApplicationFilterChain.doFilter(ApplicationFilterChain.java:140)
	at org.springframework.web.filter.OncePerRequestFilter.doFilter(OncePerRequestFilter.java:110)
	at org.apache.catalina.core.ApplicationFilterChain.internalDoFilter(ApplicationFilterChain.java:164)
	at org.apache.catalina.core.ApplicationFilterChain.doFilter(ApplicationFilterChain.java:140)
	at com.river.LegalAssistant.filter.RateLimitFilter.doFilter(RateLimitFilter.java:82)
	at org.apache.catalina.core.ApplicationFilterChain.internalDoFilter(ApplicationFilterChain.java:164)
	at org.apache.catalina.core.ApplicationFilterChain.doFilter(ApplicationFilterChain.java:140)
	at com.river.LegalAssistant.filter.RequestTrackingFilter.doFilter(RequestTrackingFilter.java:51)
	at org.apache.catalina.core.ApplicationFilterChain.internalDoFilter(ApplicationFilterChain.java:164)
	at org.apache.catalina.core.ApplicationFilterChain.doFilter(ApplicationFilterChain.java:140)
	at org.springframework.web.filter.CompositeFilter$VirtualFilterChain.doFilter(CompositeFilter.java:108)
	at org.springframework.security.web.FilterChainProxy.lambda$doFilterInternal$3(FilterChainProxy.java:231)
	at org.springframework.security.web.ObservationFilterChainDecorator$FilterObservation$SimpleFilterObservation.lambda$wrap$1(ObservationFilterChainDecorator.java:479)
	at org.springframework.security.web.ObservationFilterChainDecorator$AroundFilterObservation$SimpleAroundFilterObservation.lambda$wrap$1(ObservationFilterChainDecorator.java:340)
	at org.springframework.security.web.ObservationFilterChainDecorator.lambda$wrapSecured$0(ObservationFilterChainDecorator.java:82)
	at org.springframework.security.web.ObservationFilterChainDecorator$VirtualFilterChain.doFilter(ObservationFilterChainDecorator.java:128)
	at org.springframework.security.web.access.intercept.AuthorizationFilter.doFilter(AuthorizationFilter.java:100)
	at org.springframework.security.web.ObservationFilterChainDecorator$ObservationFilter.wrapFilter(ObservationFilterChainDecorator.java:240)
	at org.springframework.security.web.ObservationFilterChainDecorator$ObservationFilter.doFilter(ObservationFilterChainDecorator.java:227)
	at org.springframework.security.web.ObservationFilterChainDecorator$VirtualFilterChain.doFilter(ObservationFilterChainDecorator.java:137)
	at org.springframework.security.web.access.ExceptionTranslationFilter.doFilter(ExceptionTranslationFilter.java:126)
	at org.springframework.security.web.access.ExceptionTranslationFilter.doFilter(ExceptionTranslationFilter.java:120)
	at org.springframework.security.web.ObservationFilterChainDecorator$ObservationFilter.wrapFilter(ObservationFilterChainDecorator.java:240)
	at org.springframework.security.web.ObservationFilterChainDecorator$ObservationFilter.doFilter(ObservationFilterChainDecorator.java:227)
	at org.springframework.security.web.ObservationFilterChainDecorator$VirtualFilterChain.doFilter(ObservationFilterChainDecorator.java:137)
	at org.springframework.security.web.session.SessionManagementFilter.doFilter(SessionManagementFilter.java:131)
	at org.springframework.security.web.session.SessionManagementFilter.doFilter(SessionManagementFilter.java:85)
	at org.springframework.security.web.ObservationFilterChainDecorator$ObservationFilter.wrapFilter(ObservationFilterChainDecorator.java:240)
	at org.springframework.security.web.ObservationFilterChainDecorator$ObservationFilter.doFilter(ObservationFilterChainDecorator.java:227)
	at org.springframework.security.web.ObservationFilterChainDecorator$VirtualFilterChain.doFilter(ObservationFilterChainDecorator.java:137)
	at org.springframework.security.web.authentication.AnonymousAuthenticationFilter.doFilter(AnonymousAuthenticationFilter.java:100)
	at org.springframework.security.web.ObservationFilterChainDecorator$ObservationFilter.wrapFilter(ObservationFilterChainDecorator.java:240)
	at org.springframework.security.web.ObservationFilterChainDecorator$ObservationFilter.doFilter(ObservationFilterChainDecorator.java:227)
	at org.springframework.security.web.ObservationFilterChainDecorator$VirtualFilterChain.doFilter(ObservationFilterChainDecorator.java:137)
	at org.springframework.security.web.servletapi.SecurityContextHolderAwareRequestFilter.doFilter(SecurityContextHolderAwareRequestFilter.java:179)
	at org.springframework.security.web.ObservationFilterChainDecorator$ObservationFilter.wrapFilter(ObservationFilterChainDecorator.java:240)
	at org.springframework.security.web.ObservationFilterChainDecorator$ObservationFilter.doFilter(ObservationFilterChainDecorator.java:227)
	at org.springframework.security.web.ObservationFilterChainDecorator$VirtualFilterChain.doFilter(ObservationFilterChainDecorator.java:137)
	at org.springframework.security.web.savedrequest.RequestCacheAwareFilter.doFilter(RequestCacheAwareFilter.java:63)
	at org.springframework.security.web.ObservationFilterChainDecorator$ObservationFilter.wrapFilter(ObservationFilterChainDecorator.java:240)
	at org.springframework.security.web.ObservationFilterChainDecorator$ObservationFilter.doFilter(ObservationFilterChainDecorator.java:227)
	at org.springframework.security.web.ObservationFilterChainDecorator$VirtualFilterChain.doFilter(ObservationFilterChainDecorator.java:137)
	at com.river.LegalAssistant.filter.JwtAuthenticationFilter.doFilterInternal(JwtAuthenticationFilter.java:81)
	at org.springframework.web.filter.OncePerRequestFilter.doFilter(OncePerRequestFilter.java:116)
	at org.springframework.security.web.ObservationFilterChainDecorator$ObservationFilter.wrapFilter(ObservationFilterChainDecorator.java:240)
	at org.springframework.security.web.ObservationFilterChainDecorator$ObservationFilter.doFilter(ObservationFilterChainDecorator.java:227)
	at org.springframework.security.web.ObservationFilterChainDecorator$VirtualFilterChain.doFilter(ObservationFilterChainDecorator.java:137)
	at org.springframework.security.web.authentication.logout.LogoutFilter.doFilter(LogoutFilter.java:107)
	at org.springframework.security.web.authentication.logout.LogoutFilter.doFilter(LogoutFilter.java:93)
	at org.springframework.security.web.ObservationFilterChainDecorator$ObservationFilter.wrapFilter(ObservationFilterChainDecorator.java:240)
	at org.springframework.security.web.ObservationFilterChainDecorator$ObservationFilter.doFilter(ObservationFilterChainDecorator.java:227)
	at org.springframework.security.web.ObservationFilterChainDecorator$VirtualFilterChain.doFilter(ObservationFilterChainDecorator.java:137)
	at org.springframework.web.filter.CorsFilter.doFilterInternal(CorsFilter.java:91)
	at org.springframework.web.filter.OncePerRequestFilter.doFilter(OncePerRequestFilter.java:116)
	at org.springframework.security.web.ObservationFilterChainDecorator$ObservationFilter.wrapFilter(ObservationFilterChainDecorator.java:240)
	at org.springframework.security.web.ObservationFilterChainDecorator$ObservationFilter.doFilter(ObservationFilterChainDecorator.java:227)
	at org.springframework.security.web.ObservationFilterChainDecorator$VirtualFilterChain.doFilter(ObservationFilterChainDecorator.java:137)
	at org.springframework.security.web.header.HeaderWriterFilter.doHeadersAfter(HeaderWriterFilter.java:90)
	at org.springframework.security.web.header.HeaderWriterFilter.doFilterInternal(HeaderWriterFilter.java:75)
	at org.springframework.web.filter.OncePerRequestFilter.doFilter(OncePerRequestFilter.java:116)
	at org.springframework.security.web.ObservationFilterChainDecorator$ObservationFilter.wrapFilter(ObservationFilterChainDecorator.java:240)
	at org.springframework.security.web.ObservationFilterChainDecorator$ObservationFilter.doFilter(ObservationFilterChainDecorator.java:227)
	at org.springframework.security.web.ObservationFilterChainDecorator$VirtualFilterChain.doFilter(ObservationFilterChainDecorator.java:137)
	at org.springframework.security.web.context.SecurityContextHolderFilter.doFilter(SecurityContextHolderFilter.java:82)
	at org.springframework.security.web.context.SecurityContextHolderFilter.doFilter(SecurityContextHolderFilter.java:69)
	at org.springframework.security.web.ObservationFilterChainDecorator$ObservationFilter.wrapFilter(ObservationFilterChainDecorator.java:240)
	at org.springframework.security.web.ObservationFilterChainDecorator$ObservationFilter.doFilter(ObservationFilterChainDecorator.java:227)
	at org.springframework.security.web.ObservationFilterChainDecorator$VirtualFilterChain.doFilter(ObservationFilterChainDecorator.java:137)
	at org.springframework.security.web.context.request.async.WebAsyncManagerIntegrationFilter.doFilterInternal(WebAsyncManagerIntegrationFilter.java:62)
	at org.springframework.web.filter.OncePerRequestFilter.doFilter(OncePerRequestFilter.java:116)
	at org.springframework.security.web.ObservationFilterChainDecorator$ObservationFilter.wrapFilter(ObservationFilterChainDecorator.java:240)
	at org.springframework.security.web.ObservationFilterChainDecorator$ObservationFilter.doFilter(ObservationFilterChainDecorator.java:227)
	at org.springframework.security.web.ObservationFilterChainDecorator$VirtualFilterChain.doFilter(ObservationFilterChainDecorator.java:137)
	at org.springframework.security.web.session.DisableEncodeUrlFilter.doFilterInternal(DisableEncodeUrlFilter.java:42)
	at org.springframework.web.filter.OncePerRequestFilter.doFilter(OncePerRequestFilter.java:116)
	at org.springframework.security.web.ObservationFilterChainDecorator$ObservationFilter.wrapFilter(ObservationFilterChainDecorator.java:240)
	at org.springframework.security.web.ObservationFilterChainDecorator$AroundFilterObservation$SimpleAroundFilterObservation.lambda$wrap$0(ObservationFilterChainDecorator.java:323)
	at org.springframework.security.web.ObservationFilterChainDecorator$ObservationFilter.doFilter(ObservationFilterChainDecorator.java:224)
	at org.springframework.security.web.ObservationFilterChainDecorator$VirtualFilterChain.doFilter(ObservationFilterChainDecorator.java:137)
	at org.springframework.security.web.FilterChainProxy.doFilterInternal(FilterChainProxy.java:233)
	at org.springframework.security.web.FilterChainProxy.doFilter(FilterChainProxy.java:191)
	at org.springframework.web.filter.CompositeFilter$VirtualFilterChain.doFilter(CompositeFilter.java:113)
	at org.springframework.web.servlet.handler.HandlerMappingIntrospector.lambda$createCacheFilter$3(HandlerMappingIntrospector.java:195)
	at org.springframework.web.filter.CompositeFilter$VirtualFilterChain.doFilter(CompositeFilter.java:113)
	at org.springframework.web.filter.CompositeFilter.doFilter(CompositeFilter.java:74)
	at org.springframework.security.config.annotation.web.configuration.WebMvcSecurityConfiguration$CompositeFilterChainProxy.doFilter(WebMvcSecurityConfiguration.java:230)
	at org.springframework.web.filter.DelegatingFilterProxy.invokeDelegate(DelegatingFilterProxy.java:352)
	at org.springframework.web.filter.DelegatingFilterProxy.doFilter(DelegatingFilterProxy.java:268)
	at org.apache.catalina.core.ApplicationFilterChain.internalDoFilter(ApplicationFilterChain.java:164)
	at org.apache.catalina.core.ApplicationFilterChain.doFilter(ApplicationFilterChain.java:140)
	at org.springframework.web.filter.RequestContextFilter.doFilterInternal(RequestContextFilter.java:100)
	at org.springframework.web.filter.OncePerRequestFilter.doFilter(OncePerRequestFilter.java:116)
	at org.apache.catalina.core.ApplicationFilterChain.internalDoFilter(ApplicationFilterChain.java:164)
	at org.apache.catalina.core.ApplicationFilterChain.doFilter(ApplicationFilterChain.java:140)
	at org.springframework.web.filter.FormContentFilter.doFilterInternal(FormContentFilter.java:93)
	at org.springframework.web.filter.OncePerRequestFilter.doFilter(OncePerRequestFilter.java:116)
	at org.apache.catalina.core.ApplicationFilterChain.internalDoFilter(ApplicationFilterChain.java:164)
	at org.apache.catalina.core.ApplicationFilterChain.doFilter(ApplicationFilterChain.java:140)
	at org.springframework.web.filter.ServerHttpObservationFilter.doFilterInternal(ServerHttpObservationFilter.java:113)
	at org.springframework.web.filter.OncePerRequestFilter.doFilter(OncePerRequestFilter.java:116)
	at org.apache.catalina.core.ApplicationFilterChain.internalDoFilter(ApplicationFilterChain.java:164)
	at org.apache.catalina.core.ApplicationFilterChain.doFilter(ApplicationFilterChain.java:140)
	at org.springframework.web.filter.CharacterEncodingFilter.doFilterInternal(CharacterEncodingFilter.java:201)
	at org.springframework.web.filter.OncePerRequestFilter.doFilter(OncePerRequestFilter.java:116)
	at org.apache.catalina.core.ApplicationFilterChain.internalDoFilter(ApplicationFilterChain.java:164)
	at org.apache.catalina.core.ApplicationFilterChain.doFilter(ApplicationFilterChain.java:140)
	at org.apache.catalina.core.StandardWrapperValve.invoke(StandardWrapperValve.java:167)
	at org.apache.catalina.core.StandardContextValve.invoke(StandardContextValve.java:90)
	at org.apache.catalina.authenticator.AuthenticatorBase.invoke(AuthenticatorBase.java:483)
	at org.apache.catalina.core.StandardHostValve.invoke(StandardHostValve.java:115)
	at org.apache.catalina.valves.ErrorReportValve.invoke(ErrorReportValve.java:93)
	at org.apache.catalina.core.StandardEngineValve.invoke(StandardEngineValve.java:74)
	at org.apache.catalina.connector.CoyoteAdapter.service(CoyoteAdapter.java:344)
	at org.apache.coyote.http11.Http11Processor.service(Http11Processor.java:384)
	at org.apache.coyote.AbstractProcessorLight.process(AbstractProcessorLight.java:63)
	at org.apache.coyote.AbstractProtocol$ConnectionHandler.process(AbstractProtocol.java:905)
	at org.apache.tomcat.util.net.NioEndpoint$SocketProcessor.doRun(NioEndpoint.java:1741)
	at org.apache.tomcat.util.net.SocketProcessorBase.run(SocketProcessorBase.java:52)
	at org.apache.tomcat.util.threads.ThreadPoolExecutor.runWorker(ThreadPoolExecutor.java:1190)
	at org.apache.tomcat.util.threads.ThreadPoolExecutor$Worker.run(ThreadPoolExecutor.java:659)
	at org.apache.tomcat.util.threads.TaskThread$WrappingRunnable.run(TaskThread.java:63)
	at java.base/java.lang.Thread.run(Thread.java:1583)
Caused by: dev.langchain4j.exception.HttpException: {"error":"model requires more system memory (16.7 GiB) than is available (14.0 GiB)"}
	at dev.langchain4j.http.client.jdk.JdkHttpClient.execute(JdkHttpClient.java:53)
	at dev.langchain4j.model.ollama.OllamaClient.chat(OllamaClient.java:102)
	at dev.langchain4j.model.ollama.OllamaChatModel.lambda$doChat$0(OllamaChatModel.java:41)
	at dev.langchain4j.internal.ExceptionMapper.withExceptionMapper(ExceptionMapper.java:29)
	... 161 common frames omitted
2026-03-09 13:48:24.434 [http-nio-18080-exec-1] WARN  dev.langchain4j.internal.RetryUtils - A retriable exception occurred. Remaining retries: 1 of 2
dev.langchain4j.exception.InternalServerException: {"error":"model requires more system memory (16.7 GiB) than is available (14.0 GiB)"}
	at dev.langchain4j.internal.ExceptionMapper$DefaultExceptionMapper.mapHttpStatusCode(ExceptionMapper.java:56)
	at dev.langchain4j.internal.ExceptionMapper$DefaultExceptionMapper.mapException(ExceptionMapper.java:44)
	at dev.langchain4j.internal.ExceptionMapper.withExceptionMapper(ExceptionMapper.java:31)
	at dev.langchain4j.internal.RetryUtils.lambda$withRetryMappingExceptions$1(RetryUtils.java:322)
	at dev.langchain4j.internal.RetryUtils$RetryPolicy.withRetry(RetryUtils.java:204)
	at dev.langchain4j.internal.RetryUtils.withRetry(RetryUtils.java:259)
	at dev.langchain4j.internal.RetryUtils.withRetryMappingExceptions(RetryUtils.java:322)
	at dev.langchain4j.internal.RetryUtils.withRetryMappingExceptions(RetryUtils.java:305)
	at dev.langchain4j.model.ollama.OllamaChatModel.doChat(OllamaChatModel.java:41)
	at dev.langchain4j.model.chat.ChatModel.chat(ChatModel.java:46)
	at dev.langchain4j.model.chat.ChatModel.chat(ChatModel.java:76)
	at com.river.LegalAssistant.service.advanced.LegalQueryTransformer.generateSubQuestions(LegalQueryTransformer.java:172)
	at com.river.LegalAssistant.service.advanced.LegalQueryTransformer.transform(LegalQueryTransformer.java:75)
	at dev.langchain4j.rag.DefaultRetrievalAugmentor.augment(DefaultRetrievalAugmentor.java:148)
	at com.river.LegalAssistant.service.advanced.AdvancedLegalRagService.retrieveContents(AdvancedLegalRagService.java:271)
	at com.river.LegalAssistant.service.advanced.AdvancedLegalRagService.advancedLegalChat(AdvancedLegalRagService.java:115)
	at com.river.LegalAssistant.controller.UnifiedChatController.handleAdvancedRagChat(UnifiedChatController.java:614)
	at com.river.LegalAssistant.controller.UnifiedChatController.handleUnifiedChat(UnifiedChatController.java:652)
	at com.river.LegalAssistant.controller.UnifiedChatController.chat(UnifiedChatController.java:117)
	at java.base/jdk.internal.reflect.DirectMethodHandleAccessor.invoke(DirectMethodHandleAccessor.java:103)
	at java.base/java.lang.reflect.Method.invoke(Method.java:580)
	at org.springframework.web.method.support.InvocableHandlerMethod.doInvoke(InvocableHandlerMethod.java:255)
	at org.springframework.web.method.support.InvocableHandlerMethod.invokeForRequest(InvocableHandlerMethod.java:188)
	at org.springframework.web.servlet.mvc.method.annotation.ServletInvocableHandlerMethod.invokeAndHandle(ServletInvocableHandlerMethod.java:118)
	at org.springframework.web.servlet.mvc.method.annotation.RequestMappingHandlerAdapter.invokeHandlerMethod(RequestMappingHandlerAdapter.java:926)
	at org.springframework.web.servlet.mvc.method.annotation.RequestMappingHandlerAdapter.handleInternal(RequestMappingHandlerAdapter.java:831)
	at org.springframework.web.servlet.mvc.method.AbstractHandlerMethodAdapter.handle(AbstractHandlerMethodAdapter.java:87)
	at org.springframework.web.servlet.DispatcherServlet.doDispatch(DispatcherServlet.java:1089)
	at org.springframework.web.servlet.DispatcherServlet.doService(DispatcherServlet.java:979)
	at org.springframework.web.servlet.FrameworkServlet.processRequest(FrameworkServlet.java:1014)
	at org.springframework.web.servlet.FrameworkServlet.doPost(FrameworkServlet.java:914)
	at jakarta.servlet.http.HttpServlet.service(HttpServlet.java:590)
	at org.springframework.web.servlet.FrameworkServlet.service(FrameworkServlet.java:885)
	at jakarta.servlet.http.HttpServlet.service(HttpServlet.java:658)
	at org.apache.catalina.core.ApplicationFilterChain.internalDoFilter(ApplicationFilterChain.java:195)
	at org.apache.catalina.core.ApplicationFilterChain.doFilter(ApplicationFilterChain.java:140)
	at org.apache.tomcat.websocket.server.WsFilter.doFilter(WsFilter.java:51)
	at org.apache.catalina.core.ApplicationFilterChain.internalDoFilter(ApplicationFilterChain.java:164)
	at org.apache.catalina.core.ApplicationFilterChain.doFilter(ApplicationFilterChain.java:140)
	at org.springframework.web.filter.CorsFilter.doFilterInternal(CorsFilter.java:91)
	at org.springframework.web.filter.OncePerRequestFilter.doFilter(OncePerRequestFilter.java:116)
	at org.apache.catalina.core.ApplicationFilterChain.internalDoFilter(ApplicationFilterChain.java:164)
	at org.apache.catalina.core.ApplicationFilterChain.doFilter(ApplicationFilterChain.java:140)
	at org.springframework.web.filter.OncePerRequestFilter.doFilter(OncePerRequestFilter.java:110)
	at org.apache.catalina.core.ApplicationFilterChain.internalDoFilter(ApplicationFilterChain.java:164)
	at org.apache.catalina.core.ApplicationFilterChain.doFilter(ApplicationFilterChain.java:140)
	at com.river.LegalAssistant.filter.RateLimitFilter.doFilter(RateLimitFilter.java:82)
	at org.apache.catalina.core.ApplicationFilterChain.internalDoFilter(ApplicationFilterChain.java:164)
	at org.apache.catalina.core.ApplicationFilterChain.doFilter(ApplicationFilterChain.java:140)
	at com.river.LegalAssistant.filter.RequestTrackingFilter.doFilter(RequestTrackingFilter.java:51)
	at org.apache.catalina.core.ApplicationFilterChain.internalDoFilter(ApplicationFilterChain.java:164)
	at org.apache.catalina.core.ApplicationFilterChain.doFilter(ApplicationFilterChain.java:140)
	at org.springframework.web.filter.CompositeFilter$VirtualFilterChain.doFilter(CompositeFilter.java:108)
	at org.springframework.security.web.FilterChainProxy.lambda$doFilterInternal$3(FilterChainProxy.java:231)
	at org.springframework.security.web.ObservationFilterChainDecorator$FilterObservation$SimpleFilterObservation.lambda$wrap$1(ObservationFilterChainDecorator.java:479)
	at org.springframework.security.web.ObservationFilterChainDecorator$AroundFilterObservation$SimpleAroundFilterObservation.lambda$wrap$1(ObservationFilterChainDecorator.java:340)
	at org.springframework.security.web.ObservationFilterChainDecorator.lambda$wrapSecured$0(ObservationFilterChainDecorator.java:82)
	at org.springframework.security.web.ObservationFilterChainDecorator$VirtualFilterChain.doFilter(ObservationFilterChainDecorator.java:128)
	at org.springframework.security.web.access.intercept.AuthorizationFilter.doFilter(AuthorizationFilter.java:100)
	at org.springframework.security.web.ObservationFilterChainDecorator$ObservationFilter.wrapFilter(ObservationFilterChainDecorator.java:240)
	at org.springframework.security.web.ObservationFilterChainDecorator$ObservationFilter.doFilter(ObservationFilterChainDecorator.java:227)
	at org.springframework.security.web.ObservationFilterChainDecorator$VirtualFilterChain.doFilter(ObservationFilterChainDecorator.java:137)
	at org.springframework.security.web.access.ExceptionTranslationFilter.doFilter(ExceptionTranslationFilter.java:126)
	at org.springframework.security.web.access.ExceptionTranslationFilter.doFilter(ExceptionTranslationFilter.java:120)
	at org.springframework.security.web.ObservationFilterChainDecorator$ObservationFilter.wrapFilter(ObservationFilterChainDecorator.java:240)
	at org.springframework.security.web.ObservationFilterChainDecorator$ObservationFilter.doFilter(ObservationFilterChainDecorator.java:227)
	at org.springframework.security.web.ObservationFilterChainDecorator$VirtualFilterChain.doFilter(ObservationFilterChainDecorator.java:137)
	at org.springframework.security.web.session.SessionManagementFilter.doFilter(SessionManagementFilter.java:131)
	at org.springframework.security.web.session.SessionManagementFilter.doFilter(SessionManagementFilter.java:85)
	at org.springframework.security.web.ObservationFilterChainDecorator$ObservationFilter.wrapFilter(ObservationFilterChainDecorator.java:240)
	at org.springframework.security.web.ObservationFilterChainDecorator$ObservationFilter.doFilter(ObservationFilterChainDecorator.java:227)
	at org.springframework.security.web.ObservationFilterChainDecorator$VirtualFilterChain.doFilter(ObservationFilterChainDecorator.java:137)
	at org.springframework.security.web.authentication.AnonymousAuthenticationFilter.doFilter(AnonymousAuthenticationFilter.java:100)
	at org.springframework.security.web.ObservationFilterChainDecorator$ObservationFilter.wrapFilter(ObservationFilterChainDecorator.java:240)
	at org.springframework.security.web.ObservationFilterChainDecorator$ObservationFilter.doFilter(ObservationFilterChainDecorator.java:227)
	at org.springframework.security.web.ObservationFilterChainDecorator$VirtualFilterChain.doFilter(ObservationFilterChainDecorator.java:137)
	at org.springframework.security.web.servletapi.SecurityContextHolderAwareRequestFilter.doFilter(SecurityContextHolderAwareRequestFilter.java:179)
	at org.springframework.security.web.ObservationFilterChainDecorator$ObservationFilter.wrapFilter(ObservationFilterChainDecorator.java:240)
	at org.springframework.security.web.ObservationFilterChainDecorator$ObservationFilter.doFilter(ObservationFilterChainDecorator.java:227)
	at org.springframework.security.web.ObservationFilterChainDecorator$VirtualFilterChain.doFilter(ObservationFilterChainDecorator.java:137)
	at org.springframework.security.web.savedrequest.RequestCacheAwareFilter.doFilter(RequestCacheAwareFilter.java:63)
	at org.springframework.security.web.ObservationFilterChainDecorator$ObservationFilter.wrapFilter(ObservationFilterChainDecorator.java:240)
	at org.springframework.security.web.ObservationFilterChainDecorator$ObservationFilter.doFilter(ObservationFilterChainDecorator.java:227)
	at org.springframework.security.web.ObservationFilterChainDecorator$VirtualFilterChain.doFilter(ObservationFilterChainDecorator.java:137)
	at com.river.LegalAssistant.filter.JwtAuthenticationFilter.doFilterInternal(JwtAuthenticationFilter.java:81)
	at org.springframework.web.filter.OncePerRequestFilter.doFilter(OncePerRequestFilter.java:116)
	at org.springframework.security.web.ObservationFilterChainDecorator$ObservationFilter.wrapFilter(ObservationFilterChainDecorator.java:240)
	at org.springframework.security.web.ObservationFilterChainDecorator$ObservationFilter.doFilter(ObservationFilterChainDecorator.java:227)
	at org.springframework.security.web.ObservationFilterChainDecorator$VirtualFilterChain.doFilter(ObservationFilterChainDecorator.java:137)
	at org.springframework.security.web.authentication.logout.LogoutFilter.doFilter(LogoutFilter.java:107)
	at org.springframework.security.web.authentication.logout.LogoutFilter.doFilter(LogoutFilter.java:93)
	at org.springframework.security.web.ObservationFilterChainDecorator$ObservationFilter.wrapFilter(ObservationFilterChainDecorator.java:240)
	at org.springframework.security.web.ObservationFilterChainDecorator$ObservationFilter.doFilter(ObservationFilterChainDecorator.java:227)
	at org.springframework.security.web.ObservationFilterChainDecorator$VirtualFilterChain.doFilter(ObservationFilterChainDecorator.java:137)
	at org.springframework.web.filter.CorsFilter.doFilterInternal(CorsFilter.java:91)
	at org.springframework.web.filter.OncePerRequestFilter.doFilter(OncePerRequestFilter.java:116)
	at org.springframework.security.web.ObservationFilterChainDecorator$ObservationFilter.wrapFilter(ObservationFilterChainDecorator.java:240)
	at org.springframework.security.web.ObservationFilterChainDecorator$ObservationFilter.doFilter(ObservationFilterChainDecorator.java:227)
	at org.springframework.security.web.ObservationFilterChainDecorator$VirtualFilterChain.doFilter(ObservationFilterChainDecorator.java:137)
	at org.springframework.security.web.header.HeaderWriterFilter.doHeadersAfter(HeaderWriterFilter.java:90)
	at org.springframework.security.web.header.HeaderWriterFilter.doFilterInternal(HeaderWriterFilter.java:75)
	at org.springframework.web.filter.OncePerRequestFilter.doFilter(OncePerRequestFilter.java:116)
	at org.springframework.security.web.ObservationFilterChainDecorator$ObservationFilter.wrapFilter(ObservationFilterChainDecorator.java:240)
	at org.springframework.security.web.ObservationFilterChainDecorator$ObservationFilter.doFilter(ObservationFilterChainDecorator.java:227)
	at org.springframework.security.web.ObservationFilterChainDecorator$VirtualFilterChain.doFilter(ObservationFilterChainDecorator.java:137)
	at org.springframework.security.web.context.SecurityContextHolderFilter.doFilter(SecurityContextHolderFilter.java:82)
	at org.springframework.security.web.context.SecurityContextHolderFilter.doFilter(SecurityContextHolderFilter.java:69)
	at org.springframework.security.web.ObservationFilterChainDecorator$ObservationFilter.wrapFilter(ObservationFilterChainDecorator.java:240)
	at org.springframework.security.web.ObservationFilterChainDecorator$ObservationFilter.doFilter(ObservationFilterChainDecorator.java:227)
	at org.springframework.security.web.ObservationFilterChainDecorator$VirtualFilterChain.doFilter(ObservationFilterChainDecorator.java:137)
	at org.springframework.security.web.context.request.async.WebAsyncManagerIntegrationFilter.doFilterInternal(WebAsyncManagerIntegrationFilter.java:62)
	at org.springframework.web.filter.OncePerRequestFilter.doFilter(OncePerRequestFilter.java:116)
	at org.springframework.security.web.ObservationFilterChainDecorator$ObservationFilter.wrapFilter(ObservationFilterChainDecorator.java:240)
	at org.springframework.security.web.ObservationFilterChainDecorator$ObservationFilter.doFilter(ObservationFilterChainDecorator.java:227)
	at org.springframework.security.web.ObservationFilterChainDecorator$VirtualFilterChain.doFilter(ObservationFilterChainDecorator.java:137)
	at org.springframework.security.web.session.DisableEncodeUrlFilter.doFilterInternal(DisableEncodeUrlFilter.java:42)
	at org.springframework.web.filter.OncePerRequestFilter.doFilter(OncePerRequestFilter.java:116)
	at org.springframework.security.web.ObservationFilterChainDecorator$ObservationFilter.wrapFilter(ObservationFilterChainDecorator.java:240)
	at org.springframework.security.web.ObservationFilterChainDecorator$AroundFilterObservation$SimpleAroundFilterObservation.lambda$wrap$0(ObservationFilterChainDecorator.java:323)
	at org.springframework.security.web.ObservationFilterChainDecorator$ObservationFilter.doFilter(ObservationFilterChainDecorator.java:224)
	at org.springframework.security.web.ObservationFilterChainDecorator$VirtualFilterChain.doFilter(ObservationFilterChainDecorator.java:137)
	at org.springframework.security.web.FilterChainProxy.doFilterInternal(FilterChainProxy.java:233)
	at org.springframework.security.web.FilterChainProxy.doFilter(FilterChainProxy.java:191)
	at org.springframework.web.filter.CompositeFilter$VirtualFilterChain.doFilter(CompositeFilter.java:113)
	at org.springframework.web.servlet.handler.HandlerMappingIntrospector.lambda$createCacheFilter$3(HandlerMappingIntrospector.java:195)
	at org.springframework.web.filter.CompositeFilter$VirtualFilterChain.doFilter(CompositeFilter.java:113)
	at org.springframework.web.filter.CompositeFilter.doFilter(CompositeFilter.java:74)
	at org.springframework.security.config.annotation.web.configuration.WebMvcSecurityConfiguration$CompositeFilterChainProxy.doFilter(WebMvcSecurityConfiguration.java:230)
	at org.springframework.web.filter.DelegatingFilterProxy.invokeDelegate(DelegatingFilterProxy.java:352)
	at org.springframework.web.filter.DelegatingFilterProxy.doFilter(DelegatingFilterProxy.java:268)
	at org.apache.catalina.core.ApplicationFilterChain.internalDoFilter(ApplicationFilterChain.java:164)
	at org.apache.catalina.core.ApplicationFilterChain.doFilter(ApplicationFilterChain.java:140)
	at org.springframework.web.filter.RequestContextFilter.doFilterInternal(RequestContextFilter.java:100)
	at org.springframework.web.filter.OncePerRequestFilter.doFilter(OncePerRequestFilter.java:116)
	at org.apache.catalina.core.ApplicationFilterChain.internalDoFilter(ApplicationFilterChain.java:164)
	at org.apache.catalina.core.ApplicationFilterChain.doFilter(ApplicationFilterChain.java:140)
	at org.springframework.web.filter.FormContentFilter.doFilterInternal(FormContentFilter.java:93)
	at org.springframework.web.filter.OncePerRequestFilter.doFilter(OncePerRequestFilter.java:116)
	at org.apache.catalina.core.ApplicationFilterChain.internalDoFilter(ApplicationFilterChain.java:164)
	at org.apache.catalina.core.ApplicationFilterChain.doFilter(ApplicationFilterChain.java:140)
	at org.springframework.web.filter.ServerHttpObservationFilter.doFilterInternal(ServerHttpObservationFilter.java:113)
	at org.springframework.web.filter.OncePerRequestFilter.doFilter(OncePerRequestFilter.java:116)
	at org.apache.catalina.core.ApplicationFilterChain.internalDoFilter(ApplicationFilterChain.java:164)
	at org.apache.catalina.core.ApplicationFilterChain.doFilter(ApplicationFilterChain.java:140)
	at org.springframework.web.filter.CharacterEncodingFilter.doFilterInternal(CharacterEncodingFilter.java:201)
	at org.springframework.web.filter.OncePerRequestFilter.doFilter(OncePerRequestFilter.java:116)
	at org.apache.catalina.core.ApplicationFilterChain.internalDoFilter(ApplicationFilterChain.java:164)
	at org.apache.catalina.core.ApplicationFilterChain.doFilter(ApplicationFilterChain.java:140)
	at org.apache.catalina.core.StandardWrapperValve.invoke(StandardWrapperValve.java:167)
	at org.apache.catalina.core.StandardContextValve.invoke(StandardContextValve.java:90)
	at org.apache.catalina.authenticator.AuthenticatorBase.invoke(AuthenticatorBase.java:483)
	at org.apache.catalina.core.StandardHostValve.invoke(StandardHostValve.java:115)
	at org.apache.catalina.valves.ErrorReportValve.invoke(ErrorReportValve.java:93)
	at org.apache.catalina.core.StandardEngineValve.invoke(StandardEngineValve.java:74)
	at org.apache.catalina.connector.CoyoteAdapter.service(CoyoteAdapter.java:344)
	at org.apache.coyote.http11.Http11Processor.service(Http11Processor.java:384)
	at org.apache.coyote.AbstractProcessorLight.process(AbstractProcessorLight.java:63)
	at org.apache.coyote.AbstractProtocol$ConnectionHandler.process(AbstractProtocol.java:905)
	at org.apache.tomcat.util.net.NioEndpoint$SocketProcessor.doRun(NioEndpoint.java:1741)
	at org.apache.tomcat.util.net.SocketProcessorBase.run(SocketProcessorBase.java:52)
	at org.apache.tomcat.util.threads.ThreadPoolExecutor.runWorker(ThreadPoolExecutor.java:1190)
	at org.apache.tomcat.util.threads.ThreadPoolExecutor$Worker.run(ThreadPoolExecutor.java:659)
	at org.apache.tomcat.util.threads.TaskThread$WrappingRunnable.run(TaskThread.java:63)
	at java.base/java.lang.Thread.run(Thread.java:1583)
Caused by: dev.langchain4j.exception.HttpException: {"error":"model requires more system memory (16.7 GiB) than is available (14.0 GiB)"}
	at dev.langchain4j.http.client.jdk.JdkHttpClient.execute(JdkHttpClient.java:53)
	at dev.langchain4j.model.ollama.OllamaClient.chat(OllamaClient.java:102)
	at dev.langchain4j.model.ollama.OllamaChatModel.lambda$doChat$0(OllamaChatModel.java:41)
	at dev.langchain4j.internal.ExceptionMapper.withExceptionMapper(ExceptionMapper.java:29)
	... 161 common frames omitted
2026-03-09 13:48:26.230 [http-nio-18080-exec-1] WARN  c.r.L.s.a.LegalQueryTransformer - 生成子问题失败: {"error":"model requires more system memory (16.7 GiB) than is available (14.0 GiB)"}
2026-03-09 13:48:26.236 [http-nio-18080-exec-1] INFO  c.r.L.s.a.LegalQueryTransformer - 查询转换完成，原始1个查询扩展为1个查询
2026-03-09 13:48:26.237 [http-nio-18080-exec-1] INFO  c.r.L.s.advanced.LegalQueryRouter - 路由法律查询: 经营者披露促销规则时需要注意什么？
2026-03-09 13:48:27.202 [http-nio-18080-exec-1] WARN  dev.langchain4j.internal.RetryUtils - A retriable exception occurred. Remaining retries: 2 of 2
dev.langchain4j.exception.InternalServerException: {"error":"model requires more system memory (16.7 GiB) than is available (14.0 GiB)"}
	at dev.langchain4j.internal.ExceptionMapper$DefaultExceptionMapper.mapHttpStatusCode(ExceptionMapper.java:56)
	at dev.langchain4j.internal.ExceptionMapper$DefaultExceptionMapper.mapException(ExceptionMapper.java:44)
	at dev.langchain4j.internal.ExceptionMapper.withExceptionMapper(ExceptionMapper.java:31)
	at dev.langchain4j.internal.RetryUtils.lambda$withRetryMappingExceptions$1(RetryUtils.java:322)
	at dev.langchain4j.internal.RetryUtils$RetryPolicy.withRetry(RetryUtils.java:204)
	at dev.langchain4j.internal.RetryUtils.withRetry(RetryUtils.java:259)
	at dev.langchain4j.internal.RetryUtils.withRetryMappingExceptions(RetryUtils.java:322)
	at dev.langchain4j.internal.RetryUtils.withRetryMappingExceptions(RetryUtils.java:305)
	at dev.langchain4j.model.ollama.OllamaChatModel.doChat(OllamaChatModel.java:41)
	at dev.langchain4j.model.chat.ChatModel.chat(ChatModel.java:46)
	at dev.langchain4j.model.chat.ChatModel.chat(ChatModel.java:76)
	at com.river.LegalAssistant.service.advanced.LegalQueryRouter.classifyByAI(LegalQueryRouter.java:147)
	at com.river.LegalAssistant.service.advanced.LegalQueryRouter.analyzeQuery(LegalQueryRouter.java:102)
	at com.river.LegalAssistant.service.advanced.LegalQueryRouter.route(LegalQueryRouter.java:77)
	at dev.langchain4j.rag.DefaultRetrievalAugmentor.process(DefaultRetrievalAugmentor.java:165)
	at dev.langchain4j.rag.DefaultRetrievalAugmentor.augment(DefaultRetrievalAugmentor.java:150)
	at com.river.LegalAssistant.service.advanced.AdvancedLegalRagService.retrieveContents(AdvancedLegalRagService.java:271)
	at com.river.LegalAssistant.service.advanced.AdvancedLegalRagService.advancedLegalChat(AdvancedLegalRagService.java:115)
	at com.river.LegalAssistant.controller.UnifiedChatController.handleAdvancedRagChat(UnifiedChatController.java:614)
	at com.river.LegalAssistant.controller.UnifiedChatController.handleUnifiedChat(UnifiedChatController.java:652)
	at com.river.LegalAssistant.controller.UnifiedChatController.chat(UnifiedChatController.java:117)
	at java.base/jdk.internal.reflect.DirectMethodHandleAccessor.invoke(DirectMethodHandleAccessor.java:103)
	at java.base/java.lang.reflect.Method.invoke(Method.java:580)
	at org.springframework.web.method.support.InvocableHandlerMethod.doInvoke(InvocableHandlerMethod.java:255)
	at org.springframework.web.method.support.InvocableHandlerMethod.invokeForRequest(InvocableHandlerMethod.java:188)
	at org.springframework.web.servlet.mvc.method.annotation.ServletInvocableHandlerMethod.invokeAndHandle(ServletInvocableHandlerMethod.java:118)
	at org.springframework.web.servlet.mvc.method.annotation.RequestMappingHandlerAdapter.invokeHandlerMethod(RequestMappingHandlerAdapter.java:926)
	at org.springframework.web.servlet.mvc.method.annotation.RequestMappingHandlerAdapter.handleInternal(RequestMappingHandlerAdapter.java:831)
	at org.springframework.web.servlet.mvc.method.AbstractHandlerMethodAdapter.handle(AbstractHandlerMethodAdapter.java:87)
	at org.springframework.web.servlet.DispatcherServlet.doDispatch(DispatcherServlet.java:1089)
	at org.springframework.web.servlet.DispatcherServlet.doService(DispatcherServlet.java:979)
	at org.springframework.web.servlet.FrameworkServlet.processRequest(FrameworkServlet.java:1014)
	at org.springframework.web.servlet.FrameworkServlet.doPost(FrameworkServlet.java:914)
	at jakarta.servlet.http.HttpServlet.service(HttpServlet.java:590)
	at org.springframework.web.servlet.FrameworkServlet.service(FrameworkServlet.java:885)
	at jakarta.servlet.http.HttpServlet.service(HttpServlet.java:658)
	at org.apache.catalina.core.ApplicationFilterChain.internalDoFilter(ApplicationFilterChain.java:195)
	at org.apache.catalina.core.ApplicationFilterChain.doFilter(ApplicationFilterChain.java:140)
	at org.apache.tomcat.websocket.server.WsFilter.doFilter(WsFilter.java:51)
	at org.apache.catalina.core.ApplicationFilterChain.internalDoFilter(ApplicationFilterChain.java:164)
	at org.apache.catalina.core.ApplicationFilterChain.doFilter(ApplicationFilterChain.java:140)
	at org.springframework.web.filter.CorsFilter.doFilterInternal(CorsFilter.java:91)
	at org.springframework.web.filter.OncePerRequestFilter.doFilter(OncePerRequestFilter.java:116)
	at org.apache.catalina.core.ApplicationFilterChain.internalDoFilter(ApplicationFilterChain.java:164)
	at org.apache.catalina.core.ApplicationFilterChain.doFilter(ApplicationFilterChain.java:140)
	at org.springframework.web.filter.OncePerRequestFilter.doFilter(OncePerRequestFilter.java:110)
	at org.apache.catalina.core.ApplicationFilterChain.internalDoFilter(ApplicationFilterChain.java:164)
	at org.apache.catalina.core.ApplicationFilterChain.doFilter(ApplicationFilterChain.java:140)
	at com.river.LegalAssistant.filter.RateLimitFilter.doFilter(RateLimitFilter.java:82)
	at org.apache.catalina.core.ApplicationFilterChain.internalDoFilter(ApplicationFilterChain.java:164)
	at org.apache.catalina.core.ApplicationFilterChain.doFilter(ApplicationFilterChain.java:140)
	at com.river.LegalAssistant.filter.RequestTrackingFilter.doFilter(RequestTrackingFilter.java:51)
	at org.apache.catalina.core.ApplicationFilterChain.internalDoFilter(ApplicationFilterChain.java:164)
	at org.apache.catalina.core.ApplicationFilterChain.doFilter(ApplicationFilterChain.java:140)
	at org.springframework.web.filter.CompositeFilter$VirtualFilterChain.doFilter(CompositeFilter.java:108)
	at org.springframework.security.web.FilterChainProxy.lambda$doFilterInternal$3(FilterChainProxy.java:231)
	at org.springframework.security.web.ObservationFilterChainDecorator$FilterObservation$SimpleFilterObservation.lambda$wrap$1(ObservationFilterChainDecorator.java:479)
	at org.springframework.security.web.ObservationFilterChainDecorator$AroundFilterObservation$SimpleAroundFilterObservation.lambda$wrap$1(ObservationFilterChainDecorator.java:340)
	at org.springframework.security.web.ObservationFilterChainDecorator.lambda$wrapSecured$0(ObservationFilterChainDecorator.java:82)
	at org.springframework.security.web.ObservationFilterChainDecorator$VirtualFilterChain.doFilter(ObservationFilterChainDecorator.java:128)
	at org.springframework.security.web.access.intercept.AuthorizationFilter.doFilter(AuthorizationFilter.java:100)
	at org.springframework.security.web.ObservationFilterChainDecorator$ObservationFilter.wrapFilter(ObservationFilterChainDecorator.java:240)
	at org.springframework.security.web.ObservationFilterChainDecorator$ObservationFilter.doFilter(ObservationFilterChainDecorator.java:227)
	at org.springframework.security.web.ObservationFilterChainDecorator$VirtualFilterChain.doFilter(ObservationFilterChainDecorator.java:137)
	at org.springframework.security.web.access.ExceptionTranslationFilter.doFilter(ExceptionTranslationFilter.java:126)
	at org.springframework.security.web.access.ExceptionTranslationFilter.doFilter(ExceptionTranslationFilter.java:120)
	at org.springframework.security.web.ObservationFilterChainDecorator$ObservationFilter.wrapFilter(ObservationFilterChainDecorator.java:240)
	at org.springframework.security.web.ObservationFilterChainDecorator$ObservationFilter.doFilter(ObservationFilterChainDecorator.java:227)
	at org.springframework.security.web.ObservationFilterChainDecorator$VirtualFilterChain.doFilter(ObservationFilterChainDecorator.java:137)
	at org.springframework.security.web.session.SessionManagementFilter.doFilter(SessionManagementFilter.java:131)
	at org.springframework.security.web.session.SessionManagementFilter.doFilter(SessionManagementFilter.java:85)
	at org.springframework.security.web.ObservationFilterChainDecorator$ObservationFilter.wrapFilter(ObservationFilterChainDecorator.java:240)
	at org.springframework.security.web.ObservationFilterChainDecorator$ObservationFilter.doFilter(ObservationFilterChainDecorator.java:227)
	at org.springframework.security.web.ObservationFilterChainDecorator$VirtualFilterChain.doFilter(ObservationFilterChainDecorator.java:137)
	at org.springframework.security.web.authentication.AnonymousAuthenticationFilter.doFilter(AnonymousAuthenticationFilter.java:100)
	at org.springframework.security.web.ObservationFilterChainDecorator$ObservationFilter.wrapFilter(ObservationFilterChainDecorator.java:240)
	at org.springframework.security.web.ObservationFilterChainDecorator$ObservationFilter.doFilter(ObservationFilterChainDecorator.java:227)
	at org.springframework.security.web.ObservationFilterChainDecorator$VirtualFilterChain.doFilter(ObservationFilterChainDecorator.java:137)
	at org.springframework.security.web.servletapi.SecurityContextHolderAwareRequestFilter.doFilter(SecurityContextHolderAwareRequestFilter.java:179)
	at org.springframework.security.web.ObservationFilterChainDecorator$ObservationFilter.wrapFilter(ObservationFilterChainDecorator.java:240)
	at org.springframework.security.web.ObservationFilterChainDecorator$ObservationFilter.doFilter(ObservationFilterChainDecorator.java:227)
	at org.springframework.security.web.ObservationFilterChainDecorator$VirtualFilterChain.doFilter(ObservationFilterChainDecorator.java:137)
	at org.springframework.security.web.savedrequest.RequestCacheAwareFilter.doFilter(RequestCacheAwareFilter.java:63)
	at org.springframework.security.web.ObservationFilterChainDecorator$ObservationFilter.wrapFilter(ObservationFilterChainDecorator.java:240)
	at org.springframework.security.web.ObservationFilterChainDecorator$ObservationFilter.doFilter(ObservationFilterChainDecorator.java:227)
	at org.springframework.security.web.ObservationFilterChainDecorator$VirtualFilterChain.doFilter(ObservationFilterChainDecorator.java:137)
	at com.river.LegalAssistant.filter.JwtAuthenticationFilter.doFilterInternal(JwtAuthenticationFilter.java:81)
	at org.springframework.web.filter.OncePerRequestFilter.doFilter(OncePerRequestFilter.java:116)
	at org.springframework.security.web.ObservationFilterChainDecorator$ObservationFilter.wrapFilter(ObservationFilterChainDecorator.java:240)
	at org.springframework.security.web.ObservationFilterChainDecorator$ObservationFilter.doFilter(ObservationFilterChainDecorator.java:227)
	at org.springframework.security.web.ObservationFilterChainDecorator$VirtualFilterChain.doFilter(ObservationFilterChainDecorator.java:137)
	at org.springframework.security.web.authentication.logout.LogoutFilter.doFilter(LogoutFilter.java:107)
	at org.springframework.security.web.authentication.logout.LogoutFilter.doFilter(LogoutFilter.java:93)
	at org.springframework.security.web.ObservationFilterChainDecorator$ObservationFilter.wrapFilter(ObservationFilterChainDecorator.java:240)
	at org.springframework.security.web.ObservationFilterChainDecorator$ObservationFilter.doFilter(ObservationFilterChainDecorator.java:227)
	at org.springframework.security.web.ObservationFilterChainDecorator$VirtualFilterChain.doFilter(ObservationFilterChainDecorator.java:137)
	at org.springframework.web.filter.CorsFilter.doFilterInternal(CorsFilter.java:91)
	at org.springframework.web.filter.OncePerRequestFilter.doFilter(OncePerRequestFilter.java:116)
	at org.springframework.security.web.ObservationFilterChainDecorator$ObservationFilter.wrapFilter(ObservationFilterChainDecorator.java:240)
	at org.springframework.security.web.ObservationFilterChainDecorator$ObservationFilter.doFilter(ObservationFilterChainDecorator.java:227)
	at org.springframework.security.web.ObservationFilterChainDecorator$VirtualFilterChain.doFilter(ObservationFilterChainDecorator.java:137)
	at org.springframework.security.web.header.HeaderWriterFilter.doHeadersAfter(HeaderWriterFilter.java:90)
	at org.springframework.security.web.header.HeaderWriterFilter.doFilterInternal(HeaderWriterFilter.java:75)
	at org.springframework.web.filter.OncePerRequestFilter.doFilter(OncePerRequestFilter.java:116)
	at org.springframework.security.web.ObservationFilterChainDecorator$ObservationFilter.wrapFilter(ObservationFilterChainDecorator.java:240)
	at org.springframework.security.web.ObservationFilterChainDecorator$ObservationFilter.doFilter(ObservationFilterChainDecorator.java:227)
	at org.springframework.security.web.ObservationFilterChainDecorator$VirtualFilterChain.doFilter(ObservationFilterChainDecorator.java:137)
	at org.springframework.security.web.context.SecurityContextHolderFilter.doFilter(SecurityContextHolderFilter.java:82)
	at org.springframework.security.web.context.SecurityContextHolderFilter.doFilter(SecurityContextHolderFilter.java:69)
	at org.springframework.security.web.ObservationFilterChainDecorator$ObservationFilter.wrapFilter(ObservationFilterChainDecorator.java:240)
	at org.springframework.security.web.ObservationFilterChainDecorator$ObservationFilter.doFilter(ObservationFilterChainDecorator.java:227)
	at org.springframework.security.web.ObservationFilterChainDecorator$VirtualFilterChain.doFilter(ObservationFilterChainDecorator.java:137)
	at org.springframework.security.web.context.request.async.WebAsyncManagerIntegrationFilter.doFilterInternal(WebAsyncManagerIntegrationFilter.java:62)
	at org.springframework.web.filter.OncePerRequestFilter.doFilter(OncePerRequestFilter.java:116)
	at org.springframework.security.web.ObservationFilterChainDecorator$ObservationFilter.wrapFilter(ObservationFilterChainDecorator.java:240)
	at org.springframework.security.web.ObservationFilterChainDecorator$ObservationFilter.doFilter(ObservationFilterChainDecorator.java:227)
	at org.springframework.security.web.ObservationFilterChainDecorator$VirtualFilterChain.doFilter(ObservationFilterChainDecorator.java:137)
	at org.springframework.security.web.session.DisableEncodeUrlFilter.doFilterInternal(DisableEncodeUrlFilter.java:42)
	at org.springframework.web.filter.OncePerRequestFilter.doFilter(OncePerRequestFilter.java:116)
	at org.springframework.security.web.ObservationFilterChainDecorator$ObservationFilter.wrapFilter(ObservationFilterChainDecorator.java:240)
	at org.springframework.security.web.ObservationFilterChainDecorator$AroundFilterObservation$SimpleAroundFilterObservation.lambda$wrap$0(ObservationFilterChainDecorator.java:323)
	at org.springframework.security.web.ObservationFilterChainDecorator$ObservationFilter.doFilter(ObservationFilterChainDecorator.java:224)
	at org.springframework.security.web.ObservationFilterChainDecorator$VirtualFilterChain.doFilter(ObservationFilterChainDecorator.java:137)
	at org.springframework.security.web.FilterChainProxy.doFilterInternal(FilterChainProxy.java:233)
	at org.springframework.security.web.FilterChainProxy.doFilter(FilterChainProxy.java:191)
	at org.springframework.web.filter.CompositeFilter$VirtualFilterChain.doFilter(CompositeFilter.java:113)
	at org.springframework.web.servlet.handler.HandlerMappingIntrospector.lambda$createCacheFilter$3(HandlerMappingIntrospector.java:195)
	at org.springframework.web.filter.CompositeFilter$VirtualFilterChain.doFilter(CompositeFilter.java:113)
	at org.springframework.web.filter.CompositeFilter.doFilter(CompositeFilter.java:74)
	at org.springframework.security.config.annotation.web.configuration.WebMvcSecurityConfiguration$CompositeFilterChainProxy.doFilter(WebMvcSecurityConfiguration.java:230)
	at org.springframework.web.filter.DelegatingFilterProxy.invokeDelegate(DelegatingFilterProxy.java:352)
	at org.springframework.web.filter.DelegatingFilterProxy.doFilter(DelegatingFilterProxy.java:268)
	at org.apache.catalina.core.ApplicationFilterChain.internalDoFilter(ApplicationFilterChain.java:164)
	at org.apache.catalina.core.ApplicationFilterChain.doFilter(ApplicationFilterChain.java:140)
	at org.springframework.web.filter.RequestContextFilter.doFilterInternal(RequestContextFilter.java:100)
	at org.springframework.web.filter.OncePerRequestFilter.doFilter(OncePerRequestFilter.java:116)
	at org.apache.catalina.core.ApplicationFilterChain.internalDoFilter(ApplicationFilterChain.java:164)
	at org.apache.catalina.core.ApplicationFilterChain.doFilter(ApplicationFilterChain.java:140)
	at org.springframework.web.filter.FormContentFilter.doFilterInternal(FormContentFilter.java:93)
	at org.springframework.web.filter.OncePerRequestFilter.doFilter(OncePerRequestFilter.java:116)
	at org.apache.catalina.core.ApplicationFilterChain.internalDoFilter(ApplicationFilterChain.java:164)
	at org.apache.catalina.core.ApplicationFilterChain.doFilter(ApplicationFilterChain.java:140)
	at org.springframework.web.filter.ServerHttpObservationFilter.doFilterInternal(ServerHttpObservationFilter.java:113)
	at org.springframework.web.filter.OncePerRequestFilter.doFilter(OncePerRequestFilter.java:116)
	at org.apache.catalina.core.ApplicationFilterChain.internalDoFilter(ApplicationFilterChain.java:164)
	at org.apache.catalina.core.ApplicationFilterChain.doFilter(ApplicationFilterChain.java:140)
	at org.springframework.web.filter.CharacterEncodingFilter.doFilterInternal(CharacterEncodingFilter.java:201)
	at org.springframework.web.filter.OncePerRequestFilter.doFilter(OncePerRequestFilter.java:116)
	at org.apache.catalina.core.ApplicationFilterChain.internalDoFilter(ApplicationFilterChain.java:164)
	at org.apache.catalina.core.ApplicationFilterChain.doFilter(ApplicationFilterChain.java:140)
	at org.apache.catalina.core.StandardWrapperValve.invoke(StandardWrapperValve.java:167)
	at org.apache.catalina.core.StandardContextValve.invoke(StandardContextValve.java:90)
	at org.apache.catalina.authenticator.AuthenticatorBase.invoke(AuthenticatorBase.java:483)
	at org.apache.catalina.core.StandardHostValve.invoke(StandardHostValve.java:115)
	at org.apache.catalina.valves.ErrorReportValve.invoke(ErrorReportValve.java:93)
	at org.apache.catalina.core.StandardEngineValve.invoke(StandardEngineValve.java:74)
	at org.apache.catalina.connector.CoyoteAdapter.service(CoyoteAdapter.java:344)
	at org.apache.coyote.http11.Http11Processor.service(Http11Processor.java:384)
	at org.apache.coyote.AbstractProcessorLight.process(AbstractProcessorLight.java:63)
	at org.apache.coyote.AbstractProtocol$ConnectionHandler.process(AbstractProtocol.java:905)
	at org.apache.tomcat.util.net.NioEndpoint$SocketProcessor.doRun(NioEndpoint.java:1741)
	at org.apache.tomcat.util.net.SocketProcessorBase.run(SocketProcessorBase.java:52)
	at org.apache.tomcat.util.threads.ThreadPoolExecutor.runWorker(ThreadPoolExecutor.java:1190)
	at org.apache.tomcat.util.threads.ThreadPoolExecutor$Worker.run(ThreadPoolExecutor.java:659)
	at org.apache.tomcat.util.threads.TaskThread$WrappingRunnable.run(TaskThread.java:63)
	at java.base/java.lang.Thread.run(Thread.java:1583)
Caused by: dev.langchain4j.exception.HttpException: {"error":"model requires more system memory (16.7 GiB) than is available (14.0 GiB)"}
	at dev.langchain4j.http.client.jdk.JdkHttpClient.execute(JdkHttpClient.java:53)
	at dev.langchain4j.model.ollama.OllamaClient.chat(OllamaClient.java:102)
	at dev.langchain4j.model.ollama.OllamaChatModel.lambda$doChat$0(OllamaChatModel.java:41)
	at dev.langchain4j.internal.ExceptionMapper.withExceptionMapper(ExceptionMapper.java:29)
	... 163 common frames omitted
2026-03-09 13:48:28.655 [http-nio-18080-exec-1] WARN  dev.langchain4j.internal.RetryUtils - A retriable exception occurred. Remaining retries: 1 of 2
dev.langchain4j.exception.InternalServerException: {"error":"model requires more system memory (16.7 GiB) than is available (14.0 GiB)"}
	at dev.langchain4j.internal.ExceptionMapper$DefaultExceptionMapper.mapHttpStatusCode(ExceptionMapper.java:56)
	at dev.langchain4j.internal.ExceptionMapper$DefaultExceptionMapper.mapException(ExceptionMapper.java:44)
	at dev.langchain4j.internal.ExceptionMapper.withExceptionMapper(ExceptionMapper.java:31)
	at dev.langchain4j.internal.RetryUtils.lambda$withRetryMappingExceptions$1(RetryUtils.java:322)
	at dev.langchain4j.internal.RetryUtils$RetryPolicy.withRetry(RetryUtils.java:204)
	at dev.langchain4j.internal.RetryUtils.withRetry(RetryUtils.java:259)
	at dev.langchain4j.internal.RetryUtils.withRetryMappingExceptions(RetryUtils.java:322)
	at dev.langchain4j.internal.RetryUtils.withRetryMappingExceptions(RetryUtils.java:305)
	at dev.langchain4j.model.ollama.OllamaChatModel.doChat(OllamaChatModel.java:41)
	at dev.langchain4j.model.chat.ChatModel.chat(ChatModel.java:46)
	at dev.langchain4j.model.chat.ChatModel.chat(ChatModel.java:76)
	at com.river.LegalAssistant.service.advanced.LegalQueryRouter.classifyByAI(LegalQueryRouter.java:147)
	at com.river.LegalAssistant.service.advanced.LegalQueryRouter.analyzeQuery(LegalQueryRouter.java:102)
	at com.river.LegalAssistant.service.advanced.LegalQueryRouter.route(LegalQueryRouter.java:77)
	at dev.langchain4j.rag.DefaultRetrievalAugmentor.process(DefaultRetrievalAugmentor.java:165)
	at dev.langchain4j.rag.DefaultRetrievalAugmentor.augment(DefaultRetrievalAugmentor.java:150)
	at com.river.LegalAssistant.service.advanced.AdvancedLegalRagService.retrieveContents(AdvancedLegalRagService.java:271)
	at com.river.LegalAssistant.service.advanced.AdvancedLegalRagService.advancedLegalChat(AdvancedLegalRagService.java:115)
	at com.river.LegalAssistant.controller.UnifiedChatController.handleAdvancedRagChat(UnifiedChatController.java:614)
	at com.river.LegalAssistant.controller.UnifiedChatController.handleUnifiedChat(UnifiedChatController.java:652)
	at com.river.LegalAssistant.controller.UnifiedChatController.chat(UnifiedChatController.java:117)
	at java.base/jdk.internal.reflect.DirectMethodHandleAccessor.invoke(DirectMethodHandleAccessor.java:103)
	at java.base/java.lang.reflect.Method.invoke(Method.java:580)
	at org.springframework.web.method.support.InvocableHandlerMethod.doInvoke(InvocableHandlerMethod.java:255)
	at org.springframework.web.method.support.InvocableHandlerMethod.invokeForRequest(InvocableHandlerMethod.java:188)
	at org.springframework.web.servlet.mvc.method.annotation.ServletInvocableHandlerMethod.invokeAndHandle(ServletInvocableHandlerMethod.java:118)
	at org.springframework.web.servlet.mvc.method.annotation.RequestMappingHandlerAdapter.invokeHandlerMethod(RequestMappingHandlerAdapter.java:926)
	at org.springframework.web.servlet.mvc.method.annotation.RequestMappingHandlerAdapter.handleInternal(RequestMappingHandlerAdapter.java:831)
	at org.springframework.web.servlet.mvc.method.AbstractHandlerMethodAdapter.handle(AbstractHandlerMethodAdapter.java:87)
	at org.springframework.web.servlet.DispatcherServlet.doDispatch(DispatcherServlet.java:1089)
	at org.springframework.web.servlet.DispatcherServlet.doService(DispatcherServlet.java:979)
	at org.springframework.web.servlet.FrameworkServlet.processRequest(FrameworkServlet.java:1014)
	at org.springframework.web.servlet.FrameworkServlet.doPost(FrameworkServlet.java:914)
	at jakarta.servlet.http.HttpServlet.service(HttpServlet.java:590)
	at org.springframework.web.servlet.FrameworkServlet.service(FrameworkServlet.java:885)
	at jakarta.servlet.http.HttpServlet.service(HttpServlet.java:658)
	at org.apache.catalina.core.ApplicationFilterChain.internalDoFilter(ApplicationFilterChain.java:195)
	at org.apache.catalina.core.ApplicationFilterChain.doFilter(ApplicationFilterChain.java:140)
	at org.apache.tomcat.websocket.server.WsFilter.doFilter(WsFilter.java:51)
	at org.apache.catalina.core.ApplicationFilterChain.internalDoFilter(ApplicationFilterChain.java:164)
	at org.apache.catalina.core.ApplicationFilterChain.doFilter(ApplicationFilterChain.java:140)
	at org.springframework.web.filter.CorsFilter.doFilterInternal(CorsFilter.java:91)
	at org.springframework.web.filter.OncePerRequestFilter.doFilter(OncePerRequestFilter.java:116)
	at org.apache.catalina.core.ApplicationFilterChain.internalDoFilter(ApplicationFilterChain.java:164)
	at org.apache.catalina.core.ApplicationFilterChain.doFilter(ApplicationFilterChain.java:140)
	at org.springframework.web.filter.OncePerRequestFilter.doFilter(OncePerRequestFilter.java:110)
	at org.apache.catalina.core.ApplicationFilterChain.internalDoFilter(ApplicationFilterChain.java:164)
	at org.apache.catalina.core.ApplicationFilterChain.doFilter(ApplicationFilterChain.java:140)
	at com.river.LegalAssistant.filter.RateLimitFilter.doFilter(RateLimitFilter.java:82)
	at org.apache.catalina.core.ApplicationFilterChain.internalDoFilter(ApplicationFilterChain.java:164)
	at org.apache.catalina.core.ApplicationFilterChain.doFilter(ApplicationFilterChain.java:140)
	at com.river.LegalAssistant.filter.RequestTrackingFilter.doFilter(RequestTrackingFilter.java:51)
	at org.apache.catalina.core.ApplicationFilterChain.internalDoFilter(ApplicationFilterChain.java:164)
	at org.apache.catalina.core.ApplicationFilterChain.doFilter(ApplicationFilterChain.java:140)
	at org.springframework.web.filter.CompositeFilter$VirtualFilterChain.doFilter(CompositeFilter.java:108)
	at org.springframework.security.web.FilterChainProxy.lambda$doFilterInternal$3(FilterChainProxy.java:231)
	at org.springframework.security.web.ObservationFilterChainDecorator$FilterObservation$SimpleFilterObservation.lambda$wrap$1(ObservationFilterChainDecorator.java:479)
	at org.springframework.security.web.ObservationFilterChainDecorator$AroundFilterObservation$SimpleAroundFilterObservation.lambda$wrap$1(ObservationFilterChainDecorator.java:340)
	at org.springframework.security.web.ObservationFilterChainDecorator.lambda$wrapSecured$0(ObservationFilterChainDecorator.java:82)
	at org.springframework.security.web.ObservationFilterChainDecorator$VirtualFilterChain.doFilter(ObservationFilterChainDecorator.java:128)
	at org.springframework.security.web.access.intercept.AuthorizationFilter.doFilter(AuthorizationFilter.java:100)
	at org.springframework.security.web.ObservationFilterChainDecorator$ObservationFilter.wrapFilter(ObservationFilterChainDecorator.java:240)
	at org.springframework.security.web.ObservationFilterChainDecorator$ObservationFilter.doFilter(ObservationFilterChainDecorator.java:227)
	at org.springframework.security.web.ObservationFilterChainDecorator$VirtualFilterChain.doFilter(ObservationFilterChainDecorator.java:137)
	at org.springframework.security.web.access.ExceptionTranslationFilter.doFilter(ExceptionTranslationFilter.java:126)
	at org.springframework.security.web.access.ExceptionTranslationFilter.doFilter(ExceptionTranslationFilter.java:120)
	at org.springframework.security.web.ObservationFilterChainDecorator$ObservationFilter.wrapFilter(ObservationFilterChainDecorator.java:240)
	at org.springframework.security.web.ObservationFilterChainDecorator$ObservationFilter.doFilter(ObservationFilterChainDecorator.java:227)
	at org.springframework.security.web.ObservationFilterChainDecorator$VirtualFilterChain.doFilter(ObservationFilterChainDecorator.java:137)
	at org.springframework.security.web.session.SessionManagementFilter.doFilter(SessionManagementFilter.java:131)
	at org.springframework.security.web.session.SessionManagementFilter.doFilter(SessionManagementFilter.java:85)
	at org.springframework.security.web.ObservationFilterChainDecorator$ObservationFilter.wrapFilter(ObservationFilterChainDecorator.java:240)
	at org.springframework.security.web.ObservationFilterChainDecorator$ObservationFilter.doFilter(ObservationFilterChainDecorator.java:227)
	at org.springframework.security.web.ObservationFilterChainDecorator$VirtualFilterChain.doFilter(ObservationFilterChainDecorator.java:137)
	at org.springframework.security.web.authentication.AnonymousAuthenticationFilter.doFilter(AnonymousAuthenticationFilter.java:100)
	at org.springframework.security.web.ObservationFilterChainDecorator$ObservationFilter.wrapFilter(ObservationFilterChainDecorator.java:240)
	at org.springframework.security.web.ObservationFilterChainDecorator$ObservationFilter.doFilter(ObservationFilterChainDecorator.java:227)
	at org.springframework.security.web.ObservationFilterChainDecorator$VirtualFilterChain.doFilter(ObservationFilterChainDecorator.java:137)
	at org.springframework.security.web.servletapi.SecurityContextHolderAwareRequestFilter.doFilter(SecurityContextHolderAwareRequestFilter.java:179)
	at org.springframework.security.web.ObservationFilterChainDecorator$ObservationFilter.wrapFilter(ObservationFilterChainDecorator.java:240)
	at org.springframework.security.web.ObservationFilterChainDecorator$ObservationFilter.doFilter(ObservationFilterChainDecorator.java:227)
	at org.springframework.security.web.ObservationFilterChainDecorator$VirtualFilterChain.doFilter(ObservationFilterChainDecorator.java:137)
	at org.springframework.security.web.savedrequest.RequestCacheAwareFilter.doFilter(RequestCacheAwareFilter.java:63)
	at org.springframework.security.web.ObservationFilterChainDecorator$ObservationFilter.wrapFilter(ObservationFilterChainDecorator.java:240)
	at org.springframework.security.web.ObservationFilterChainDecorator$ObservationFilter.doFilter(ObservationFilterChainDecorator.java:227)
	at org.springframework.security.web.ObservationFilterChainDecorator$VirtualFilterChain.doFilter(ObservationFilterChainDecorator.java:137)
	at com.river.LegalAssistant.filter.JwtAuthenticationFilter.doFilterInternal(JwtAuthenticationFilter.java:81)
	at org.springframework.web.filter.OncePerRequestFilter.doFilter(OncePerRequestFilter.java:116)
	at org.springframework.security.web.ObservationFilterChainDecorator$ObservationFilter.wrapFilter(ObservationFilterChainDecorator.java:240)
	at org.springframework.security.web.ObservationFilterChainDecorator$ObservationFilter.doFilter(ObservationFilterChainDecorator.java:227)
	at org.springframework.security.web.ObservationFilterChainDecorator$VirtualFilterChain.doFilter(ObservationFilterChainDecorator.java:137)
	at org.springframework.security.web.authentication.logout.LogoutFilter.doFilter(LogoutFilter.java:107)
	at org.springframework.security.web.authentication.logout.LogoutFilter.doFilter(LogoutFilter.java:93)
	at org.springframework.security.web.ObservationFilterChainDecorator$ObservationFilter.wrapFilter(ObservationFilterChainDecorator.java:240)
	at org.springframework.security.web.ObservationFilterChainDecorator$ObservationFilter.doFilter(ObservationFilterChainDecorator.java:227)
	at org.springframework.security.web.ObservationFilterChainDecorator$VirtualFilterChain.doFilter(ObservationFilterChainDecorator.java:137)
	at org.springframework.web.filter.CorsFilter.doFilterInternal(CorsFilter.java:91)
	at org.springframework.web.filter.OncePerRequestFilter.doFilter(OncePerRequestFilter.java:116)
	at org.springframework.security.web.ObservationFilterChainDecorator$ObservationFilter.wrapFilter(ObservationFilterChainDecorator.java:240)
	at org.springframework.security.web.ObservationFilterChainDecorator$ObservationFilter.doFilter(ObservationFilterChainDecorator.java:227)
	at org.springframework.security.web.ObservationFilterChainDecorator$VirtualFilterChain.doFilter(ObservationFilterChainDecorator.java:137)
	at org.springframework.security.web.header.HeaderWriterFilter.doHeadersAfter(HeaderWriterFilter.java:90)
	at org.springframework.security.web.header.HeaderWriterFilter.doFilterInternal(HeaderWriterFilter.java:75)
	at org.springframework.web.filter.OncePerRequestFilter.doFilter(OncePerRequestFilter.java:116)
	at org.springframework.security.web.ObservationFilterChainDecorator$ObservationFilter.wrapFilter(ObservationFilterChainDecorator.java:240)
	at org.springframework.security.web.ObservationFilterChainDecorator$ObservationFilter.doFilter(ObservationFilterChainDecorator.java:227)
	at org.springframework.security.web.ObservationFilterChainDecorator$VirtualFilterChain.doFilter(ObservationFilterChainDecorator.java:137)
	at org.springframework.security.web.context.SecurityContextHolderFilter.doFilter(SecurityContextHolderFilter.java:82)
	at org.springframework.security.web.context.SecurityContextHolderFilter.doFilter(SecurityContextHolderFilter.java:69)
	at org.springframework.security.web.ObservationFilterChainDecorator$ObservationFilter.wrapFilter(ObservationFilterChainDecorator.java:240)
	at org.springframework.security.web.ObservationFilterChainDecorator$ObservationFilter.doFilter(ObservationFilterChainDecorator.java:227)
	at org.springframework.security.web.ObservationFilterChainDecorator$VirtualFilterChain.doFilter(ObservationFilterChainDecorator.java:137)
	at org.springframework.security.web.context.request.async.WebAsyncManagerIntegrationFilter.doFilterInternal(WebAsyncManagerIntegrationFilter.java:62)
	at org.springframework.web.filter.OncePerRequestFilter.doFilter(OncePerRequestFilter.java:116)
	at org.springframework.security.web.ObservationFilterChainDecorator$ObservationFilter.wrapFilter(ObservationFilterChainDecorator.java:240)
	at org.springframework.security.web.ObservationFilterChainDecorator$ObservationFilter.doFilter(ObservationFilterChainDecorator.java:227)
	at org.springframework.security.web.ObservationFilterChainDecorator$VirtualFilterChain.doFilter(ObservationFilterChainDecorator.java:137)
	at org.springframework.security.web.session.DisableEncodeUrlFilter.doFilterInternal(DisableEncodeUrlFilter.java:42)
	at org.springframework.web.filter.OncePerRequestFilter.doFilter(OncePerRequestFilter.java:116)
	at org.springframework.security.web.ObservationFilterChainDecorator$ObservationFilter.wrapFilter(ObservationFilterChainDecorator.java:240)
	at org.springframework.security.web.ObservationFilterChainDecorator$AroundFilterObservation$SimpleAroundFilterObservation.lambda$wrap$0(ObservationFilterChainDecorator.java:323)
	at org.springframework.security.web.ObservationFilterChainDecorator$ObservationFilter.doFilter(ObservationFilterChainDecorator.java:224)
	at org.springframework.security.web.ObservationFilterChainDecorator$VirtualFilterChain.doFilter(ObservationFilterChainDecorator.java:137)
	at org.springframework.security.web.FilterChainProxy.doFilterInternal(FilterChainProxy.java:233)
	at org.springframework.security.web.FilterChainProxy.doFilter(FilterChainProxy.java:191)
	at org.springframework.web.filter.CompositeFilter$VirtualFilterChain.doFilter(CompositeFilter.java:113)
	at org.springframework.web.servlet.handler.HandlerMappingIntrospector.lambda$createCacheFilter$3(HandlerMappingIntrospector.java:195)
	at org.springframework.web.filter.CompositeFilter$VirtualFilterChain.doFilter(CompositeFilter.java:113)
	at org.springframework.web.filter.CompositeFilter.doFilter(CompositeFilter.java:74)
	at org.springframework.security.config.annotation.web.configuration.WebMvcSecurityConfiguration$CompositeFilterChainProxy.doFilter(WebMvcSecurityConfiguration.java:230)
	at org.springframework.web.filter.DelegatingFilterProxy.invokeDelegate(DelegatingFilterProxy.java:352)
	at org.springframework.web.filter.DelegatingFilterProxy.doFilter(DelegatingFilterProxy.java:268)
	at org.apache.catalina.core.ApplicationFilterChain.internalDoFilter(ApplicationFilterChain.java:164)
	at org.apache.catalina.core.ApplicationFilterChain.doFilter(ApplicationFilterChain.java:140)
	at org.springframework.web.filter.RequestContextFilter.doFilterInternal(RequestContextFilter.java:100)
	at org.springframework.web.filter.OncePerRequestFilter.doFilter(OncePerRequestFilter.java:116)
	at org.apache.catalina.core.ApplicationFilterChain.internalDoFilter(ApplicationFilterChain.java:164)
	at org.apache.catalina.core.ApplicationFilterChain.doFilter(ApplicationFilterChain.java:140)
	at org.springframework.web.filter.FormContentFilter.doFilterInternal(FormContentFilter.java:93)
	at org.springframework.web.filter.OncePerRequestFilter.doFilter(OncePerRequestFilter.java:116)
	at org.apache.catalina.core.ApplicationFilterChain.internalDoFilter(ApplicationFilterChain.java:164)
	at org.apache.catalina.core.ApplicationFilterChain.doFilter(ApplicationFilterChain.java:140)
	at org.springframework.web.filter.ServerHttpObservationFilter.doFilterInternal(ServerHttpObservationFilter.java:113)
	at org.springframework.web.filter.OncePerRequestFilter.doFilter(OncePerRequestFilter.java:116)
	at org.apache.catalina.core.ApplicationFilterChain.internalDoFilter(ApplicationFilterChain.java:164)
	at org.apache.catalina.core.ApplicationFilterChain.doFilter(ApplicationFilterChain.java:140)
	at org.springframework.web.filter.CharacterEncodingFilter.doFilterInternal(CharacterEncodingFilter.java:201)
	at org.springframework.web.filter.OncePerRequestFilter.doFilter(OncePerRequestFilter.java:116)
	at org.apache.catalina.core.ApplicationFilterChain.internalDoFilter(ApplicationFilterChain.java:164)
	at org.apache.catalina.core.ApplicationFilterChain.doFilter(ApplicationFilterChain.java:140)
	at org.apache.catalina.core.StandardWrapperValve.invoke(StandardWrapperValve.java:167)
	at org.apache.catalina.core.StandardContextValve.invoke(StandardContextValve.java:90)
	at org.apache.catalina.authenticator.AuthenticatorBase.invoke(AuthenticatorBase.java:483)
	at org.apache.catalina.core.StandardHostValve.invoke(StandardHostValve.java:115)
	at org.apache.catalina.valves.ErrorReportValve.invoke(ErrorReportValve.java:93)
	at org.apache.catalina.core.StandardEngineValve.invoke(StandardEngineValve.java:74)
	at org.apache.catalina.connector.CoyoteAdapter.service(CoyoteAdapter.java:344)
	at org.apache.coyote.http11.Http11Processor.service(Http11Processor.java:384)
	at org.apache.coyote.AbstractProcessorLight.process(AbstractProcessorLight.java:63)
	at org.apache.coyote.AbstractProtocol$ConnectionHandler.process(AbstractProtocol.java:905)
	at org.apache.tomcat.util.net.NioEndpoint$SocketProcessor.doRun(NioEndpoint.java:1741)
	at org.apache.tomcat.util.net.SocketProcessorBase.run(SocketProcessorBase.java:52)
	at org.apache.tomcat.util.threads.ThreadPoolExecutor.runWorker(ThreadPoolExecutor.java:1190)
	at org.apache.tomcat.util.threads.ThreadPoolExecutor$Worker.run(ThreadPoolExecutor.java:659)
	at org.apache.tomcat.util.threads.TaskThread$WrappingRunnable.run(TaskThread.java:63)
	at java.base/java.lang.Thread.run(Thread.java:1583)
Caused by: dev.langchain4j.exception.HttpException: {"error":"model requires more system memory (16.7 GiB) than is available (14.0 GiB)"}
	at dev.langchain4j.http.client.jdk.JdkHttpClient.execute(JdkHttpClient.java:53)
	at dev.langchain4j.model.ollama.OllamaClient.chat(OllamaClient.java:102)
	at dev.langchain4j.model.ollama.OllamaChatModel.lambda$doChat$0(OllamaChatModel.java:41)
	at dev.langchain4j.internal.ExceptionMapper.withExceptionMapper(ExceptionMapper.java:29)
	... 163 common frames omitted
2026-03-09 13:48:30.473 [http-nio-18080-exec-1] WARN  c.r.L.s.advanced.LegalQueryRouter - AI查询分类失败: {"error":"model requires more system memory (16.7 GiB) than is available (14.0 GiB)"}
2026-03-09 13:48:30.479 [http-nio-18080-exec-1] INFO  c.r.L.s.advanced.LegalQueryRouter - 为查询类型 RISK_ASSESSMENT 选择了 2 个检索器
2026-03-09 13:48:30.480 [pool-5-thread-25] INFO  c.r.L.s.a.LegalContentRetriever - 多源检索法律内容: 经营者披露促销规则时需要注意什么？
2026-03-09 13:48:30.480 [pool-5-thread-24] INFO  c.r.L.s.a.LegalContentRetriever - 多源检索法律内容: 经营者披露促销规则时需要注意什么？
2026-03-09 13:48:31.371 [pool-5-thread-25] INFO  c.r.L.s.a.LegalContentRetriever - 多源检索完成，返回 6 个结果
2026-03-09 13:48:31.379 [pool-5-thread-24] INFO  c.r.L.s.a.LegalContentRetriever - 多源检索完成，返回 6 个结果
2026-03-09 13:48:31.379 [http-nio-18080-exec-1] INFO  c.r.L.s.a.LegalContentAggregator - 开始聚合法律内容，共 1 个查询，总内容数: 12
2026-03-09 13:48:31.380 [http-nio-18080-exec-1] INFO  c.r.L.s.a.LegalContentAggregator - 内容聚合完成，返回 6 个结果
2026-03-09 13:48:31.380 [http-nio-18080-exec-1] INFO  c.r.L.s.a.LegalContentInjector - 注入法律内容到用户消息，内容数量: 6
2026-03-09 13:48:31.381 [http-nio-18080-exec-1] INFO  c.r.L.s.a.LegalContentInjector - 法律内容注入完成，增强消息长度: 272
2026-03-09 13:48:34.409 [http-nio-18080-exec-1] WARN  c.r.L.service.PromptTemplateService - 模板变量未提供: source
2026-03-09 13:48:57.142 [http-nio-18080-exec-1] INFO  c.r.L.s.a.AdvancedLegalRagService - Advanced RAG answer generated, sessionId=default, sourceCount=6, generationModel=deepseek-chat, durationMs=39920
2026-03-09 13:48:57.144 [http-nio-18080-exec-1] INFO  c.r.L.c.UnifiedChatController - 统一聊天请求处理完成，耗时: 39923 ms
2026-03-09 13:48:57.145 [http-nio-18080-exec-1] INFO  c.r.L.filter.RequestTrackingFilter - [REQUEST_END] traceId=c56f2ea0, method=POST, uri=/api/v1/chat, status=200, duration=39925ms
2026-03-09 13:48:57.156 [http-nio-18080-exec-2] INFO  c.r.L.c.UnifiedChatController - 收到统一聊天请求: message=请分析一个直播电商页面同时存在先涨价再打折和退货限制条款时的主要消费者合规风险。, modelType=UNIFIED, conversationId=null, useKnowledgeBase=true
2026-03-09 13:48:57.157 [http-nio-18080-exec-2] INFO  c.r.L.c.UnifiedChatController - Unified mode routed to Advanced Agent for complex analysis
2026-03-09 13:49:00.271 [http-nio-18080-exec-2] INFO  c.r.L.service.AgentService - 处理法律咨询请求: 请分析一个直播电商页面同时存在先涨价再打折和退货限制条款时的主要消费者合规风险。, 会话ID: default
2026-03-09 13:49:00.276 [http-nio-18080-exec-2] INFO  c.r.L.service.AgentService - ✅ 使用 DeepSeek 高级模型处理请求（详细版），会话: default
2026-03-09 13:49:56.050 [http-nio-18080-exec-2] INFO  c.r.L.service.AgentService - ✅ DeepSeek响应成功，响应长度: 2258
2026-03-09 13:49:56.054 [http-nio-18080-exec-2] INFO  c.r.L.service.AgentService - 📊 最终使用模型: DeepSeek AI Agent (deepseek-chat), 会话: default
2026-03-09 13:49:56.054 [http-nio-18080-exec-2] INFO  c.r.L.c.UnifiedChatController - 统一聊天请求处理完成，耗时: 58898 ms
2026-03-09 13:49:56.055 [http-nio-18080-exec-2] INFO  c.r.L.filter.RequestTrackingFilter - [REQUEST_END] traceId=ded3300e, method=POST, uri=/api/v1/chat, status=200, duration=58900ms
2026-03-09 13:49:56.065 [http-nio-18080-exec-3] INFO  c.r.L.c.UnifiedChatController - 收到统一聊天请求: message=平台对商品质量争议通常有哪些先行处理义务？, modelType=ADVANCED_RAG, conversationId=null, useKnowledgeBase=true
2026-03-09 13:49:56.065 [http-nio-18080-exec-3] INFO  c.r.L.s.a.AdvancedLegalRagService - Advanced RAG chat request received, sessionId=default
2026-03-09 13:49:56.065 [http-nio-18080-exec-3] INFO  c.r.L.s.a.LegalQueryTransformer - 转换法律查询: 平台对商品质量争议通常有哪些先行处理义务？
2026-03-09 13:51:56.179 [http-nio-18080-exec-3] WARN  dev.langchain4j.internal.RetryUtils - A retriable exception occurred. Remaining retries: 2 of 2
dev.langchain4j.exception.TimeoutException: request timed out
	at dev.langchain4j.http.client.jdk.JdkHttpClient.execute(JdkHttpClient.java:58)
	at dev.langchain4j.model.ollama.OllamaClient.chat(OllamaClient.java:102)
	at dev.langchain4j.model.ollama.OllamaChatModel.lambda$doChat$0(OllamaChatModel.java:41)
	at dev.langchain4j.internal.ExceptionMapper.withExceptionMapper(ExceptionMapper.java:29)
	at dev.langchain4j.internal.RetryUtils.lambda$withRetryMappingExceptions$1(RetryUtils.java:322)
	at dev.langchain4j.internal.RetryUtils$RetryPolicy.withRetry(RetryUtils.java:204)
	at dev.langchain4j.internal.RetryUtils.withRetry(RetryUtils.java:259)
	at dev.langchain4j.internal.RetryUtils.withRetryMappingExceptions(RetryUtils.java:322)
	at dev.langchain4j.internal.RetryUtils.withRetryMappingExceptions(RetryUtils.java:305)
	at dev.langchain4j.model.ollama.OllamaChatModel.doChat(OllamaChatModel.java:41)
	at dev.langchain4j.model.chat.ChatModel.chat(ChatModel.java:46)
	at dev.langchain4j.model.chat.ChatModel.chat(ChatModel.java:76)
	at com.river.LegalAssistant.service.advanced.LegalQueryTransformer.generateProfessionalQuery(LegalQueryTransformer.java:139)
	at com.river.LegalAssistant.service.advanced.LegalQueryTransformer.transform(LegalQueryTransformer.java:68)
	at dev.langchain4j.rag.DefaultRetrievalAugmentor.augment(DefaultRetrievalAugmentor.java:148)
	at com.river.LegalAssistant.service.advanced.AdvancedLegalRagService.retrieveContents(AdvancedLegalRagService.java:271)
	at com.river.LegalAssistant.service.advanced.AdvancedLegalRagService.advancedLegalChat(AdvancedLegalRagService.java:115)
	at com.river.LegalAssistant.controller.UnifiedChatController.handleAdvancedRagChat(UnifiedChatController.java:614)
	at com.river.LegalAssistant.controller.UnifiedChatController.chat(UnifiedChatController.java:116)
	at java.base/jdk.internal.reflect.DirectMethodHandleAccessor.invoke(DirectMethodHandleAccessor.java:103)
	at java.base/java.lang.reflect.Method.invoke(Method.java:580)
	at org.springframework.web.method.support.InvocableHandlerMethod.doInvoke(InvocableHandlerMethod.java:255)
	at org.springframework.web.method.support.InvocableHandlerMethod.invokeForRequest(InvocableHandlerMethod.java:188)
	at org.springframework.web.servlet.mvc.method.annotation.ServletInvocableHandlerMethod.invokeAndHandle(ServletInvocableHandlerMethod.java:118)
	at org.springframework.web.servlet.mvc.method.annotation.RequestMappingHandlerAdapter.invokeHandlerMethod(RequestMappingHandlerAdapter.java:926)
	at org.springframework.web.servlet.mvc.method.annotation.RequestMappingHandlerAdapter.handleInternal(RequestMappingHandlerAdapter.java:831)
	at org.springframework.web.servlet.mvc.method.AbstractHandlerMethodAdapter.handle(AbstractHandlerMethodAdapter.java:87)
	at org.springframework.web.servlet.DispatcherServlet.doDispatch(DispatcherServlet.java:1089)
	at org.springframework.web.servlet.DispatcherServlet.doService(DispatcherServlet.java:979)
	at org.springframework.web.servlet.FrameworkServlet.processRequest(FrameworkServlet.java:1014)
	at org.springframework.web.servlet.FrameworkServlet.doPost(FrameworkServlet.java:914)
	at jakarta.servlet.http.HttpServlet.service(HttpServlet.java:590)
	at org.springframework.web.servlet.FrameworkServlet.service(FrameworkServlet.java:885)
	at jakarta.servlet.http.HttpServlet.service(HttpServlet.java:658)
	at org.apache.catalina.core.ApplicationFilterChain.internalDoFilter(ApplicationFilterChain.java:195)
	at org.apache.catalina.core.ApplicationFilterChain.doFilter(ApplicationFilterChain.java:140)
	at org.apache.tomcat.websocket.server.WsFilter.doFilter(WsFilter.java:51)
	at org.apache.catalina.core.ApplicationFilterChain.internalDoFilter(ApplicationFilterChain.java:164)
	at org.apache.catalina.core.ApplicationFilterChain.doFilter(ApplicationFilterChain.java:140)
	at org.springframework.web.filter.CorsFilter.doFilterInternal(CorsFilter.java:91)
	at org.springframework.web.filter.OncePerRequestFilter.doFilter(OncePerRequestFilter.java:116)
	at org.apache.catalina.core.ApplicationFilterChain.internalDoFilter(ApplicationFilterChain.java:164)
	at org.apache.catalina.core.ApplicationFilterChain.doFilter(ApplicationFilterChain.java:140)
	at org.springframework.web.filter.OncePerRequestFilter.doFilter(OncePerRequestFilter.java:110)
	at org.apache.catalina.core.ApplicationFilterChain.internalDoFilter(ApplicationFilterChain.java:164)
	at org.apache.catalina.core.ApplicationFilterChain.doFilter(ApplicationFilterChain.java:140)
	at com.river.LegalAssistant.filter.RateLimitFilter.doFilter(RateLimitFilter.java:82)
	at org.apache.catalina.core.ApplicationFilterChain.internalDoFilter(ApplicationFilterChain.java:164)
	at org.apache.catalina.core.ApplicationFilterChain.doFilter(ApplicationFilterChain.java:140)
	at com.river.LegalAssistant.filter.RequestTrackingFilter.doFilter(RequestTrackingFilter.java:51)
	at org.apache.catalina.core.ApplicationFilterChain.internalDoFilter(ApplicationFilterChain.java:164)
	at org.apache.catalina.core.ApplicationFilterChain.doFilter(ApplicationFilterChain.java:140)
	at org.springframework.web.filter.CompositeFilter$VirtualFilterChain.doFilter(CompositeFilter.java:108)
	at org.springframework.security.web.FilterChainProxy.lambda$doFilterInternal$3(FilterChainProxy.java:231)
	at org.springframework.security.web.ObservationFilterChainDecorator$FilterObservation$SimpleFilterObservation.lambda$wrap$1(ObservationFilterChainDecorator.java:479)
	at org.springframework.security.web.ObservationFilterChainDecorator$AroundFilterObservation$SimpleAroundFilterObservation.lambda$wrap$1(ObservationFilterChainDecorator.java:340)
	at org.springframework.security.web.ObservationFilterChainDecorator.lambda$wrapSecured$0(ObservationFilterChainDecorator.java:82)
	at org.springframework.security.web.ObservationFilterChainDecorator$VirtualFilterChain.doFilter(ObservationFilterChainDecorator.java:128)
	at org.springframework.security.web.access.intercept.AuthorizationFilter.doFilter(AuthorizationFilter.java:100)
	at org.springframework.security.web.ObservationFilterChainDecorator$ObservationFilter.wrapFilter(ObservationFilterChainDecorator.java:240)
	at org.springframework.security.web.ObservationFilterChainDecorator$ObservationFilter.doFilter(ObservationFilterChainDecorator.java:227)
	at org.springframework.security.web.ObservationFilterChainDecorator$VirtualFilterChain.doFilter(ObservationFilterChainDecorator.java:137)
	at org.springframework.security.web.access.ExceptionTranslationFilter.doFilter(ExceptionTranslationFilter.java:126)
	at org.springframework.security.web.access.ExceptionTranslationFilter.doFilter(ExceptionTranslationFilter.java:120)
	at org.springframework.security.web.ObservationFilterChainDecorator$ObservationFilter.wrapFilter(ObservationFilterChainDecorator.java:240)
	at org.springframework.security.web.ObservationFilterChainDecorator$ObservationFilter.doFilter(ObservationFilterChainDecorator.java:227)
	at org.springframework.security.web.ObservationFilterChainDecorator$VirtualFilterChain.doFilter(ObservationFilterChainDecorator.java:137)
	at org.springframework.security.web.session.SessionManagementFilter.doFilter(SessionManagementFilter.java:131)
	at org.springframework.security.web.session.SessionManagementFilter.doFilter(SessionManagementFilter.java:85)
	at org.springframework.security.web.ObservationFilterChainDecorator$ObservationFilter.wrapFilter(ObservationFilterChainDecorator.java:240)
	at org.springframework.security.web.ObservationFilterChainDecorator$ObservationFilter.doFilter(ObservationFilterChainDecorator.java:227)
	at org.springframework.security.web.ObservationFilterChainDecorator$VirtualFilterChain.doFilter(ObservationFilterChainDecorator.java:137)
	at org.springframework.security.web.authentication.AnonymousAuthenticationFilter.doFilter(AnonymousAuthenticationFilter.java:100)
	at org.springframework.security.web.ObservationFilterChainDecorator$ObservationFilter.wrapFilter(ObservationFilterChainDecorator.java:240)
	at org.springframework.security.web.ObservationFilterChainDecorator$ObservationFilter.doFilter(ObservationFilterChainDecorator.java:227)
	at org.springframework.security.web.ObservationFilterChainDecorator$VirtualFilterChain.doFilter(ObservationFilterChainDecorator.java:137)
	at org.springframework.security.web.servletapi.SecurityContextHolderAwareRequestFilter.doFilter(SecurityContextHolderAwareRequestFilter.java:179)
	at org.springframework.security.web.ObservationFilterChainDecorator$ObservationFilter.wrapFilter(ObservationFilterChainDecorator.java:240)
	at org.springframework.security.web.ObservationFilterChainDecorator$ObservationFilter.doFilter(ObservationFilterChainDecorator.java:227)
	at org.springframework.security.web.ObservationFilterChainDecorator$VirtualFilterChain.doFilter(ObservationFilterChainDecorator.java:137)
	at org.springframework.security.web.savedrequest.RequestCacheAwareFilter.doFilter(RequestCacheAwareFilter.java:63)
	at org.springframework.security.web.ObservationFilterChainDecorator$ObservationFilter.wrapFilter(ObservationFilterChainDecorator.java:240)
	at org.springframework.security.web.ObservationFilterChainDecorator$ObservationFilter.doFilter(ObservationFilterChainDecorator.java:227)
	at org.springframework.security.web.ObservationFilterChainDecorator$VirtualFilterChain.doFilter(ObservationFilterChainDecorator.java:137)
	at com.river.LegalAssistant.filter.JwtAuthenticationFilter.doFilterInternal(JwtAuthenticationFilter.java:81)
	at org.springframework.web.filter.OncePerRequestFilter.doFilter(OncePerRequestFilter.java:116)
	at org.springframework.security.web.ObservationFilterChainDecorator$ObservationFilter.wrapFilter(ObservationFilterChainDecorator.java:240)
	at org.springframework.security.web.ObservationFilterChainDecorator$ObservationFilter.doFilter(ObservationFilterChainDecorator.java:227)
	at org.springframework.security.web.ObservationFilterChainDecorator$VirtualFilterChain.doFilter(ObservationFilterChainDecorator.java:137)
	at org.springframework.security.web.authentication.logout.LogoutFilter.doFilter(LogoutFilter.java:107)
	at org.springframework.security.web.authentication.logout.LogoutFilter.doFilter(LogoutFilter.java:93)
	at org.springframework.security.web.ObservationFilterChainDecorator$ObservationFilter.wrapFilter(ObservationFilterChainDecorator.java:240)
	at org.springframework.security.web.ObservationFilterChainDecorator$ObservationFilter.doFilter(ObservationFilterChainDecorator.java:227)
	at org.springframework.security.web.ObservationFilterChainDecorator$VirtualFilterChain.doFilter(ObservationFilterChainDecorator.java:137)
	at org.springframework.web.filter.CorsFilter.doFilterInternal(CorsFilter.java:91)
	at org.springframework.web.filter.OncePerRequestFilter.doFilter(OncePerRequestFilter.java:116)
	at org.springframework.security.web.ObservationFilterChainDecorator$ObservationFilter.wrapFilter(ObservationFilterChainDecorator.java:240)
	at org.springframework.security.web.ObservationFilterChainDecorator$ObservationFilter.doFilter(ObservationFilterChainDecorator.java:227)
	at org.springframework.security.web.ObservationFilterChainDecorator$VirtualFilterChain.doFilter(ObservationFilterChainDecorator.java:137)
	at org.springframework.security.web.header.HeaderWriterFilter.doHeadersAfter(HeaderWriterFilter.java:90)
	at org.springframework.security.web.header.HeaderWriterFilter.doFilterInternal(HeaderWriterFilter.java:75)
	at org.springframework.web.filter.OncePerRequestFilter.doFilter(OncePerRequestFilter.java:116)
	at org.springframework.security.web.ObservationFilterChainDecorator$ObservationFilter.wrapFilter(ObservationFilterChainDecorator.java:240)
	at org.springframework.security.web.ObservationFilterChainDecorator$ObservationFilter.doFilter(ObservationFilterChainDecorator.java:227)
	at org.springframework.security.web.ObservationFilterChainDecorator$VirtualFilterChain.doFilter(ObservationFilterChainDecorator.java:137)
	at org.springframework.security.web.context.SecurityContextHolderFilter.doFilter(SecurityContextHolderFilter.java:82)
	at org.springframework.security.web.context.SecurityContextHolderFilter.doFilter(SecurityContextHolderFilter.java:69)
	at org.springframework.security.web.ObservationFilterChainDecorator$ObservationFilter.wrapFilter(ObservationFilterChainDecorator.java:240)
	at org.springframework.security.web.ObservationFilterChainDecorator$ObservationFilter.doFilter(ObservationFilterChainDecorator.java:227)
	at org.springframework.security.web.ObservationFilterChainDecorator$VirtualFilterChain.doFilter(ObservationFilterChainDecorator.java:137)
	at org.springframework.security.web.context.request.async.WebAsyncManagerIntegrationFilter.doFilterInternal(WebAsyncManagerIntegrationFilter.java:62)
	at org.springframework.web.filter.OncePerRequestFilter.doFilter(OncePerRequestFilter.java:116)
	at org.springframework.security.web.ObservationFilterChainDecorator$ObservationFilter.wrapFilter(ObservationFilterChainDecorator.java:240)
	at org.springframework.security.web.ObservationFilterChainDecorator$ObservationFilter.doFilter(ObservationFilterChainDecorator.java:227)
	at org.springframework.security.web.ObservationFilterChainDecorator$VirtualFilterChain.doFilter(ObservationFilterChainDecorator.java:137)
	at org.springframework.security.web.session.DisableEncodeUrlFilter.doFilterInternal(DisableEncodeUrlFilter.java:42)
	at org.springframework.web.filter.OncePerRequestFilter.doFilter(OncePerRequestFilter.java:116)
	at org.springframework.security.web.ObservationFilterChainDecorator$ObservationFilter.wrapFilter(ObservationFilterChainDecorator.java:240)
	at org.springframework.security.web.ObservationFilterChainDecorator$AroundFilterObservation$SimpleAroundFilterObservation.lambda$wrap$0(ObservationFilterChainDecorator.java:323)
	at org.springframework.security.web.ObservationFilterChainDecorator$ObservationFilter.doFilter(ObservationFilterChainDecorator.java:224)
	at org.springframework.security.web.ObservationFilterChainDecorator$VirtualFilterChain.doFilter(ObservationFilterChainDecorator.java:137)
	at org.springframework.security.web.FilterChainProxy.doFilterInternal(FilterChainProxy.java:233)
	at org.springframework.security.web.FilterChainProxy.doFilter(FilterChainProxy.java:191)
	at org.springframework.web.filter.CompositeFilter$VirtualFilterChain.doFilter(CompositeFilter.java:113)
	at org.springframework.web.servlet.handler.HandlerMappingIntrospector.lambda$createCacheFilter$3(HandlerMappingIntrospector.java:195)
	at org.springframework.web.filter.CompositeFilter$VirtualFilterChain.doFilter(CompositeFilter.java:113)
	at org.springframework.web.filter.CompositeFilter.doFilter(CompositeFilter.java:74)
	at org.springframework.security.config.annotation.web.configuration.WebMvcSecurityConfiguration$CompositeFilterChainProxy.doFilter(WebMvcSecurityConfiguration.java:230)
	at org.springframework.web.filter.DelegatingFilterProxy.invokeDelegate(DelegatingFilterProxy.java:352)
	at org.springframework.web.filter.DelegatingFilterProxy.doFilter(DelegatingFilterProxy.java:268)
	at org.apache.catalina.core.ApplicationFilterChain.internalDoFilter(ApplicationFilterChain.java:164)
	at org.apache.catalina.core.ApplicationFilterChain.doFilter(ApplicationFilterChain.java:140)
	at org.springframework.web.filter.RequestContextFilter.doFilterInternal(RequestContextFilter.java:100)
	at org.springframework.web.filter.OncePerRequestFilter.doFilter(OncePerRequestFilter.java:116)
	at org.apache.catalina.core.ApplicationFilterChain.internalDoFilter(ApplicationFilterChain.java:164)
	at org.apache.catalina.core.ApplicationFilterChain.doFilter(ApplicationFilterChain.java:140)
	at org.springframework.web.filter.FormContentFilter.doFilterInternal(FormContentFilter.java:93)
	at org.springframework.web.filter.OncePerRequestFilter.doFilter(OncePerRequestFilter.java:116)
	at org.apache.catalina.core.ApplicationFilterChain.internalDoFilter(ApplicationFilterChain.java:164)
	at org.apache.catalina.core.ApplicationFilterChain.doFilter(ApplicationFilterChain.java:140)
	at org.springframework.web.filter.ServerHttpObservationFilter.doFilterInternal(ServerHttpObservationFilter.java:113)
	at org.springframework.web.filter.OncePerRequestFilter.doFilter(OncePerRequestFilter.java:116)
	at org.apache.catalina.core.ApplicationFilterChain.internalDoFilter(ApplicationFilterChain.java:164)
	at org.apache.catalina.core.ApplicationFilterChain.doFilter(ApplicationFilterChain.java:140)
	at org.springframework.web.filter.CharacterEncodingFilter.doFilterInternal(CharacterEncodingFilter.java:201)
	at org.springframework.web.filter.OncePerRequestFilter.doFilter(OncePerRequestFilter.java:116)
	at org.apache.catalina.core.ApplicationFilterChain.internalDoFilter(ApplicationFilterChain.java:164)
	at org.apache.catalina.core.ApplicationFilterChain.doFilter(ApplicationFilterChain.java:140)
	at org.apache.catalina.core.StandardWrapperValve.invoke(StandardWrapperValve.java:167)
	at org.apache.catalina.core.StandardContextValve.invoke(StandardContextValve.java:90)
	at org.apache.catalina.authenticator.AuthenticatorBase.invoke(AuthenticatorBase.java:483)
	at org.apache.catalina.core.StandardHostValve.invoke(StandardHostValve.java:115)
	at org.apache.catalina.valves.ErrorReportValve.invoke(ErrorReportValve.java:93)
	at org.apache.catalina.core.StandardEngineValve.invoke(StandardEngineValve.java:74)
	at org.apache.catalina.connector.CoyoteAdapter.service(CoyoteAdapter.java:344)
	at org.apache.coyote.http11.Http11Processor.service(Http11Processor.java:384)
	at org.apache.coyote.AbstractProcessorLight.process(AbstractProcessorLight.java:63)
	at org.apache.coyote.AbstractProtocol$ConnectionHandler.process(AbstractProtocol.java:905)
	at org.apache.tomcat.util.net.NioEndpoint$SocketProcessor.doRun(NioEndpoint.java:1741)
	at org.apache.tomcat.util.net.SocketProcessorBase.run(SocketProcessorBase.java:52)
	at org.apache.tomcat.util.threads.ThreadPoolExecutor.runWorker(ThreadPoolExecutor.java:1190)
	at org.apache.tomcat.util.threads.ThreadPoolExecutor$Worker.run(ThreadPoolExecutor.java:659)
	at org.apache.tomcat.util.threads.TaskThread$WrappingRunnable.run(TaskThread.java:63)
	at java.base/java.lang.Thread.run(Thread.java:1583)
Caused by: java.net.http.HttpTimeoutException: request timed out
	at java.net.http/jdk.internal.net.http.HttpClientImpl.send(HttpClientImpl.java:949)
	at java.net.http/jdk.internal.net.http.HttpClientFacade.send(HttpClientFacade.java:133)
	at dev.langchain4j.http.client.jdk.JdkHttpClient.execute(JdkHttpClient.java:50)
	... 163 common frames omitted
2026-03-09 13:53:56.913 [http-nio-18080-exec-3] WARN  dev.langchain4j.internal.RetryUtils - A retriable exception occurred. Remaining retries: 1 of 2
dev.langchain4j.exception.TimeoutException: request timed out
	at dev.langchain4j.http.client.jdk.JdkHttpClient.execute(JdkHttpClient.java:58)
	at dev.langchain4j.model.ollama.OllamaClient.chat(OllamaClient.java:102)
	at dev.langchain4j.model.ollama.OllamaChatModel.lambda$doChat$0(OllamaChatModel.java:41)
	at dev.langchain4j.internal.ExceptionMapper.withExceptionMapper(ExceptionMapper.java:29)
	at dev.langchain4j.internal.RetryUtils.lambda$withRetryMappingExceptions$1(RetryUtils.java:322)
	at dev.langchain4j.internal.RetryUtils$RetryPolicy.withRetry(RetryUtils.java:204)
	at dev.langchain4j.internal.RetryUtils.withRetry(RetryUtils.java:259)
	at dev.langchain4j.internal.RetryUtils.withRetryMappingExceptions(RetryUtils.java:322)
	at dev.langchain4j.internal.RetryUtils.withRetryMappingExceptions(RetryUtils.java:305)
	at dev.langchain4j.model.ollama.OllamaChatModel.doChat(OllamaChatModel.java:41)
	at dev.langchain4j.model.chat.ChatModel.chat(ChatModel.java:46)
	at dev.langchain4j.model.chat.ChatModel.chat(ChatModel.java:76)
	at com.river.LegalAssistant.service.advanced.LegalQueryTransformer.generateProfessionalQuery(LegalQueryTransformer.java:139)
	at com.river.LegalAssistant.service.advanced.LegalQueryTransformer.transform(LegalQueryTransformer.java:68)
	at dev.langchain4j.rag.DefaultRetrievalAugmentor.augment(DefaultRetrievalAugmentor.java:148)
	at com.river.LegalAssistant.service.advanced.AdvancedLegalRagService.retrieveContents(AdvancedLegalRagService.java:271)
	at com.river.LegalAssistant.service.advanced.AdvancedLegalRagService.advancedLegalChat(AdvancedLegalRagService.java:115)
	at com.river.LegalAssistant.controller.UnifiedChatController.handleAdvancedRagChat(UnifiedChatController.java:614)
	at com.river.LegalAssistant.controller.UnifiedChatController.chat(UnifiedChatController.java:116)
	at java.base/jdk.internal.reflect.DirectMethodHandleAccessor.invoke(DirectMethodHandleAccessor.java:103)
	at java.base/java.lang.reflect.Method.invoke(Method.java:580)
	at org.springframework.web.method.support.InvocableHandlerMethod.doInvoke(InvocableHandlerMethod.java:255)
	at org.springframework.web.method.support.InvocableHandlerMethod.invokeForRequest(InvocableHandlerMethod.java:188)
	at org.springframework.web.servlet.mvc.method.annotation.ServletInvocableHandlerMethod.invokeAndHandle(ServletInvocableHandlerMethod.java:118)
	at org.springframework.web.servlet.mvc.method.annotation.RequestMappingHandlerAdapter.invokeHandlerMethod(RequestMappingHandlerAdapter.java:926)
	at org.springframework.web.servlet.mvc.method.annotation.RequestMappingHandlerAdapter.handleInternal(RequestMappingHandlerAdapter.java:831)
	at org.springframework.web.servlet.mvc.method.AbstractHandlerMethodAdapter.handle(AbstractHandlerMethodAdapter.java:87)
	at org.springframework.web.servlet.DispatcherServlet.doDispatch(DispatcherServlet.java:1089)
	at org.springframework.web.servlet.DispatcherServlet.doService(DispatcherServlet.java:979)
	at org.springframework.web.servlet.FrameworkServlet.processRequest(FrameworkServlet.java:1014)
	at org.springframework.web.servlet.FrameworkServlet.doPost(FrameworkServlet.java:914)
	at jakarta.servlet.http.HttpServlet.service(HttpServlet.java:590)
	at org.springframework.web.servlet.FrameworkServlet.service(FrameworkServlet.java:885)
	at jakarta.servlet.http.HttpServlet.service(HttpServlet.java:658)
	at org.apache.catalina.core.ApplicationFilterChain.internalDoFilter(ApplicationFilterChain.java:195)
	at org.apache.catalina.core.ApplicationFilterChain.doFilter(ApplicationFilterChain.java:140)
	at org.apache.tomcat.websocket.server.WsFilter.doFilter(WsFilter.java:51)
	at org.apache.catalina.core.ApplicationFilterChain.internalDoFilter(ApplicationFilterChain.java:164)
	at org.apache.catalina.core.ApplicationFilterChain.doFilter(ApplicationFilterChain.java:140)
	at org.springframework.web.filter.CorsFilter.doFilterInternal(CorsFilter.java:91)
	at org.springframework.web.filter.OncePerRequestFilter.doFilter(OncePerRequestFilter.java:116)
	at org.apache.catalina.core.ApplicationFilterChain.internalDoFilter(ApplicationFilterChain.java:164)
	at org.apache.catalina.core.ApplicationFilterChain.doFilter(ApplicationFilterChain.java:140)
	at org.springframework.web.filter.OncePerRequestFilter.doFilter(OncePerRequestFilter.java:110)
	at org.apache.catalina.core.ApplicationFilterChain.internalDoFilter(ApplicationFilterChain.java:164)
	at org.apache.catalina.core.ApplicationFilterChain.doFilter(ApplicationFilterChain.java:140)
	at com.river.LegalAssistant.filter.RateLimitFilter.doFilter(RateLimitFilter.java:82)
	at org.apache.catalina.core.ApplicationFilterChain.internalDoFilter(ApplicationFilterChain.java:164)
	at org.apache.catalina.core.ApplicationFilterChain.doFilter(ApplicationFilterChain.java:140)
	at com.river.LegalAssistant.filter.RequestTrackingFilter.doFilter(RequestTrackingFilter.java:51)
	at org.apache.catalina.core.ApplicationFilterChain.internalDoFilter(ApplicationFilterChain.java:164)
	at org.apache.catalina.core.ApplicationFilterChain.doFilter(ApplicationFilterChain.java:140)
	at org.springframework.web.filter.CompositeFilter$VirtualFilterChain.doFilter(CompositeFilter.java:108)
	at org.springframework.security.web.FilterChainProxy.lambda$doFilterInternal$3(FilterChainProxy.java:231)
	at org.springframework.security.web.ObservationFilterChainDecorator$FilterObservation$SimpleFilterObservation.lambda$wrap$1(ObservationFilterChainDecorator.java:479)
	at org.springframework.security.web.ObservationFilterChainDecorator$AroundFilterObservation$SimpleAroundFilterObservation.lambda$wrap$1(ObservationFilterChainDecorator.java:340)
	at org.springframework.security.web.ObservationFilterChainDecorator.lambda$wrapSecured$0(ObservationFilterChainDecorator.java:82)
	at org.springframework.security.web.ObservationFilterChainDecorator$VirtualFilterChain.doFilter(ObservationFilterChainDecorator.java:128)
	at org.springframework.security.web.access.intercept.AuthorizationFilter.doFilter(AuthorizationFilter.java:100)
	at org.springframework.security.web.ObservationFilterChainDecorator$ObservationFilter.wrapFilter(ObservationFilterChainDecorator.java:240)
	at org.springframework.security.web.ObservationFilterChainDecorator$ObservationFilter.doFilter(ObservationFilterChainDecorator.java:227)
	at org.springframework.security.web.ObservationFilterChainDecorator$VirtualFilterChain.doFilter(ObservationFilterChainDecorator.java:137)
	at org.springframework.security.web.access.ExceptionTranslationFilter.doFilter(ExceptionTranslationFilter.java:126)
	at org.springframework.security.web.access.ExceptionTranslationFilter.doFilter(ExceptionTranslationFilter.java:120)
	at org.springframework.security.web.ObservationFilterChainDecorator$ObservationFilter.wrapFilter(ObservationFilterChainDecorator.java:240)
	at org.springframework.security.web.ObservationFilterChainDecorator$ObservationFilter.doFilter(ObservationFilterChainDecorator.java:227)
	at org.springframework.security.web.ObservationFilterChainDecorator$VirtualFilterChain.doFilter(ObservationFilterChainDecorator.java:137)
	at org.springframework.security.web.session.SessionManagementFilter.doFilter(SessionManagementFilter.java:131)
	at org.springframework.security.web.session.SessionManagementFilter.doFilter(SessionManagementFilter.java:85)
	at org.springframework.security.web.ObservationFilterChainDecorator$ObservationFilter.wrapFilter(ObservationFilterChainDecorator.java:240)
	at org.springframework.security.web.ObservationFilterChainDecorator$ObservationFilter.doFilter(ObservationFilterChainDecorator.java:227)
	at org.springframework.security.web.ObservationFilterChainDecorator$VirtualFilterChain.doFilter(ObservationFilterChainDecorator.java:137)
	at org.springframework.security.web.authentication.AnonymousAuthenticationFilter.doFilter(AnonymousAuthenticationFilter.java:100)
	at org.springframework.security.web.ObservationFilterChainDecorator$ObservationFilter.wrapFilter(ObservationFilterChainDecorator.java:240)
	at org.springframework.security.web.ObservationFilterChainDecorator$ObservationFilter.doFilter(ObservationFilterChainDecorator.java:227)
	at org.springframework.security.web.ObservationFilterChainDecorator$VirtualFilterChain.doFilter(ObservationFilterChainDecorator.java:137)
	at org.springframework.security.web.servletapi.SecurityContextHolderAwareRequestFilter.doFilter(SecurityContextHolderAwareRequestFilter.java:179)
	at org.springframework.security.web.ObservationFilterChainDecorator$ObservationFilter.wrapFilter(ObservationFilterChainDecorator.java:240)
	at org.springframework.security.web.ObservationFilterChainDecorator$ObservationFilter.doFilter(ObservationFilterChainDecorator.java:227)
	at org.springframework.security.web.ObservationFilterChainDecorator$VirtualFilterChain.doFilter(ObservationFilterChainDecorator.java:137)
	at org.springframework.security.web.savedrequest.RequestCacheAwareFilter.doFilter(RequestCacheAwareFilter.java:63)
	at org.springframework.security.web.ObservationFilterChainDecorator$ObservationFilter.wrapFilter(ObservationFilterChainDecorator.java:240)
	at org.springframework.security.web.ObservationFilterChainDecorator$ObservationFilter.doFilter(ObservationFilterChainDecorator.java:227)
	at org.springframework.security.web.ObservationFilterChainDecorator$VirtualFilterChain.doFilter(ObservationFilterChainDecorator.java:137)
	at com.river.LegalAssistant.filter.JwtAuthenticationFilter.doFilterInternal(JwtAuthenticationFilter.java:81)
	at org.springframework.web.filter.OncePerRequestFilter.doFilter(OncePerRequestFilter.java:116)
	at org.springframework.security.web.ObservationFilterChainDecorator$ObservationFilter.wrapFilter(ObservationFilterChainDecorator.java:240)
	at org.springframework.security.web.ObservationFilterChainDecorator$ObservationFilter.doFilter(ObservationFilterChainDecorator.java:227)
	at org.springframework.security.web.ObservationFilterChainDecorator$VirtualFilterChain.doFilter(ObservationFilterChainDecorator.java:137)
	at org.springframework.security.web.authentication.logout.LogoutFilter.doFilter(LogoutFilter.java:107)
	at org.springframework.security.web.authentication.logout.LogoutFilter.doFilter(LogoutFilter.java:93)
	at org.springframework.security.web.ObservationFilterChainDecorator$ObservationFilter.wrapFilter(ObservationFilterChainDecorator.java:240)
	at org.springframework.security.web.ObservationFilterChainDecorator$ObservationFilter.doFilter(ObservationFilterChainDecorator.java:227)
	at org.springframework.security.web.ObservationFilterChainDecorator$VirtualFilterChain.doFilter(ObservationFilterChainDecorator.java:137)
	at org.springframework.web.filter.CorsFilter.doFilterInternal(CorsFilter.java:91)
	at org.springframework.web.filter.OncePerRequestFilter.doFilter(OncePerRequestFilter.java:116)
	at org.springframework.security.web.ObservationFilterChainDecorator$ObservationFilter.wrapFilter(ObservationFilterChainDecorator.java:240)
	at org.springframework.security.web.ObservationFilterChainDecorator$ObservationFilter.doFilter(ObservationFilterChainDecorator.java:227)
	at org.springframework.security.web.ObservationFilterChainDecorator$VirtualFilterChain.doFilter(ObservationFilterChainDecorator.java:137)
	at org.springframework.security.web.header.HeaderWriterFilter.doHeadersAfter(HeaderWriterFilter.java:90)
	at org.springframework.security.web.header.HeaderWriterFilter.doFilterInternal(HeaderWriterFilter.java:75)
	at org.springframework.web.filter.OncePerRequestFilter.doFilter(OncePerRequestFilter.java:116)
	at org.springframework.security.web.ObservationFilterChainDecorator$ObservationFilter.wrapFilter(ObservationFilterChainDecorator.java:240)
	at org.springframework.security.web.ObservationFilterChainDecorator$ObservationFilter.doFilter(ObservationFilterChainDecorator.java:227)
	at org.springframework.security.web.ObservationFilterChainDecorator$VirtualFilterChain.doFilter(ObservationFilterChainDecorator.java:137)
	at org.springframework.security.web.context.SecurityContextHolderFilter.doFilter(SecurityContextHolderFilter.java:82)
	at org.springframework.security.web.context.SecurityContextHolderFilter.doFilter(SecurityContextHolderFilter.java:69)
	at org.springframework.security.web.ObservationFilterChainDecorator$ObservationFilter.wrapFilter(ObservationFilterChainDecorator.java:240)
	at org.springframework.security.web.ObservationFilterChainDecorator$ObservationFilter.doFilter(ObservationFilterChainDecorator.java:227)
	at org.springframework.security.web.ObservationFilterChainDecorator$VirtualFilterChain.doFilter(ObservationFilterChainDecorator.java:137)
	at org.springframework.security.web.context.request.async.WebAsyncManagerIntegrationFilter.doFilterInternal(WebAsyncManagerIntegrationFilter.java:62)
	at org.springframework.web.filter.OncePerRequestFilter.doFilter(OncePerRequestFilter.java:116)
	at org.springframework.security.web.ObservationFilterChainDecorator$ObservationFilter.wrapFilter(ObservationFilterChainDecorator.java:240)
	at org.springframework.security.web.ObservationFilterChainDecorator$ObservationFilter.doFilter(ObservationFilterChainDecorator.java:227)
	at org.springframework.security.web.ObservationFilterChainDecorator$VirtualFilterChain.doFilter(ObservationFilterChainDecorator.java:137)
	at org.springframework.security.web.session.DisableEncodeUrlFilter.doFilterInternal(DisableEncodeUrlFilter.java:42)
	at org.springframework.web.filter.OncePerRequestFilter.doFilter(OncePerRequestFilter.java:116)
	at org.springframework.security.web.ObservationFilterChainDecorator$ObservationFilter.wrapFilter(ObservationFilterChainDecorator.java:240)
	at org.springframework.security.web.ObservationFilterChainDecorator$AroundFilterObservation$SimpleAroundFilterObservation.lambda$wrap$0(ObservationFilterChainDecorator.java:323)
	at org.springframework.security.web.ObservationFilterChainDecorator$ObservationFilter.doFilter(ObservationFilterChainDecorator.java:224)
	at org.springframework.security.web.ObservationFilterChainDecorator$VirtualFilterChain.doFilter(ObservationFilterChainDecorator.java:137)
	at org.springframework.security.web.FilterChainProxy.doFilterInternal(FilterChainProxy.java:233)
	at org.springframework.security.web.FilterChainProxy.doFilter(FilterChainProxy.java:191)
	at org.springframework.web.filter.CompositeFilter$VirtualFilterChain.doFilter(CompositeFilter.java:113)
	at org.springframework.web.servlet.handler.HandlerMappingIntrospector.lambda$createCacheFilter$3(HandlerMappingIntrospector.java:195)
	at org.springframework.web.filter.CompositeFilter$VirtualFilterChain.doFilter(CompositeFilter.java:113)
	at org.springframework.web.filter.CompositeFilter.doFilter(CompositeFilter.java:74)
	at org.springframework.security.config.annotation.web.configuration.WebMvcSecurityConfiguration$CompositeFilterChainProxy.doFilter(WebMvcSecurityConfiguration.java:230)
	at org.springframework.web.filter.DelegatingFilterProxy.invokeDelegate(DelegatingFilterProxy.java:352)
	at org.springframework.web.filter.DelegatingFilterProxy.doFilter(DelegatingFilterProxy.java:268)
	at org.apache.catalina.core.ApplicationFilterChain.internalDoFilter(ApplicationFilterChain.java:164)
	at org.apache.catalina.core.ApplicationFilterChain.doFilter(ApplicationFilterChain.java:140)
	at org.springframework.web.filter.RequestContextFilter.doFilterInternal(RequestContextFilter.java:100)
	at org.springframework.web.filter.OncePerRequestFilter.doFilter(OncePerRequestFilter.java:116)
	at org.apache.catalina.core.ApplicationFilterChain.internalDoFilter(ApplicationFilterChain.java:164)
	at org.apache.catalina.core.ApplicationFilterChain.doFilter(ApplicationFilterChain.java:140)
	at org.springframework.web.filter.FormContentFilter.doFilterInternal(FormContentFilter.java:93)
	at org.springframework.web.filter.OncePerRequestFilter.doFilter(OncePerRequestFilter.java:116)
	at org.apache.catalina.core.ApplicationFilterChain.internalDoFilter(ApplicationFilterChain.java:164)
	at org.apache.catalina.core.ApplicationFilterChain.doFilter(ApplicationFilterChain.java:140)
	at org.springframework.web.filter.ServerHttpObservationFilter.doFilterInternal(ServerHttpObservationFilter.java:113)
	at org.springframework.web.filter.OncePerRequestFilter.doFilter(OncePerRequestFilter.java:116)
	at org.apache.catalina.core.ApplicationFilterChain.internalDoFilter(ApplicationFilterChain.java:164)
	at org.apache.catalina.core.ApplicationFilterChain.doFilter(ApplicationFilterChain.java:140)
	at org.springframework.web.filter.CharacterEncodingFilter.doFilterInternal(CharacterEncodingFilter.java:201)
	at org.springframework.web.filter.OncePerRequestFilter.doFilter(OncePerRequestFilter.java:116)
	at org.apache.catalina.core.ApplicationFilterChain.internalDoFilter(ApplicationFilterChain.java:164)
	at org.apache.catalina.core.ApplicationFilterChain.doFilter(ApplicationFilterChain.java:140)
	at org.apache.catalina.core.StandardWrapperValve.invoke(StandardWrapperValve.java:167)
	at org.apache.catalina.core.StandardContextValve.invoke(StandardContextValve.java:90)
	at org.apache.catalina.authenticator.AuthenticatorBase.invoke(AuthenticatorBase.java:483)
	at org.apache.catalina.core.StandardHostValve.invoke(StandardHostValve.java:115)
	at org.apache.catalina.valves.ErrorReportValve.invoke(ErrorReportValve.java:93)
	at org.apache.catalina.core.StandardEngineValve.invoke(StandardEngineValve.java:74)
	at org.apache.catalina.connector.CoyoteAdapter.service(CoyoteAdapter.java:344)
	at org.apache.coyote.http11.Http11Processor.service(Http11Processor.java:384)
	at org.apache.coyote.AbstractProcessorLight.process(AbstractProcessorLight.java:63)
	at org.apache.coyote.AbstractProtocol$ConnectionHandler.process(AbstractProtocol.java:905)
	at org.apache.tomcat.util.net.NioEndpoint$SocketProcessor.doRun(NioEndpoint.java:1741)
	at org.apache.tomcat.util.net.SocketProcessorBase.run(SocketProcessorBase.java:52)
	at org.apache.tomcat.util.threads.ThreadPoolExecutor.runWorker(ThreadPoolExecutor.java:1190)
	at org.apache.tomcat.util.threads.ThreadPoolExecutor$Worker.run(ThreadPoolExecutor.java:659)
	at org.apache.tomcat.util.threads.TaskThread$WrappingRunnable.run(TaskThread.java:63)
	at java.base/java.lang.Thread.run(Thread.java:1583)
Caused by: java.net.http.HttpTimeoutException: request timed out
	at java.net.http/jdk.internal.net.http.HttpClientImpl.send(HttpClientImpl.java:949)
	at java.net.http/jdk.internal.net.http.HttpClientFacade.send(HttpClientFacade.java:133)
	at dev.langchain4j.http.client.jdk.JdkHttpClient.execute(JdkHttpClient.java:50)
	... 163 common frames omitted
2026-03-09 13:55:57.890 [http-nio-18080-exec-3] WARN  c.r.L.s.a.LegalQueryTransformer - 生成专业查询失败: request timed out
2026-03-09 13:57:57.985 [http-nio-18080-exec-3] WARN  dev.langchain4j.internal.RetryUtils - A retriable exception occurred. Remaining retries: 2 of 2
dev.langchain4j.exception.TimeoutException: request timed out
	at dev.langchain4j.http.client.jdk.JdkHttpClient.execute(JdkHttpClient.java:58)
	at dev.langchain4j.model.ollama.OllamaClient.chat(OllamaClient.java:102)
	at dev.langchain4j.model.ollama.OllamaChatModel.lambda$doChat$0(OllamaChatModel.java:41)
	at dev.langchain4j.internal.ExceptionMapper.withExceptionMapper(ExceptionMapper.java:29)
	at dev.langchain4j.internal.RetryUtils.lambda$withRetryMappingExceptions$1(RetryUtils.java:322)
	at dev.langchain4j.internal.RetryUtils$RetryPolicy.withRetry(RetryUtils.java:204)
	at dev.langchain4j.internal.RetryUtils.withRetry(RetryUtils.java:259)
	at dev.langchain4j.internal.RetryUtils.withRetryMappingExceptions(RetryUtils.java:322)
	at dev.langchain4j.internal.RetryUtils.withRetryMappingExceptions(RetryUtils.java:305)
	at dev.langchain4j.model.ollama.OllamaChatModel.doChat(OllamaChatModel.java:41)
	at dev.langchain4j.model.chat.ChatModel.chat(ChatModel.java:46)
	at dev.langchain4j.model.chat.ChatModel.chat(ChatModel.java:76)
	at com.river.LegalAssistant.service.advanced.LegalQueryTransformer.generateSubQuestions(LegalQueryTransformer.java:172)
	at com.river.LegalAssistant.service.advanced.LegalQueryTransformer.transform(LegalQueryTransformer.java:75)
	at dev.langchain4j.rag.DefaultRetrievalAugmentor.augment(DefaultRetrievalAugmentor.java:148)
	at com.river.LegalAssistant.service.advanced.AdvancedLegalRagService.retrieveContents(AdvancedLegalRagService.java:271)
	at com.river.LegalAssistant.service.advanced.AdvancedLegalRagService.advancedLegalChat(AdvancedLegalRagService.java:115)
	at com.river.LegalAssistant.controller.UnifiedChatController.handleAdvancedRagChat(UnifiedChatController.java:614)
	at com.river.LegalAssistant.controller.UnifiedChatController.chat(UnifiedChatController.java:116)
	at java.base/jdk.internal.reflect.DirectMethodHandleAccessor.invoke(DirectMethodHandleAccessor.java:103)
	at java.base/java.lang.reflect.Method.invoke(Method.java:580)
	at org.springframework.web.method.support.InvocableHandlerMethod.doInvoke(InvocableHandlerMethod.java:255)
	at org.springframework.web.method.support.InvocableHandlerMethod.invokeForRequest(InvocableHandlerMethod.java:188)
	at org.springframework.web.servlet.mvc.method.annotation.ServletInvocableHandlerMethod.invokeAndHandle(ServletInvocableHandlerMethod.java:118)
	at org.springframework.web.servlet.mvc.method.annotation.RequestMappingHandlerAdapter.invokeHandlerMethod(RequestMappingHandlerAdapter.java:926)
	at org.springframework.web.servlet.mvc.method.annotation.RequestMappingHandlerAdapter.handleInternal(RequestMappingHandlerAdapter.java:831)
	at org.springframework.web.servlet.mvc.method.AbstractHandlerMethodAdapter.handle(AbstractHandlerMethodAdapter.java:87)
	at org.springframework.web.servlet.DispatcherServlet.doDispatch(DispatcherServlet.java:1089)
	at org.springframework.web.servlet.DispatcherServlet.doService(DispatcherServlet.java:979)
	at org.springframework.web.servlet.FrameworkServlet.processRequest(FrameworkServlet.java:1014)
	at org.springframework.web.servlet.FrameworkServlet.doPost(FrameworkServlet.java:914)
	at jakarta.servlet.http.HttpServlet.service(HttpServlet.java:590)
	at org.springframework.web.servlet.FrameworkServlet.service(FrameworkServlet.java:885)
	at jakarta.servlet.http.HttpServlet.service(HttpServlet.java:658)
	at org.apache.catalina.core.ApplicationFilterChain.internalDoFilter(ApplicationFilterChain.java:195)
	at org.apache.catalina.core.ApplicationFilterChain.doFilter(ApplicationFilterChain.java:140)
	at org.apache.tomcat.websocket.server.WsFilter.doFilter(WsFilter.java:51)
	at org.apache.catalina.core.ApplicationFilterChain.internalDoFilter(ApplicationFilterChain.java:164)
	at org.apache.catalina.core.ApplicationFilterChain.doFilter(ApplicationFilterChain.java:140)
	at org.springframework.web.filter.CorsFilter.doFilterInternal(CorsFilter.java:91)
	at org.springframework.web.filter.OncePerRequestFilter.doFilter(OncePerRequestFilter.java:116)
	at org.apache.catalina.core.ApplicationFilterChain.internalDoFilter(ApplicationFilterChain.java:164)
	at org.apache.catalina.core.ApplicationFilterChain.doFilter(ApplicationFilterChain.java:140)
	at org.springframework.web.filter.OncePerRequestFilter.doFilter(OncePerRequestFilter.java:110)
	at org.apache.catalina.core.ApplicationFilterChain.internalDoFilter(ApplicationFilterChain.java:164)
	at org.apache.catalina.core.ApplicationFilterChain.doFilter(ApplicationFilterChain.java:140)
	at com.river.LegalAssistant.filter.RateLimitFilter.doFilter(RateLimitFilter.java:82)
	at org.apache.catalina.core.ApplicationFilterChain.internalDoFilter(ApplicationFilterChain.java:164)
	at org.apache.catalina.core.ApplicationFilterChain.doFilter(ApplicationFilterChain.java:140)
	at com.river.LegalAssistant.filter.RequestTrackingFilter.doFilter(RequestTrackingFilter.java:51)
	at org.apache.catalina.core.ApplicationFilterChain.internalDoFilter(ApplicationFilterChain.java:164)
	at org.apache.catalina.core.ApplicationFilterChain.doFilter(ApplicationFilterChain.java:140)
	at org.springframework.web.filter.CompositeFilter$VirtualFilterChain.doFilter(CompositeFilter.java:108)
	at org.springframework.security.web.FilterChainProxy.lambda$doFilterInternal$3(FilterChainProxy.java:231)
	at org.springframework.security.web.ObservationFilterChainDecorator$FilterObservation$SimpleFilterObservation.lambda$wrap$1(ObservationFilterChainDecorator.java:479)
	at org.springframework.security.web.ObservationFilterChainDecorator$AroundFilterObservation$SimpleAroundFilterObservation.lambda$wrap$1(ObservationFilterChainDecorator.java:340)
	at org.springframework.security.web.ObservationFilterChainDecorator.lambda$wrapSecured$0(ObservationFilterChainDecorator.java:82)
	at org.springframework.security.web.ObservationFilterChainDecorator$VirtualFilterChain.doFilter(ObservationFilterChainDecorator.java:128)
	at org.springframework.security.web.access.intercept.AuthorizationFilter.doFilter(AuthorizationFilter.java:100)
	at org.springframework.security.web.ObservationFilterChainDecorator$ObservationFilter.wrapFilter(ObservationFilterChainDecorator.java:240)
	at org.springframework.security.web.ObservationFilterChainDecorator$ObservationFilter.doFilter(ObservationFilterChainDecorator.java:227)
	at org.springframework.security.web.ObservationFilterChainDecorator$VirtualFilterChain.doFilter(ObservationFilterChainDecorator.java:137)
	at org.springframework.security.web.access.ExceptionTranslationFilter.doFilter(ExceptionTranslationFilter.java:126)
	at org.springframework.security.web.access.ExceptionTranslationFilter.doFilter(ExceptionTranslationFilter.java:120)
	at org.springframework.security.web.ObservationFilterChainDecorator$ObservationFilter.wrapFilter(ObservationFilterChainDecorator.java:240)
	at org.springframework.security.web.ObservationFilterChainDecorator$ObservationFilter.doFilter(ObservationFilterChainDecorator.java:227)
	at org.springframework.security.web.ObservationFilterChainDecorator$VirtualFilterChain.doFilter(ObservationFilterChainDecorator.java:137)
	at org.springframework.security.web.session.SessionManagementFilter.doFilter(SessionManagementFilter.java:131)
	at org.springframework.security.web.session.SessionManagementFilter.doFilter(SessionManagementFilter.java:85)
	at org.springframework.security.web.ObservationFilterChainDecorator$ObservationFilter.wrapFilter(ObservationFilterChainDecorator.java:240)
	at org.springframework.security.web.ObservationFilterChainDecorator$ObservationFilter.doFilter(ObservationFilterChainDecorator.java:227)
	at org.springframework.security.web.ObservationFilterChainDecorator$VirtualFilterChain.doFilter(ObservationFilterChainDecorator.java:137)
	at org.springframework.security.web.authentication.AnonymousAuthenticationFilter.doFilter(AnonymousAuthenticationFilter.java:100)
	at org.springframework.security.web.ObservationFilterChainDecorator$ObservationFilter.wrapFilter(ObservationFilterChainDecorator.java:240)
	at org.springframework.security.web.ObservationFilterChainDecorator$ObservationFilter.doFilter(ObservationFilterChainDecorator.java:227)
	at org.springframework.security.web.ObservationFilterChainDecorator$VirtualFilterChain.doFilter(ObservationFilterChainDecorator.java:137)
	at org.springframework.security.web.servletapi.SecurityContextHolderAwareRequestFilter.doFilter(SecurityContextHolderAwareRequestFilter.java:179)
	at org.springframework.security.web.ObservationFilterChainDecorator$ObservationFilter.wrapFilter(ObservationFilterChainDecorator.java:240)
	at org.springframework.security.web.ObservationFilterChainDecorator$ObservationFilter.doFilter(ObservationFilterChainDecorator.java:227)
	at org.springframework.security.web.ObservationFilterChainDecorator$VirtualFilterChain.doFilter(ObservationFilterChainDecorator.java:137)
	at org.springframework.security.web.savedrequest.RequestCacheAwareFilter.doFilter(RequestCacheAwareFilter.java:63)
	at org.springframework.security.web.ObservationFilterChainDecorator$ObservationFilter.wrapFilter(ObservationFilterChainDecorator.java:240)
	at org.springframework.security.web.ObservationFilterChainDecorator$ObservationFilter.doFilter(ObservationFilterChainDecorator.java:227)
	at org.springframework.security.web.ObservationFilterChainDecorator$VirtualFilterChain.doFilter(ObservationFilterChainDecorator.java:137)
	at com.river.LegalAssistant.filter.JwtAuthenticationFilter.doFilterInternal(JwtAuthenticationFilter.java:81)
	at org.springframework.web.filter.OncePerRequestFilter.doFilter(OncePerRequestFilter.java:116)
	at org.springframework.security.web.ObservationFilterChainDecorator$ObservationFilter.wrapFilter(ObservationFilterChainDecorator.java:240)
	at org.springframework.security.web.ObservationFilterChainDecorator$ObservationFilter.doFilter(ObservationFilterChainDecorator.java:227)
	at org.springframework.security.web.ObservationFilterChainDecorator$VirtualFilterChain.doFilter(ObservationFilterChainDecorator.java:137)
	at org.springframework.security.web.authentication.logout.LogoutFilter.doFilter(LogoutFilter.java:107)
	at org.springframework.security.web.authentication.logout.LogoutFilter.doFilter(LogoutFilter.java:93)
	at org.springframework.security.web.ObservationFilterChainDecorator$ObservationFilter.wrapFilter(ObservationFilterChainDecorator.java:240)
	at org.springframework.security.web.ObservationFilterChainDecorator$ObservationFilter.doFilter(ObservationFilterChainDecorator.java:227)
	at org.springframework.security.web.ObservationFilterChainDecorator$VirtualFilterChain.doFilter(ObservationFilterChainDecorator.java:137)
	at org.springframework.web.filter.CorsFilter.doFilterInternal(CorsFilter.java:91)
	at org.springframework.web.filter.OncePerRequestFilter.doFilter(OncePerRequestFilter.java:116)
	at org.springframework.security.web.ObservationFilterChainDecorator$ObservationFilter.wrapFilter(ObservationFilterChainDecorator.java:240)
	at org.springframework.security.web.ObservationFilterChainDecorator$ObservationFilter.doFilter(ObservationFilterChainDecorator.java:227)
	at org.springframework.security.web.ObservationFilterChainDecorator$VirtualFilterChain.doFilter(ObservationFilterChainDecorator.java:137)
	at org.springframework.security.web.header.HeaderWriterFilter.doHeadersAfter(HeaderWriterFilter.java:90)
	at org.springframework.security.web.header.HeaderWriterFilter.doFilterInternal(HeaderWriterFilter.java:75)
	at org.springframework.web.filter.OncePerRequestFilter.doFilter(OncePerRequestFilter.java:116)
	at org.springframework.security.web.ObservationFilterChainDecorator$ObservationFilter.wrapFilter(ObservationFilterChainDecorator.java:240)
	at org.springframework.security.web.ObservationFilterChainDecorator$ObservationFilter.doFilter(ObservationFilterChainDecorator.java:227)
	at org.springframework.security.web.ObservationFilterChainDecorator$VirtualFilterChain.doFilter(ObservationFilterChainDecorator.java:137)
	at org.springframework.security.web.context.SecurityContextHolderFilter.doFilter(SecurityContextHolderFilter.java:82)
	at org.springframework.security.web.context.SecurityContextHolderFilter.doFilter(SecurityContextHolderFilter.java:69)
	at org.springframework.security.web.ObservationFilterChainDecorator$ObservationFilter.wrapFilter(ObservationFilterChainDecorator.java:240)
	at org.springframework.security.web.ObservationFilterChainDecorator$ObservationFilter.doFilter(ObservationFilterChainDecorator.java:227)
	at org.springframework.security.web.ObservationFilterChainDecorator$VirtualFilterChain.doFilter(ObservationFilterChainDecorator.java:137)
	at org.springframework.security.web.context.request.async.WebAsyncManagerIntegrationFilter.doFilterInternal(WebAsyncManagerIntegrationFilter.java:62)
	at org.springframework.web.filter.OncePerRequestFilter.doFilter(OncePerRequestFilter.java:116)
	at org.springframework.security.web.ObservationFilterChainDecorator$ObservationFilter.wrapFilter(ObservationFilterChainDecorator.java:240)
	at org.springframework.security.web.ObservationFilterChainDecorator$ObservationFilter.doFilter(ObservationFilterChainDecorator.java:227)
	at org.springframework.security.web.ObservationFilterChainDecorator$VirtualFilterChain.doFilter(ObservationFilterChainDecorator.java:137)
	at org.springframework.security.web.session.DisableEncodeUrlFilter.doFilterInternal(DisableEncodeUrlFilter.java:42)
	at org.springframework.web.filter.OncePerRequestFilter.doFilter(OncePerRequestFilter.java:116)
	at org.springframework.security.web.ObservationFilterChainDecorator$ObservationFilter.wrapFilter(ObservationFilterChainDecorator.java:240)
	at org.springframework.security.web.ObservationFilterChainDecorator$AroundFilterObservation$SimpleAroundFilterObservation.lambda$wrap$0(ObservationFilterChainDecorator.java:323)
	at org.springframework.security.web.ObservationFilterChainDecorator$ObservationFilter.doFilter(ObservationFilterChainDecorator.java:224)
	at org.springframework.security.web.ObservationFilterChainDecorator$VirtualFilterChain.doFilter(ObservationFilterChainDecorator.java:137)
	at org.springframework.security.web.FilterChainProxy.doFilterInternal(FilterChainProxy.java:233)
	at org.springframework.security.web.FilterChainProxy.doFilter(FilterChainProxy.java:191)
	at org.springframework.web.filter.CompositeFilter$VirtualFilterChain.doFilter(CompositeFilter.java:113)
	at org.springframework.web.servlet.handler.HandlerMappingIntrospector.lambda$createCacheFilter$3(HandlerMappingIntrospector.java:195)
	at org.springframework.web.filter.CompositeFilter$VirtualFilterChain.doFilter(CompositeFilter.java:113)
	at org.springframework.web.filter.CompositeFilter.doFilter(CompositeFilter.java:74)
	at org.springframework.security.config.annotation.web.configuration.WebMvcSecurityConfiguration$CompositeFilterChainProxy.doFilter(WebMvcSecurityConfiguration.java:230)
	at org.springframework.web.filter.DelegatingFilterProxy.invokeDelegate(DelegatingFilterProxy.java:352)
	at org.springframework.web.filter.DelegatingFilterProxy.doFilter(DelegatingFilterProxy.java:268)
	at org.apache.catalina.core.ApplicationFilterChain.internalDoFilter(ApplicationFilterChain.java:164)
	at org.apache.catalina.core.ApplicationFilterChain.doFilter(ApplicationFilterChain.java:140)
	at org.springframework.web.filter.RequestContextFilter.doFilterInternal(RequestContextFilter.java:100)
	at org.springframework.web.filter.OncePerRequestFilter.doFilter(OncePerRequestFilter.java:116)
	at org.apache.catalina.core.ApplicationFilterChain.internalDoFilter(ApplicationFilterChain.java:164)
	at org.apache.catalina.core.ApplicationFilterChain.doFilter(ApplicationFilterChain.java:140)
	at org.springframework.web.filter.FormContentFilter.doFilterInternal(FormContentFilter.java:93)
	at org.springframework.web.filter.OncePerRequestFilter.doFilter(OncePerRequestFilter.java:116)
	at org.apache.catalina.core.ApplicationFilterChain.internalDoFilter(ApplicationFilterChain.java:164)
	at org.apache.catalina.core.ApplicationFilterChain.doFilter(ApplicationFilterChain.java:140)
	at org.springframework.web.filter.ServerHttpObservationFilter.doFilterInternal(ServerHttpObservationFilter.java:113)
	at org.springframework.web.filter.OncePerRequestFilter.doFilter(OncePerRequestFilter.java:116)
	at org.apache.catalina.core.ApplicationFilterChain.internalDoFilter(ApplicationFilterChain.java:164)
	at org.apache.catalina.core.ApplicationFilterChain.doFilter(ApplicationFilterChain.java:140)
	at org.springframework.web.filter.CharacterEncodingFilter.doFilterInternal(CharacterEncodingFilter.java:201)
	at org.springframework.web.filter.OncePerRequestFilter.doFilter(OncePerRequestFilter.java:116)
	at org.apache.catalina.core.ApplicationFilterChain.internalDoFilter(ApplicationFilterChain.java:164)
	at org.apache.catalina.core.ApplicationFilterChain.doFilter(ApplicationFilterChain.java:140)
	at org.apache.catalina.core.StandardWrapperValve.invoke(StandardWrapperValve.java:167)
	at org.apache.catalina.core.StandardContextValve.invoke(StandardContextValve.java:90)
	at org.apache.catalina.authenticator.AuthenticatorBase.invoke(AuthenticatorBase.java:483)
	at org.apache.catalina.core.StandardHostValve.invoke(StandardHostValve.java:115)
	at org.apache.catalina.valves.ErrorReportValve.invoke(ErrorReportValve.java:93)
	at org.apache.catalina.core.StandardEngineValve.invoke(StandardEngineValve.java:74)
	at org.apache.catalina.connector.CoyoteAdapter.service(CoyoteAdapter.java:344)
	at org.apache.coyote.http11.Http11Processor.service(Http11Processor.java:384)
	at org.apache.coyote.AbstractProcessorLight.process(AbstractProcessorLight.java:63)
	at org.apache.coyote.AbstractProtocol$ConnectionHandler.process(AbstractProtocol.java:905)
	at org.apache.tomcat.util.net.NioEndpoint$SocketProcessor.doRun(NioEndpoint.java:1741)
	at org.apache.tomcat.util.net.SocketProcessorBase.run(SocketProcessorBase.java:52)
	at org.apache.tomcat.util.threads.ThreadPoolExecutor.runWorker(ThreadPoolExecutor.java:1190)
	at org.apache.tomcat.util.threads.ThreadPoolExecutor$Worker.run(ThreadPoolExecutor.java:659)
	at org.apache.tomcat.util.threads.TaskThread$WrappingRunnable.run(TaskThread.java:63)
	at java.base/java.lang.Thread.run(Thread.java:1583)
Caused by: java.net.http.HttpTimeoutException: request timed out
	at java.net.http/jdk.internal.net.http.HttpClientImpl.send(HttpClientImpl.java:949)
	at java.net.http/jdk.internal.net.http.HttpClientFacade.send(HttpClientFacade.java:133)
	at dev.langchain4j.http.client.jdk.JdkHttpClient.execute(JdkHttpClient.java:50)
	... 163 common frames omitted
