[INFO] Scanning for projects...
[INFO] 
[INFO] ----------------------< com.river:LegalAssistant >----------------------
[INFO] Building LegalAssistant 0.0.1-SNAPSHOT
[INFO]   from pom.xml
[INFO] --------------------------------[ jar ]---------------------------------
[INFO] 
[INFO] >>> spring-boot:3.3.4:run (default-cli) > test-compile @ LegalAssistant >>>
[INFO] 
[INFO] --- jacoco:0.8.11:prepare-agent (default) @ LegalAssistant ---
[INFO] argLine set to -javaagent:F:\\apache-maven-3.9.9\\mvn_repo\\org\\jacoco\\org.jacoco.agent\\0.8.11\\org.jacoco.agent-0.8.11-runtime.jar=destfile=F:\\LegalAssistant\\target\\jacoco.exec
[INFO] 
[INFO] --- resources:3.3.1:resources (default-resources) @ LegalAssistant ---
[INFO] Copying 4 resources from src\main\resources to target\classes
[INFO] Copying 27 resources from src\main\resources to target\classes
[INFO] 
[INFO] --- compiler:3.13.0:compile (default-compile) @ LegalAssistant ---
[INFO] Nothing to compile - all classes are up to date.
[INFO] 
[INFO] --- resources:3.3.1:testResources (default-testResources) @ LegalAssistant ---
[INFO] Copying 1 resource from src\test\resources to target\test-classes
[INFO] 
[INFO] --- compiler:3.13.0:testCompile (default-testCompile) @ LegalAssistant ---
[INFO] Nothing to compile - all classes are up to date.
[INFO] 
[INFO] <<< spring-boot:3.3.4:run (default-cli) < test-compile @ LegalAssistant <<<
[INFO] 
[INFO] 
[INFO] --- spring-boot:3.3.4:run (default-cli) @ LegalAssistant ---
[INFO] Attaching agents: []

  .   ____          _            __ _ _
 /\\ / ___'_ __ _ _(_)_ __  __ _ \ \ \ \
( ( )\___ | '_ | '_| | '_ \/ _` | \ \ \ \
 \\/  ___)| |_)| | | | | || (_| |  ) ) ) )
  '  |____| .__|_| |_|_| |_\__, | / / / /
 =========|_|==============|___/=/_/_/_/

 :: Spring Boot ::                (v3.3.4)

2026-03-09 14:09:50.812 [main] INFO  c.r.L.LegalAssistantApplication - Starting LegalAssistantApplication using Java 21.0.5 with PID 38500 (F:\LegalAssistant\target\classes started by river in F:\LegalAssistant)
2026-03-09 14:09:50.815 [main] INFO  c.r.L.LegalAssistantApplication - No active profile set, falling back to 1 default profile: "default"
2026-03-09 14:09:54.025 [main] INFO  com.zaxxer.hikari.HikariDataSource - HikariPool-1 - Starting...
2026-03-09 14:09:54.228 [main] INFO  com.zaxxer.hikari.pool.HikariPool - HikariPool-1 - Added connection org.postgresql.jdbc.PgConnection@252d2ac0
2026-03-09 14:09:54.318 [main] INFO  com.zaxxer.hikari.HikariDataSource - HikariPool-1 - Start completed.
2026-03-09 14:09:54.347 [main] INFO  org.flywaydb.core.FlywayExecutor - Database: jdbc:postgresql://localhost:5432/legal_assistant_benchmark_20260309140944 (PostgreSQL 17.6)
2026-03-09 14:09:54.354 [main] WARN  o.f.c.i.database.base.Database - Flyway upgrade recommended: PostgreSQL 17.6 is newer than this version of Flyway and support has not been tested. The latest supported version of PostgreSQL is 16.
2026-03-09 14:09:54.388 [main] INFO  o.f.c.i.s.JdbcTableSchemaHistory - Creating Schema History table "public"."flyway_schema_history" ...
2026-03-09 14:09:54.488 [main] INFO  o.f.core.internal.command.DbMigrate - Current version of schema "public": << Empty Schema >>
2026-03-09 14:09:54.501 [main] INFO  o.f.core.internal.command.DbMigrate - Migrating schema "public" to version "1 - Initial setup"
2026-03-09 14:09:54.545 [main] INFO  o.f.c.i.s.DefaultSqlScriptExecutor - DB: PGVector extension loaded successfully
2026-03-09 14:09:54.579 [main] INFO  o.f.c.i.s.DefaultSqlScriptExecutor - DB: HNSW vector index created successfully
2026-03-09 14:09:54.609 [main] INFO  o.f.core.internal.command.DbMigrate - Migrating schema "public" to version "2 - Update admin password"
2026-03-09 14:09:54.621 [main] INFO  o.f.core.internal.command.DbMigrate - Migrating schema "public" to version "3 - Fix vector dimensions"
2026-03-09 14:09:54.626 [main] INFO  o.f.c.i.s.DefaultSqlScriptExecutor - DB: Created vector_store table with vector(768) type
2026-03-09 14:09:54.629 [main] INFO  o.f.c.i.s.DefaultSqlScriptExecutor - DB: HNSW vector index created successfully for 768 dimensions
2026-03-09 14:09:54.639 [main] INFO  o.f.core.internal.command.DbMigrate - Migrating schema "public" to version "4 - Add demo user"
2026-03-09 14:09:54.646 [main] INFO  o.f.core.internal.command.DbMigrate - Migrating schema "public" to version "5 - Fix langchain4j compatibility"
2026-03-09 14:09:54.651 [main] INFO  o.f.c.i.s.DefaultSqlScriptExecutor - DB: Created LangChain4j compatible vector_store table with vector(768) type
2026-03-09 14:09:54.655 [main] INFO  o.f.c.i.s.DefaultSqlScriptExecutor - DB: HNSW vector index created successfully for similarity search
2026-03-09 14:09:54.662 [main] INFO  o.f.c.i.s.DefaultSqlScriptExecutor - DB: vector_store table created successfully with LangChain4j compatible structure
2026-03-09 14:09:54.663 [main] INFO  o.f.c.i.s.DefaultSqlScriptExecutor - DB: Column: embedding_id | Type: uuid | Nullable: NO | Default: uuid_generate_v4()
2026-03-09 14:09:54.663 [main] INFO  o.f.c.i.s.DefaultSqlScriptExecutor - DB: Column: embedding | Type: USER-DEFINED | Nullable: NO | Default: <NULL>
2026-03-09 14:09:54.663 [main] INFO  o.f.c.i.s.DefaultSqlScriptExecutor - DB: Column: text | Type: text | Nullable: NO | Default: <NULL>
2026-03-09 14:09:54.663 [main] INFO  o.f.c.i.s.DefaultSqlScriptExecutor - DB: Column: metadata | Type: jsonb | Nullable: YES | Default: '{}'::jsonb
2026-03-09 14:09:54.663 [main] INFO  o.f.c.i.s.DefaultSqlScriptExecutor - DB: Column: created_at | Type: timestamp with time zone | Nullable: YES | Default: CURRENT_TIMESTAMP
2026-03-09 14:09:54.673 [main] INFO  o.f.core.internal.command.DbMigrate - Migrating schema "public" to version "8 - Reset vector store tables"
2026-03-09 14:09:54.675 [main] INFO  o.f.c.i.s.DefaultSqlScriptExecutor - DB: 表 "langchain4j_embeddings" 不存在
2026-03-09 14:09:54.680 [main] INFO  o.f.c.i.s.DefaultSqlScriptExecutor - DB: Created Spring AI compatible vector_store table with vector(768) type
2026-03-09 14:09:54.680 [main] INFO  o.f.c.i.s.DefaultSqlScriptExecutor - DB: HNSW vector index created successfully for similarity search
2026-03-09 14:09:54.685 [main] INFO  o.f.c.i.s.DefaultSqlScriptExecutor - DB: Created LangChain4j embeddings table with vector(768) type
2026-03-09 14:09:54.686 [main] INFO  o.f.c.i.s.DefaultSqlScriptExecutor - DB: HNSW vector index created for LangChain4j embeddings table
2026-03-09 14:09:54.693 [main] INFO  o.f.c.i.s.DefaultSqlScriptExecutor - DB: === Final vector storage tables structure ===
2026-03-09 14:09:54.693 [main] INFO  o.f.c.i.s.DefaultSqlScriptExecutor - DB: === vector_store table (Spring AI) ===
2026-03-09 14:09:54.693 [main] INFO  o.f.c.i.s.DefaultSqlScriptExecutor - DB: Column: id | Type: uuid | Nullable: NO | Default: uuid_generate_v4()
2026-03-09 14:09:54.693 [main] INFO  o.f.c.i.s.DefaultSqlScriptExecutor - DB: Column: content | Type: text | Nullable: NO | Default: <NULL>
2026-03-09 14:09:54.693 [main] INFO  o.f.c.i.s.DefaultSqlScriptExecutor - DB: Column: metadata | Type: jsonb | Nullable: YES | Default: '{}'::jsonb
2026-03-09 14:09:54.693 [main] INFO  o.f.c.i.s.DefaultSqlScriptExecutor - DB: Column: embedding | Type: USER-DEFINED | Nullable: NO | Default: <NULL>
2026-03-09 14:09:54.693 [main] INFO  o.f.c.i.s.DefaultSqlScriptExecutor - DB: Column: created_at | Type: timestamp with time zone | Nullable: YES | Default: CURRENT_TIMESTAMP
2026-03-09 14:09:54.693 [main] INFO  o.f.c.i.s.DefaultSqlScriptExecutor - DB: === langchain4j_embeddings table (LangChain4j) ===
2026-03-09 14:09:54.693 [main] INFO  o.f.c.i.s.DefaultSqlScriptExecutor - DB: Column: embedding_id | Type: uuid | Nullable: NO | Default: uuid_generate_v4()
2026-03-09 14:09:54.693 [main] INFO  o.f.c.i.s.DefaultSqlScriptExecutor - DB: Column: embedding | Type: USER-DEFINED | Nullable: NO | Default: <NULL>
2026-03-09 14:09:54.693 [main] INFO  o.f.c.i.s.DefaultSqlScriptExecutor - DB: Column: text | Type: text | Nullable: NO | Default: <NULL>
2026-03-09 14:09:54.694 [main] INFO  o.f.c.i.s.DefaultSqlScriptExecutor - DB: Column: metadata | Type: jsonb | Nullable: YES | Default: '{}'::jsonb
2026-03-09 14:09:54.694 [main] INFO  o.f.c.i.s.DefaultSqlScriptExecutor - DB: Column: created_at | Type: timestamp with time zone | Nullable: YES | Default: CURRENT_TIMESTAMP
2026-03-09 14:09:54.694 [main] INFO  o.f.c.i.s.DefaultSqlScriptExecutor - DB: ✓ Both vector storage tables created successfully
2026-03-09 14:09:54.694 [main] INFO  o.f.c.i.s.DefaultSqlScriptExecutor - DB: ✓ Dual vector storage architecture is ready
2026-03-09 14:09:54.704 [main] INFO  o.f.core.internal.command.DbMigrate - Migrating schema "public" to version "9 - Fix vector store index size limit"
2026-03-09 14:09:54.708 [main] INFO  o.f.c.i.s.DefaultSqlScriptExecutor - DB: Created content hash index for vector_store table
2026-03-09 14:09:54.708 [main] INFO  o.f.c.i.s.DefaultSqlScriptExecutor - DB: Created full-text search index for vector_store content
2026-03-09 14:09:54.709 [main] INFO  o.f.c.i.s.DefaultSqlScriptExecutor - DB: Created GIN index for vector_store metadata
2026-03-09 14:09:54.712 [main] INFO  o.f.c.i.s.DefaultSqlScriptExecutor - DB: Created text hash index for langchain4j_embeddings table
2026-03-09 14:09:54.712 [main] INFO  o.f.c.i.s.DefaultSqlScriptExecutor - DB: Created full-text search index for langchain4j_embeddings text
2026-03-09 14:09:54.712 [main] INFO  o.f.c.i.s.DefaultSqlScriptExecutor - DB: Created GIN index for langchain4j_embeddings metadata
2026-03-09 14:09:54.720 [main] INFO  o.f.c.i.s.DefaultSqlScriptExecutor - DB: === Vector Storage Index Optimization Complete ===
2026-03-09 14:09:54.720 [main] INFO  o.f.c.i.s.DefaultSqlScriptExecutor - DB: 
2026-03-09 14:09:54.721 [main] INFO  o.f.c.i.s.DefaultSqlScriptExecutor - DB: === vector_store table indexes ===
2026-03-09 14:09:54.721 [main] INFO  o.f.c.i.s.DefaultSqlScriptExecutor - DB: Index: idx_vector_store_content_fulltext | Definition: CREATE INDEX idx_vector_store_content_fulltext ON public.vector_store USING gin (to_tsvector('simple'::regconfig, "left"(content, 1000)))
2026-03-09 14:09:54.721 [main] INFO  o.f.c.i.s.DefaultSqlScriptExecutor - DB: Index: idx_vector_store_content_hash | Definition: CREATE INDEX idx_vector_store_content_hash ON public.vector_store USING hash (md5(content))
2026-03-09 14:09:54.721 [main] INFO  o.f.c.i.s.DefaultSqlScriptExecutor - DB: Index: idx_vector_store_created_at | Definition: CREATE INDEX idx_vector_store_created_at ON public.vector_store USING btree (created_at)
2026-03-09 14:09:54.721 [main] INFO  o.f.c.i.s.DefaultSqlScriptExecutor - DB: Index: idx_vector_store_embedding_hnsw | Definition: CREATE INDEX idx_vector_store_embedding_hnsw ON public.vector_store USING hnsw (embedding vector_cosine_ops)
2026-03-09 14:09:54.721 [main] INFO  o.f.c.i.s.DefaultSqlScriptExecutor - DB: Index: idx_vector_store_metadata_gin | Definition: CREATE INDEX idx_vector_store_metadata_gin ON public.vector_store USING gin (metadata)
2026-03-09 14:09:54.721 [main] INFO  o.f.c.i.s.DefaultSqlScriptExecutor - DB: Index: vector_store_pkey | Definition: CREATE UNIQUE INDEX vector_store_pkey ON public.vector_store USING btree (id)
2026-03-09 14:09:54.721 [main] INFO  o.f.c.i.s.DefaultSqlScriptExecutor - DB: 
2026-03-09 14:09:54.722 [main] INFO  o.f.c.i.s.DefaultSqlScriptExecutor - DB: === langchain4j_embeddings table indexes ===
2026-03-09 14:09:54.722 [main] INFO  o.f.c.i.s.DefaultSqlScriptExecutor - DB: Index: idx_langchain4j_embeddings_created_at | Definition: CREATE INDEX idx_langchain4j_embeddings_created_at ON public.langchain4j_embeddings USING btree (created_at)
2026-03-09 14:09:54.722 [main] INFO  o.f.c.i.s.DefaultSqlScriptExecutor - DB: Index: idx_langchain4j_embeddings_hnsw | Definition: CREATE INDEX idx_langchain4j_embeddings_hnsw ON public.langchain4j_embeddings USING hnsw (embedding vector_cosine_ops)
2026-03-09 14:09:54.723 [main] INFO  o.f.c.i.s.DefaultSqlScriptExecutor - DB: Index: idx_langchain4j_metadata_gin | Definition: CREATE INDEX idx_langchain4j_metadata_gin ON public.langchain4j_embeddings USING gin (metadata)
2026-03-09 14:09:54.723 [main] INFO  o.f.c.i.s.DefaultSqlScriptExecutor - DB: Index: idx_langchain4j_text_fulltext | Definition: CREATE INDEX idx_langchain4j_text_fulltext ON public.langchain4j_embeddings USING gin (to_tsvector('simple'::regconfig, "left"(text, 1000)))
2026-03-09 14:09:54.723 [main] INFO  o.f.c.i.s.DefaultSqlScriptExecutor - DB: Index: idx_langchain4j_text_hash | Definition: CREATE INDEX idx_langchain4j_text_hash ON public.langchain4j_embeddings USING hash (md5(text))
2026-03-09 14:09:54.723 [main] INFO  o.f.c.i.s.DefaultSqlScriptExecutor - DB: Index: langchain4j_embeddings_pkey | Definition: CREATE UNIQUE INDEX langchain4j_embeddings_pkey ON public.langchain4j_embeddings USING btree (embedding_id)
2026-03-09 14:09:54.723 [main] INFO  o.f.c.i.s.DefaultSqlScriptExecutor - DB: 
2026-03-09 14:09:54.723 [main] INFO  o.f.c.i.s.DefaultSqlScriptExecutor - DB: ✓ Index optimization completed successfully
2026-03-09 14:09:54.723 [main] INFO  o.f.c.i.s.DefaultSqlScriptExecutor - DB: ✓ B-tree content indexes removed to prevent size limit errors
2026-03-09 14:09:54.723 [main] INFO  o.f.c.i.s.DefaultSqlScriptExecutor - DB: ✓ Hash indexes created for exact matching
2026-03-09 14:09:54.723 [main] INFO  o.f.c.i.s.DefaultSqlScriptExecutor - DB: ✓ Full-text indexes created for content search (first 1000 chars)
2026-03-09 14:09:54.723 [main] INFO  o.f.c.i.s.DefaultSqlScriptExecutor - DB: ✓ GIN indexes created for metadata JSON queries
2026-03-09 14:09:54.724 [main] INFO  o.f.c.i.s.DefaultSqlScriptExecutor - DB: 
2026-03-09 14:09:54.724 [main] INFO  o.f.c.i.s.DefaultSqlScriptExecutor - DB: Note: You can query v_vector_store_content_stats view to monitor content sizes
2026-03-09 14:09:54.732 [main] INFO  o.f.core.internal.command.DbMigrate - Migrating schema "public" to version "10 - Create chat memory tables"
2026-03-09 14:09:54.746 [main] INFO  o.f.c.i.s.DefaultSqlScriptExecutor - DB: 关系 "ollama_chat_memory"的触发器"update_ollama_chat_memory_updated_at"不存在，跳过
2026-03-09 14:09:54.747 [main] INFO  o.f.c.i.s.DefaultSqlScriptExecutor - DB: 关系 "deepseek_chat_memory"的触发器"update_deepseek_chat_memory_updated_at"不存在，跳过
2026-03-09 14:09:54.758 [main] INFO  o.f.core.internal.command.DbMigrate - Migrating schema "public" to version "11 - Create Chat History Tables"
2026-03-09 14:09:54.778 [main] INFO  o.f.core.internal.command.DbMigrate - Successfully applied 9 migrations to schema "public", now at version v11 (execution time 00:00.208s)
2026-03-09 14:09:57.162 [main] INFO  c.g.x.k.s.c.Knife4jAutoConfiguration - init CorsFilter...
2026-03-09 14:09:57.232 [main] INFO  c.r.L.service.PromptTemplateService - 开始初始化提示词模板服务...
2026-03-09 14:09:57.233 [main] INFO  c.r.L.service.PromptTemplateService - 提示词模板服务初始化完成，共加载 14 个模板
2026-03-09 14:09:57.262 [main] INFO  c.r.L.config.OllamaConfig - === Ollama 配置初始化 ===
2026-03-09 14:09:57.262 [main] INFO  c.r.L.config.OllamaConfig - 使用本地 Ollama 服务，不依赖任何云端 AI 服务
2026-03-09 14:09:57.262 [main] INFO  c.r.L.config.OllamaConfig - 确保 Ollama 服务运行在 http://localhost:11434
2026-03-09 14:09:57.262 [main] INFO  c.r.L.config.OllamaConfig - 推荐模型:
2026-03-09 14:09:57.262 [main] INFO  c.r.L.config.OllamaConfig -   - 聊天模型: qwen2:1.5b, llama3.2:3b
2026-03-09 14:09:57.263 [main] INFO  c.r.L.config.OllamaConfig -   - 嵌入模型: nomic-embed-text
2026-03-09 14:09:57.263 [main] INFO  c.r.L.config.OllamaConfig - ========================
2026-03-09 14:09:57.705 [main] INFO  c.r.LegalAssistant.config.AiConfig - 初始化default聊天客户端，优先使用DeepSeek模型
2026-03-09 14:09:57.738 [main] INFO  c.r.L.config.ChatMemoryConfig - 创建Ollama聊天记忆存储库（内存存储）
2026-03-09 14:09:57.740 [main] INFO  c.r.L.config.ChatMemoryConfig - 创建Ollama聊天记忆，最大消息数: 15
2026-03-09 14:09:57.744 [main] INFO  c.r.L.config.ChatMemoryConfig - 创建DeepSeek聊天记忆存储库（内存存储）
2026-03-09 14:09:57.745 [main] INFO  c.r.L.config.ChatMemoryConfig - 创建DeepSeek聊天记忆，最大消息数: 30
2026-03-09 14:09:57.746 [main] INFO  c.r.L.service.ChatMemoryService - 聊天记忆服务初始化完成
2026-03-09 14:09:57.779 [main] INFO  c.r.LegalAssistant.config.AiConfig - 设置 Ollama Embedding 模型为主要嵌入模型
2026-03-09 14:09:57.970 [main] INFO  o.s.a.v.pgvector.PgVectorStore - Using the vector table name: vector_store. Is empty: false
2026-03-09 14:09:57.973 [main] INFO  o.s.a.v.pgvector.PgVectorStore - Initializing PGVectorStore schema for table: vector_store in schema: public
2026-03-09 14:09:57.973 [main] INFO  o.s.a.v.pgvector.PgVectorStore - vectorTableValidationsEnabled false
2026-03-09 14:09:57.973 [main] DEBUG o.s.a.v.pgvector.PgVectorStore - Skipping the schema initialization for the table: public.vector_store
2026-03-09 14:09:57.986 [main] INFO  c.r.L.config.LangChain4jConfig - 初始化 LangChain4j PGVector 嵌入存储（独立表）
2026-03-09 14:09:57.986 [main] INFO  c.r.L.config.LangChain4jConfig - 连接 PGVector 数据库: localhost:5432/legal_assistant_benchmark_20260309140944, 表: langchain4j_embeddings, 维度: 768
2026-03-09 14:09:58.046 [main] INFO  c.r.L.config.LangChain4jConfig - 初始化 LangChain4j 嵌入模型: nomic-embed-text
2026-03-09 14:09:58.425 [main] INFO  c.r.L.config.AsyncConfig - 初始化支持SecurityContext的异步执行器
2026-03-09 14:09:58.434 [main] INFO  c.r.L.service.AgentService - 混合AI法律顾问代理服务启动
2026-03-09 14:09:58.437 [main] INFO  c.r.L.service.AgentService - 正在初始化混合AI法律顾问代理服务...
2026-03-09 14:09:58.438 [main] INFO  c.r.L.service.AgentService - 配置：混合模式=true, 基础提供者=ollama, 高级提供者=deepseek, 自动降级=true
2026-03-09 14:09:58.438 [main] INFO  c.r.L.service.AgentService - 初始化基础AI服务：ollama (qwen3:4b)
2026-03-09 14:09:58.445 [main] INFO  c.r.L.service.AgentService - 基础AI服务初始化成功：qwen3:4b
2026-03-09 14:09:58.445 [main] INFO  c.r.L.service.AgentService - 初始化高级AI服务：deepseek (deepseek-chat)
2026-03-09 14:09:58.480 [main] INFO  c.r.L.service.AgentService - 高级AI服务初始化成功：deepseek-chat
2026-03-09 14:09:58.480 [main] INFO  c.r.L.service.AgentService - === 混合AI法律顾问服务初始化完成 ===
2026-03-09 14:09:58.480 [main] INFO  c.r.L.service.AgentService - 基础服务状态：可用 (qwen3:4b)
2026-03-09 14:09:58.480 [main] INFO  c.r.L.service.AgentService - 高级服务状态：可用 (deepseek-chat)
2026-03-09 14:09:58.480 [main] INFO  c.r.L.service.AgentService - 自动降级：启用
2026-03-09 14:09:58.480 [main] INFO  c.r.L.service.AgentService - 混合AI架构完全就绪，智能路由已激活。
2026-03-09 14:09:58.480 [main] INFO  c.r.L.service.AgentService - ========================================
2026-03-09 14:09:58.495 [main] INFO  c.r.L.config.LangChain4jConfig - 初始化 LangChain4j 聊天模型: qwen3:4b
2026-03-09 14:09:58.514 [main] INFO  c.r.L.s.advanced.LegalQueryRouter - 初始化法律查询路由器...
2026-03-09 14:09:58.515 [main] INFO  c.r.L.s.advanced.LegalQueryRouter - 法律查询路由器初始化完成，配置 6 个检索器
2026-03-09 14:09:58.528 [main] INFO  c.r.L.s.a.AdvancedLegalRagService - Initializing Advanced Legal RAG service
2026-03-09 14:09:58.533 [main] INFO  c.r.L.s.a.AdvancedLegalRagService - Advanced Legal RAG service initialized
2026-03-09 14:09:58.604 [main] INFO  o.s.s.c.a.a.c.InitializeUserDetailsBeanManagerConfigurer$InitializeUserDetailsManagerConfigurer - Global AuthenticationManager configured with UserDetailsService bean with name userService
2026-03-09 14:09:59.090 [main] INFO  c.r.L.service.EtlService - ETL服务初始化完成 - chunk大小: 0, 重叠: 0, 最小块: 0
2026-03-09 14:09:59.214 [main] INFO  c.r.L.c.LegalDocumentSplitterConfig - 初始化法律文档分割器配置:
2026-03-09 14:09:59.214 [main] INFO  c.r.L.c.LegalDocumentSplitterConfig -   - 最大Token数: 512
2026-03-09 14:09:59.214 [main] INFO  c.r.L.c.LegalDocumentSplitterConfig -   - 层级结构解析: true
2026-03-09 14:09:59.214 [main] INFO  c.r.L.c.LegalDocumentSplitterConfig -   - 重叠字符数: 50
2026-03-09 14:09:59.214 [main] INFO  c.r.L.s.s.LegalDocumentSplitter - 初始化法律文档分割器 - maxTokens: 512, enableHierarchicalParsing: true, chunkOverlap: 50
2026-03-09 14:09:59.223 [main] INFO  c.r.L.s.s.DocumentSplitterFactory - DocumentSplitterFactory 初始化完成 - 已注册分割器: Legal, Contract, Recursive
2026-03-09 14:09:59.226 [main] INFO  c.r.L.s.DocumentProcessingService - DocumentProcessingService 初始化完成 - 统一文档处理服务已启用
2026-03-09 14:09:59.311 [main] INFO  c.r.L.s.DocumentIndexingService - DocumentIndexingService 初始化完成,已启用法律文档分割器
2026-03-09 14:09:59.345 [main] INFO  c.r.L.s.VectorDatabaseManagementService - VectorDatabaseManagementService 初始化完成,已启用统一文档处理服务和法律文档分割器
2026-03-09 14:09:59.377 [main] INFO  c.r.LegalAssistant.config.AiConfig - 初始化基础聊天客户端，使用Ollama Chat模型
2026-03-09 14:09:59.379 [main] INFO  c.r.LegalAssistant.config.AiConfig - 初始化advanced聊天客户端，优先使用DeepSeek模型
2026-03-09 14:09:59.411 [main] INFO  c.r.L.config.ChatMemoryConfig - 创建默认聊天记忆，使用Ollama聊天记忆
2026-03-09 14:09:59.413 [main] INFO  c.r.L.config.LangChain4jConfig - 初始化 LangChain4j 流式聊天模型: qwen3:4b
2026-03-09 14:09:59.423 [main] INFO  c.r.L.config.OpenApiConfig - 初始化OpenAPI配置, contextPath: /api/v1, port: 18080
2026-03-09 14:09:59.593 [main] WARN  o.s.b.a.o.j.JpaBaseConfiguration$JpaWebConfiguration - spring.jpa.open-in-view is enabled by default. Therefore, database queries may be performed during view rendering. Explicitly configure spring.jpa.open-in-view to disable this warning
2026-03-09 14:09:59.884 [main] INFO  c.r.LegalAssistant.config.WebConfig - 配置现有JSON消息转换器，禁用非ASCII字符转义
2026-03-09 14:10:00.293 [main] INFO  c.r.LegalAssistant.config.SseConfig - SSE ObjectMapper配置完成，禁用非ASCII字符转义
2026-03-09 14:10:00.504 [main] INFO  c.r.LegalAssistant.config.WebConfig - 配置Web异步支持，设置超时为25分钟以支持长时间AI分析
2026-03-09 14:10:02.189 [main] INFO  c.r.L.LegalAssistantApplication - Started LegalAssistantApplication in 11.921 seconds (process running for 12.244)
2026-03-09 14:10:13.318 [http-nio-18080-exec-1] INFO  c.r.L.filter.RequestTrackingFilter - [REQUEST_END] traceId=3dac854f, method=GET, uri=/api/v1/health, status=200, duration=17ms
2026-03-09 14:10:13.646 [http-nio-18080-exec-3] INFO  c.r.L.c.AuthenticationController - 用户登录请求: admin
2026-03-09 14:10:13.949 [http-nio-18080-exec-3] INFO  c.r.L.c.AuthenticationController - 用户 admin 登录成功
2026-03-09 14:10:13.954 [http-nio-18080-exec-3] INFO  c.r.L.filter.RequestTrackingFilter - [REQUEST_END] traceId=f322c874, method=POST, uri=/api/v1/auth/login, status=200, duration=325ms
2026-03-09 14:10:13.962 [http-nio-18080-exec-4] INFO  c.r.L.c.AuthenticationController - 用户登录请求: demo
2026-03-09 14:10:14.029 [http-nio-18080-exec-4] INFO  c.r.L.c.AuthenticationController - 用户 demo 登录成功
2026-03-09 14:10:14.032 [http-nio-18080-exec-4] INFO  c.r.L.filter.RequestTrackingFilter - [REQUEST_END] traceId=581bca16, method=POST, uri=/api/v1/auth/login, status=200, duration=71ms
2026-03-09 14:10:14.213 [http-nio-18080-exec-6] INFO  c.r.L.c.KnowledgeBaseController - 管理员上传单个法律文档: kb-advertising-compliance.md
2026-03-09 14:10:14.216 [http-nio-18080-exec-6] INFO  c.r.L.service.KnowledgeBaseService - 开始上传文档到知识库 (使用EtlService): kb-advertising-compliance.md, 大小: 608 bytes
2026-03-09 14:10:14.216 [http-nio-18080-exec-6] INFO  c.r.L.service.DocumentParserService - 开始解析文档: kb-advertising-compliance.md, 类型: md, 大小: 608 bytes
2026-03-09 14:10:14.216 [http-nio-18080-exec-6] INFO  c.r.L.service.DocumentParserService - 文档解析成功: kb-advertising-compliance.md, 内容长度: 225 字符
2026-03-09 14:10:14.221 [http-nio-18080-exec-6] INFO  c.r.L.s.DocumentProcessingService - 开始处理文档 - 类型: BENCHMARK-20260309140944, 长度: 225 字符
2026-03-09 14:10:17.281 [http-nio-18080-exec-6] INFO  c.r.L.s.DocumentProcessingService - 文档处理完成 - 片段数: 1, 存储数: 1, 耗时: 3060ms
2026-03-09 14:10:17.331 [http-nio-18080-exec-6] INFO  c.r.L.service.KnowledgeBaseService - 文档保存到数据库成功：kb-advertising-compliance.md
2026-03-09 14:10:17.332 [http-nio-18080-exec-6] INFO  c.r.L.service.KnowledgeBaseService - 文档上传完成 (DocumentProcessingService): kb-advertising-compliance.md, 文档ID: 1, 块数: 1, 分割器: RecursiveSplitter
2026-03-09 14:10:17.336 [http-nio-18080-exec-6] INFO  c.r.L.filter.RequestTrackingFilter - [REQUEST_END] traceId=1011fad6, method=POST, uri=/api/v1/knowledge-base/documents/upload-single, status=200, duration=3160ms
2026-03-09 14:10:17.367 [http-nio-18080-exec-9] INFO  c.r.L.c.KnowledgeBaseController - 管理员上传单个法律文档: kb-civil-breach.md
2026-03-09 14:10:17.368 [http-nio-18080-exec-9] INFO  c.r.L.service.KnowledgeBaseService - 开始上传文档到知识库 (使用EtlService): kb-civil-breach.md, 大小: 793 bytes
2026-03-09 14:10:17.368 [http-nio-18080-exec-9] INFO  c.r.L.service.DocumentParserService - 开始解析文档: kb-civil-breach.md, 类型: md, 大小: 793 bytes
2026-03-09 14:10:17.368 [http-nio-18080-exec-9] INFO  c.r.L.service.DocumentParserService - 文档解析成功: kb-civil-breach.md, 内容长度: 284 字符
2026-03-09 14:10:17.371 [http-nio-18080-exec-9] INFO  c.r.L.s.DocumentProcessingService - 开始处理文档 - 类型: BENCHMARK-20260309140944, 长度: 284 字符
2026-03-09 14:10:17.501 [http-nio-18080-exec-9] INFO  c.r.L.s.DocumentProcessingService - 文档处理完成 - 片段数: 1, 存储数: 1, 耗时: 129ms
2026-03-09 14:10:17.507 [http-nio-18080-exec-9] INFO  c.r.L.service.KnowledgeBaseService - 文档保存到数据库成功：kb-civil-breach.md
2026-03-09 14:10:17.507 [http-nio-18080-exec-9] INFO  c.r.L.service.KnowledgeBaseService - 文档上传完成 (DocumentProcessingService): kb-civil-breach.md, 文档ID: 2, 块数: 1, 分割器: RecursiveSplitter
2026-03-09 14:10:17.510 [http-nio-18080-exec-9] INFO  c.r.L.filter.RequestTrackingFilter - [REQUEST_END] traceId=def7a6a0, method=POST, uri=/api/v1/knowledge-base/documents/upload-single, status=200, duration=144ms
2026-03-09 14:10:17.522 [http-nio-18080-exec-8] INFO  c.r.L.c.KnowledgeBaseController - 管理员上传单个法律文档: kb-data-cross-border.md
2026-03-09 14:10:17.523 [http-nio-18080-exec-8] INFO  c.r.L.service.KnowledgeBaseService - 开始上传文档到知识库 (使用EtlService): kb-data-cross-border.md, 大小: 690 bytes
2026-03-09 14:10:17.523 [http-nio-18080-exec-8] INFO  c.r.L.service.DocumentParserService - 开始解析文档: kb-data-cross-border.md, 类型: md, 大小: 690 bytes
2026-03-09 14:10:17.523 [http-nio-18080-exec-8] INFO  c.r.L.service.DocumentParserService - 文档解析成功: kb-data-cross-border.md, 内容长度: 253 字符
2026-03-09 14:10:17.526 [http-nio-18080-exec-8] INFO  c.r.L.s.DocumentProcessingService - 开始处理文档 - 类型: BENCHMARK-20260309140944, 长度: 253 字符
2026-03-09 14:10:17.642 [http-nio-18080-exec-8] INFO  c.r.L.s.DocumentProcessingService - 文档处理完成 - 片段数: 1, 存储数: 1, 耗时: 115ms
2026-03-09 14:10:17.646 [http-nio-18080-exec-8] INFO  c.r.L.service.KnowledgeBaseService - 文档保存到数据库成功：kb-data-cross-border.md
2026-03-09 14:10:17.647 [http-nio-18080-exec-8] INFO  c.r.L.service.KnowledgeBaseService - 文档上传完成 (DocumentProcessingService): kb-data-cross-border.md, 文档ID: 3, 块数: 1, 分割器: RecursiveSplitter
2026-03-09 14:10:17.649 [http-nio-18080-exec-8] INFO  c.r.L.filter.RequestTrackingFilter - [REQUEST_END] traceId=f7a649ec, method=POST, uri=/api/v1/knowledge-base/documents/upload-single, status=200, duration=129ms
2026-03-09 14:10:17.664 [http-nio-18080-exec-1] INFO  c.r.L.c.KnowledgeBaseController - 管理员上传单个法律文档: kb-ecommerce-consumer-rights.md
2026-03-09 14:10:17.664 [http-nio-18080-exec-1] INFO  c.r.L.service.KnowledgeBaseService - 开始上传文档到知识库 (使用EtlService): kb-ecommerce-consumer-rights.md, 大小: 736 bytes
2026-03-09 14:10:17.664 [http-nio-18080-exec-1] INFO  c.r.L.service.DocumentParserService - 开始解析文档: kb-ecommerce-consumer-rights.md, 类型: md, 大小: 736 bytes
2026-03-09 14:10:17.664 [http-nio-18080-exec-1] INFO  c.r.L.service.DocumentParserService - 文档解析成功: kb-ecommerce-consumer-rights.md, 内容长度: 265 字符
2026-03-09 14:10:17.668 [http-nio-18080-exec-1] INFO  c.r.L.s.DocumentProcessingService - 开始处理文档 - 类型: BENCHMARK-20260309140944, 长度: 265 字符
2026-03-09 14:10:17.784 [http-nio-18080-exec-1] INFO  c.r.L.s.DocumentProcessingService - 文档处理完成 - 片段数: 1, 存储数: 1, 耗时: 116ms
2026-03-09 14:10:17.790 [http-nio-18080-exec-1] INFO  c.r.L.service.KnowledgeBaseService - 文档保存到数据库成功：kb-ecommerce-consumer-rights.md
2026-03-09 14:10:17.790 [http-nio-18080-exec-1] INFO  c.r.L.service.KnowledgeBaseService - 文档上传完成 (DocumentProcessingService): kb-ecommerce-consumer-rights.md, 文档ID: 4, 块数: 1, 分割器: RecursiveSplitter
2026-03-09 14:10:17.791 [http-nio-18080-exec-1] INFO  c.r.L.filter.RequestTrackingFilter - [REQUEST_END] traceId=09bba546, method=POST, uri=/api/v1/knowledge-base/documents/upload-single, status=200, duration=129ms
2026-03-09 14:10:17.804 [http-nio-18080-exec-4] INFO  c.r.L.c.KnowledgeBaseController - 管理员上传单个法律文档: kb-labor-termination.md
2026-03-09 14:10:17.804 [http-nio-18080-exec-4] INFO  c.r.L.service.KnowledgeBaseService - 开始上传文档到知识库 (使用EtlService): kb-labor-termination.md, 大小: 658 bytes
2026-03-09 14:10:17.804 [http-nio-18080-exec-4] INFO  c.r.L.service.DocumentParserService - 开始解析文档: kb-labor-termination.md, 类型: md, 大小: 658 bytes
2026-03-09 14:10:17.805 [http-nio-18080-exec-4] INFO  c.r.L.service.DocumentParserService - 文档解析成功: kb-labor-termination.md, 内容长度: 239 字符
2026-03-09 14:10:17.808 [http-nio-18080-exec-4] INFO  c.r.L.s.DocumentProcessingService - 开始处理文档 - 类型: BENCHMARK-20260309140944, 长度: 239 字符
2026-03-09 14:10:17.928 [http-nio-18080-exec-4] INFO  c.r.L.s.DocumentProcessingService - 文档处理完成 - 片段数: 1, 存储数: 1, 耗时: 119ms
2026-03-09 14:10:17.933 [http-nio-18080-exec-4] INFO  c.r.L.service.KnowledgeBaseService - 文档保存到数据库成功：kb-labor-termination.md
2026-03-09 14:10:17.934 [http-nio-18080-exec-4] INFO  c.r.L.service.KnowledgeBaseService - 文档上传完成 (DocumentProcessingService): kb-labor-termination.md, 文档ID: 5, 块数: 1, 分割器: RecursiveSplitter
2026-03-09 14:10:17.935 [http-nio-18080-exec-4] INFO  c.r.L.filter.RequestTrackingFilter - [REQUEST_END] traceId=9a612e52, method=POST, uri=/api/v1/knowledge-base/documents/upload-single, status=200, duration=133ms
2026-03-09 14:10:17.949 [http-nio-18080-exec-7] INFO  c.r.L.c.KnowledgeBaseController - 管理员上传单个法律文档: kb-personal-info-processing.md
2026-03-09 14:10:17.949 [http-nio-18080-exec-7] INFO  c.r.L.service.KnowledgeBaseService - 开始上传文档到知识库 (使用EtlService): kb-personal-info-processing.md, 大小: 634 bytes
2026-03-09 14:10:17.949 [http-nio-18080-exec-7] INFO  c.r.L.service.DocumentParserService - 开始解析文档: kb-personal-info-processing.md, 类型: md, 大小: 634 bytes
2026-03-09 14:10:17.950 [http-nio-18080-exec-7] INFO  c.r.L.service.DocumentParserService - 文档解析成功: kb-personal-info-processing.md, 内容长度: 231 字符
2026-03-09 14:10:17.953 [http-nio-18080-exec-7] INFO  c.r.L.s.DocumentProcessingService - 开始处理文档 - 类型: BENCHMARK-20260309140944, 长度: 231 字符
2026-03-09 14:10:18.062 [http-nio-18080-exec-7] INFO  c.r.L.s.DocumentProcessingService - 文档处理完成 - 片段数: 1, 存储数: 1, 耗时: 109ms
2026-03-09 14:10:18.068 [http-nio-18080-exec-7] INFO  c.r.L.service.KnowledgeBaseService - 文档保存到数据库成功：kb-personal-info-processing.md
2026-03-09 14:10:18.068 [http-nio-18080-exec-7] INFO  c.r.L.service.KnowledgeBaseService - 文档上传完成 (DocumentProcessingService): kb-personal-info-processing.md, 文档ID: 6, 块数: 1, 分割器: RecursiveSplitter
2026-03-09 14:10:18.070 [http-nio-18080-exec-7] INFO  c.r.L.filter.RequestTrackingFilter - [REQUEST_END] traceId=ffdcc9bd, method=POST, uri=/api/v1/knowledge-base/documents/upload-single, status=200, duration=123ms
2026-03-09 14:10:18.136 [http-nio-18080-exec-5] INFO  c.r.L.c.UnifiedChatController - 收到统一聊天请求: message=合同违约后通常有哪些承担责任的方式？, modelType=UNIFIED, conversationId=null, useKnowledgeBase=true
2026-03-09 14:10:18.137 [http-nio-18080-exec-5] INFO  c.r.L.c.UnifiedChatController - Unified mode routed to Advanced RAG for simple query
2026-03-09 14:10:18.137 [http-nio-18080-exec-5] INFO  c.r.L.s.a.AdvancedLegalRagService - Advanced RAG chat request received, sessionId=default
2026-03-09 14:10:18.141 [http-nio-18080-exec-5] INFO  c.r.L.s.a.LegalQueryTransformer - 转换法律查询: 合同违约后通常有哪些承担责任的方式？
2026-03-09 14:10:18.145 [http-nio-18080-exec-5] INFO  c.r.L.s.a.LegalQueryTransformer - 查询转换完成，原始1个查询扩展为6个查询
2026-03-09 14:10:18.146 [pool-5-thread-1] INFO  c.r.L.s.advanced.LegalQueryRouter - 路由法律查询: 合同违约后通常有哪些承担责任的方式？
2026-03-09 14:10:18.146 [pool-5-thread-2] INFO  c.r.L.s.advanced.LegalQueryRouter - 路由法律查询: 合同协议违约责任后通常有哪些承担法律责任的方式？
2026-03-09 14:10:18.147 [pool-5-thread-3] INFO  c.r.L.s.advanced.LegalQueryRouter - 路由法律查询: 合同 违约 责任 合同违约责任 继续履行 违约金 损害赔偿 迟延履行 补救措施
2026-03-09 14:10:18.147 [pool-5-thread-4] INFO  c.r.L.s.advanced.LegalQueryRouter - 路由法律查询: 违约后通常可以主张哪些责任承担方式？
2026-03-09 14:10:18.147 [pool-5-thread-5] INFO  c.r.L.s.advanced.LegalQueryRouter - 路由法律查询: 违约金与损害赔偿如何衔接适用？
2026-03-09 14:10:18.147 [pool-5-thread-6] INFO  c.r.L.s.advanced.LegalQueryRouter - 路由法律查询: 迟延履行场景下如何控制损失扩大责任？
2026-03-09 14:10:18.729 [http-nio-18080-exec-2] INFO  c.r.L.filter.RequestTrackingFilter - [REQUEST_END] traceId=0aead0c9, method=GET, uri=/api/v1/health/detailed, status=200, duration=16159ms
2026-03-09 14:12:18.395 [pool-5-thread-5] WARN  dev.langchain4j.internal.RetryUtils - A retriable exception occurred. Remaining retries: 2 of 2
dev.langchain4j.exception.TimeoutException: request timed out
	at dev.langchain4j.http.client.jdk.JdkHttpClient.execute(JdkHttpClient.java:58)
	at dev.langchain4j.model.ollama.OllamaClient.chat(OllamaClient.java:102)
	at dev.langchain4j.model.ollama.OllamaChatModel.lambda$doChat$0(OllamaChatModel.java:41)
	at dev.langchain4j.internal.ExceptionMapper.withExceptionMapper(ExceptionMapper.java:29)
	at dev.langchain4j.internal.RetryUtils.lambda$withRetryMappingExceptions$1(RetryUtils.java:322)
	at dev.langchain4j.internal.RetryUtils$RetryPolicy.withRetry(RetryUtils.java:204)
	at dev.langchain4j.internal.RetryUtils.withRetry(RetryUtils.java:259)
	at dev.langchain4j.internal.RetryUtils.withRetryMappingExceptions(RetryUtils.java:322)
	at dev.langchain4j.internal.RetryUtils.withRetryMappingExceptions(RetryUtils.java:305)
	at dev.langchain4j.model.ollama.OllamaChatModel.doChat(OllamaChatModel.java:41)
	at dev.langchain4j.model.chat.ChatModel.chat(ChatModel.java:46)
	at dev.langchain4j.model.chat.ChatModel.chat(ChatModel.java:76)
	at com.river.LegalAssistant.service.advanced.LegalQueryRouter.classifyByAI(LegalQueryRouter.java:147)
	at com.river.LegalAssistant.service.advanced.LegalQueryRouter.analyzeQuery(LegalQueryRouter.java:102)
	at com.river.LegalAssistant.service.advanced.LegalQueryRouter.route(LegalQueryRouter.java:77)
	at dev.langchain4j.rag.DefaultRetrievalAugmentor.lambda$process$1(DefaultRetrievalAugmentor.java:180)
	at java.base/java.util.concurrent.CompletableFuture$AsyncSupply.run(CompletableFuture.java:1768)
	at java.base/java.util.concurrent.ThreadPoolExecutor.runWorker(ThreadPoolExecutor.java:1144)
	at java.base/java.util.concurrent.ThreadPoolExecutor$Worker.run(ThreadPoolExecutor.java:642)
	at java.base/java.lang.Thread.run(Thread.java:1583)
Caused by: java.net.http.HttpTimeoutException: request timed out
	at java.net.http/jdk.internal.net.http.HttpClientImpl.send(HttpClientImpl.java:949)
	at java.net.http/jdk.internal.net.http.HttpClientFacade.send(HttpClientFacade.java:133)
	at dev.langchain4j.http.client.jdk.JdkHttpClient.execute(JdkHttpClient.java:50)
	... 19 common frames omitted
2026-03-09 14:12:18.395 [pool-5-thread-4] WARN  dev.langchain4j.internal.RetryUtils - A retriable exception occurred. Remaining retries: 2 of 2
dev.langchain4j.exception.TimeoutException: request timed out
	at dev.langchain4j.http.client.jdk.JdkHttpClient.execute(JdkHttpClient.java:58)
	at dev.langchain4j.model.ollama.OllamaClient.chat(OllamaClient.java:102)
	at dev.langchain4j.model.ollama.OllamaChatModel.lambda$doChat$0(OllamaChatModel.java:41)
	at dev.langchain4j.internal.ExceptionMapper.withExceptionMapper(ExceptionMapper.java:29)
	at dev.langchain4j.internal.RetryUtils.lambda$withRetryMappingExceptions$1(RetryUtils.java:322)
	at dev.langchain4j.internal.RetryUtils$RetryPolicy.withRetry(RetryUtils.java:204)
	at dev.langchain4j.internal.RetryUtils.withRetry(RetryUtils.java:259)
	at dev.langchain4j.internal.RetryUtils.withRetryMappingExceptions(RetryUtils.java:322)
	at dev.langchain4j.internal.RetryUtils.withRetryMappingExceptions(RetryUtils.java:305)
	at dev.langchain4j.model.ollama.OllamaChatModel.doChat(OllamaChatModel.java:41)
	at dev.langchain4j.model.chat.ChatModel.chat(ChatModel.java:46)
	at dev.langchain4j.model.chat.ChatModel.chat(ChatModel.java:76)
	at com.river.LegalAssistant.service.advanced.LegalQueryRouter.classifyByAI(LegalQueryRouter.java:147)
	at com.river.LegalAssistant.service.advanced.LegalQueryRouter.analyzeQuery(LegalQueryRouter.java:102)
	at com.river.LegalAssistant.service.advanced.LegalQueryRouter.route(LegalQueryRouter.java:77)
	at dev.langchain4j.rag.DefaultRetrievalAugmentor.lambda$process$1(DefaultRetrievalAugmentor.java:180)
	at java.base/java.util.concurrent.CompletableFuture$AsyncSupply.run(CompletableFuture.java:1768)
	at java.base/java.util.concurrent.ThreadPoolExecutor.runWorker(ThreadPoolExecutor.java:1144)
	at java.base/java.util.concurrent.ThreadPoolExecutor$Worker.run(ThreadPoolExecutor.java:642)
	at java.base/java.lang.Thread.run(Thread.java:1583)
Caused by: java.net.http.HttpTimeoutException: request timed out
	at java.net.http/jdk.internal.net.http.HttpClientImpl.send(HttpClientImpl.java:949)
	at java.net.http/jdk.internal.net.http.HttpClientFacade.send(HttpClientFacade.java:133)
	at dev.langchain4j.http.client.jdk.JdkHttpClient.execute(JdkHttpClient.java:50)
	... 19 common frames omitted
2026-03-09 14:12:18.395 [pool-5-thread-1] WARN  dev.langchain4j.internal.RetryUtils - A retriable exception occurred. Remaining retries: 2 of 2
dev.langchain4j.exception.TimeoutException: request timed out
	at dev.langchain4j.http.client.jdk.JdkHttpClient.execute(JdkHttpClient.java:58)
	at dev.langchain4j.model.ollama.OllamaClient.chat(OllamaClient.java:102)
	at dev.langchain4j.model.ollama.OllamaChatModel.lambda$doChat$0(OllamaChatModel.java:41)
	at dev.langchain4j.internal.ExceptionMapper.withExceptionMapper(ExceptionMapper.java:29)
	at dev.langchain4j.internal.RetryUtils.lambda$withRetryMappingExceptions$1(RetryUtils.java:322)
	at dev.langchain4j.internal.RetryUtils$RetryPolicy.withRetry(RetryUtils.java:204)
	at dev.langchain4j.internal.RetryUtils.withRetry(RetryUtils.java:259)
	at dev.langchain4j.internal.RetryUtils.withRetryMappingExceptions(RetryUtils.java:322)
	at dev.langchain4j.internal.RetryUtils.withRetryMappingExceptions(RetryUtils.java:305)
	at dev.langchain4j.model.ollama.OllamaChatModel.doChat(OllamaChatModel.java:41)
	at dev.langchain4j.model.chat.ChatModel.chat(ChatModel.java:46)
	at dev.langchain4j.model.chat.ChatModel.chat(ChatModel.java:76)
	at com.river.LegalAssistant.service.advanced.LegalQueryRouter.classifyByAI(LegalQueryRouter.java:147)
	at com.river.LegalAssistant.service.advanced.LegalQueryRouter.analyzeQuery(LegalQueryRouter.java:102)
	at com.river.LegalAssistant.service.advanced.LegalQueryRouter.route(LegalQueryRouter.java:77)
	at dev.langchain4j.rag.DefaultRetrievalAugmentor.lambda$process$1(DefaultRetrievalAugmentor.java:180)
	at java.base/java.util.concurrent.CompletableFuture$AsyncSupply.run(CompletableFuture.java:1768)
	at java.base/java.util.concurrent.ThreadPoolExecutor.runWorker(ThreadPoolExecutor.java:1144)
	at java.base/java.util.concurrent.ThreadPoolExecutor$Worker.run(ThreadPoolExecutor.java:642)
	at java.base/java.lang.Thread.run(Thread.java:1583)
Caused by: java.net.http.HttpTimeoutException: request timed out
	at java.net.http/jdk.internal.net.http.HttpClientImpl.send(HttpClientImpl.java:949)
	at java.net.http/jdk.internal.net.http.HttpClientFacade.send(HttpClientFacade.java:133)
	at dev.langchain4j.http.client.jdk.JdkHttpClient.execute(JdkHttpClient.java:50)
	... 19 common frames omitted
2026-03-09 14:12:18.395 [pool-5-thread-3] WARN  dev.langchain4j.internal.RetryUtils - A retriable exception occurred. Remaining retries: 2 of 2
dev.langchain4j.exception.TimeoutException: request timed out
	at dev.langchain4j.http.client.jdk.JdkHttpClient.execute(JdkHttpClient.java:58)
	at dev.langchain4j.model.ollama.OllamaClient.chat(OllamaClient.java:102)
	at dev.langchain4j.model.ollama.OllamaChatModel.lambda$doChat$0(OllamaChatModel.java:41)
	at dev.langchain4j.internal.ExceptionMapper.withExceptionMapper(ExceptionMapper.java:29)
	at dev.langchain4j.internal.RetryUtils.lambda$withRetryMappingExceptions$1(RetryUtils.java:322)
	at dev.langchain4j.internal.RetryUtils$RetryPolicy.withRetry(RetryUtils.java:204)
	at dev.langchain4j.internal.RetryUtils.withRetry(RetryUtils.java:259)
	at dev.langchain4j.internal.RetryUtils.withRetryMappingExceptions(RetryUtils.java:322)
	at dev.langchain4j.internal.RetryUtils.withRetryMappingExceptions(RetryUtils.java:305)
	at dev.langchain4j.model.ollama.OllamaChatModel.doChat(OllamaChatModel.java:41)
	at dev.langchain4j.model.chat.ChatModel.chat(ChatModel.java:46)
	at dev.langchain4j.model.chat.ChatModel.chat(ChatModel.java:76)
	at com.river.LegalAssistant.service.advanced.LegalQueryRouter.classifyByAI(LegalQueryRouter.java:147)
	at com.river.LegalAssistant.service.advanced.LegalQueryRouter.analyzeQuery(LegalQueryRouter.java:102)
	at com.river.LegalAssistant.service.advanced.LegalQueryRouter.route(LegalQueryRouter.java:77)
	at dev.langchain4j.rag.DefaultRetrievalAugmentor.lambda$process$1(DefaultRetrievalAugmentor.java:180)
	at java.base/java.util.concurrent.CompletableFuture$AsyncSupply.run(CompletableFuture.java:1768)
	at java.base/java.util.concurrent.ThreadPoolExecutor.runWorker(ThreadPoolExecutor.java:1144)
	at java.base/java.util.concurrent.ThreadPoolExecutor$Worker.run(ThreadPoolExecutor.java:642)
	at java.base/java.lang.Thread.run(Thread.java:1583)
Caused by: java.net.http.HttpTimeoutException: request timed out
	at java.net.http/jdk.internal.net.http.HttpClientImpl.send(HttpClientImpl.java:949)
	at java.net.http/jdk.internal.net.http.HttpClientFacade.send(HttpClientFacade.java:133)
	at dev.langchain4j.http.client.jdk.JdkHttpClient.execute(JdkHttpClient.java:50)
	... 19 common frames omitted
2026-03-09 14:12:18.395 [pool-5-thread-6] WARN  dev.langchain4j.internal.RetryUtils - A retriable exception occurred. Remaining retries: 2 of 2
dev.langchain4j.exception.TimeoutException: request timed out
	at dev.langchain4j.http.client.jdk.JdkHttpClient.execute(JdkHttpClient.java:58)
	at dev.langchain4j.model.ollama.OllamaClient.chat(OllamaClient.java:102)
	at dev.langchain4j.model.ollama.OllamaChatModel.lambda$doChat$0(OllamaChatModel.java:41)
	at dev.langchain4j.internal.ExceptionMapper.withExceptionMapper(ExceptionMapper.java:29)
	at dev.langchain4j.internal.RetryUtils.lambda$withRetryMappingExceptions$1(RetryUtils.java:322)
	at dev.langchain4j.internal.RetryUtils$RetryPolicy.withRetry(RetryUtils.java:204)
	at dev.langchain4j.internal.RetryUtils.withRetry(RetryUtils.java:259)
	at dev.langchain4j.internal.RetryUtils.withRetryMappingExceptions(RetryUtils.java:322)
	at dev.langchain4j.internal.RetryUtils.withRetryMappingExceptions(RetryUtils.java:305)
	at dev.langchain4j.model.ollama.OllamaChatModel.doChat(OllamaChatModel.java:41)
	at dev.langchain4j.model.chat.ChatModel.chat(ChatModel.java:46)
	at dev.langchain4j.model.chat.ChatModel.chat(ChatModel.java:76)
	at com.river.LegalAssistant.service.advanced.LegalQueryRouter.classifyByAI(LegalQueryRouter.java:147)
	at com.river.LegalAssistant.service.advanced.LegalQueryRouter.analyzeQuery(LegalQueryRouter.java:102)
	at com.river.LegalAssistant.service.advanced.LegalQueryRouter.route(LegalQueryRouter.java:77)
	at dev.langchain4j.rag.DefaultRetrievalAugmentor.lambda$process$1(DefaultRetrievalAugmentor.java:180)
	at java.base/java.util.concurrent.CompletableFuture$AsyncSupply.run(CompletableFuture.java:1768)
	at java.base/java.util.concurrent.ThreadPoolExecutor.runWorker(ThreadPoolExecutor.java:1144)
	at java.base/java.util.concurrent.ThreadPoolExecutor$Worker.run(ThreadPoolExecutor.java:642)
	at java.base/java.lang.Thread.run(Thread.java:1583)
Caused by: java.net.http.HttpTimeoutException: request timed out
	at java.net.http/jdk.internal.net.http.HttpClientImpl.send(HttpClientImpl.java:949)
	at java.net.http/jdk.internal.net.http.HttpClientFacade.send(HttpClientFacade.java:133)
	at dev.langchain4j.http.client.jdk.JdkHttpClient.execute(JdkHttpClient.java:50)
	... 19 common frames omitted
2026-03-09 14:12:18.395 [pool-5-thread-2] WARN  dev.langchain4j.internal.RetryUtils - A retriable exception occurred. Remaining retries: 2 of 2
dev.langchain4j.exception.TimeoutException: request timed out
	at dev.langchain4j.http.client.jdk.JdkHttpClient.execute(JdkHttpClient.java:58)
	at dev.langchain4j.model.ollama.OllamaClient.chat(OllamaClient.java:102)
	at dev.langchain4j.model.ollama.OllamaChatModel.lambda$doChat$0(OllamaChatModel.java:41)
	at dev.langchain4j.internal.ExceptionMapper.withExceptionMapper(ExceptionMapper.java:29)
	at dev.langchain4j.internal.RetryUtils.lambda$withRetryMappingExceptions$1(RetryUtils.java:322)
	at dev.langchain4j.internal.RetryUtils$RetryPolicy.withRetry(RetryUtils.java:204)
	at dev.langchain4j.internal.RetryUtils.withRetry(RetryUtils.java:259)
	at dev.langchain4j.internal.RetryUtils.withRetryMappingExceptions(RetryUtils.java:322)
	at dev.langchain4j.internal.RetryUtils.withRetryMappingExceptions(RetryUtils.java:305)
	at dev.langchain4j.model.ollama.OllamaChatModel.doChat(OllamaChatModel.java:41)
	at dev.langchain4j.model.chat.ChatModel.chat(ChatModel.java:46)
	at dev.langchain4j.model.chat.ChatModel.chat(ChatModel.java:76)
	at com.river.LegalAssistant.service.advanced.LegalQueryRouter.classifyByAI(LegalQueryRouter.java:147)
	at com.river.LegalAssistant.service.advanced.LegalQueryRouter.analyzeQuery(LegalQueryRouter.java:102)
	at com.river.LegalAssistant.service.advanced.LegalQueryRouter.route(LegalQueryRouter.java:77)
	at dev.langchain4j.rag.DefaultRetrievalAugmentor.lambda$process$1(DefaultRetrievalAugmentor.java:180)
	at java.base/java.util.concurrent.CompletableFuture$AsyncSupply.run(CompletableFuture.java:1768)
	at java.base/java.util.concurrent.ThreadPoolExecutor.runWorker(ThreadPoolExecutor.java:1144)
	at java.base/java.util.concurrent.ThreadPoolExecutor$Worker.run(ThreadPoolExecutor.java:642)
	at java.base/java.lang.Thread.run(Thread.java:1583)
Caused by: java.net.http.HttpTimeoutException: request timed out
	at java.net.http/jdk.internal.net.http.HttpClientImpl.send(HttpClientImpl.java:949)
	at java.net.http/jdk.internal.net.http.HttpClientFacade.send(HttpClientFacade.java:133)
	at dev.langchain4j.http.client.jdk.JdkHttpClient.execute(JdkHttpClient.java:50)
	... 19 common frames omitted
2026-03-09 14:14:19.122 [pool-5-thread-4] WARN  dev.langchain4j.internal.RetryUtils - A retriable exception occurred. Remaining retries: 1 of 2
dev.langchain4j.exception.TimeoutException: request timed out
	at dev.langchain4j.http.client.jdk.JdkHttpClient.execute(JdkHttpClient.java:58)
	at dev.langchain4j.model.ollama.OllamaClient.chat(OllamaClient.java:102)
	at dev.langchain4j.model.ollama.OllamaChatModel.lambda$doChat$0(OllamaChatModel.java:41)
	at dev.langchain4j.internal.ExceptionMapper.withExceptionMapper(ExceptionMapper.java:29)
	at dev.langchain4j.internal.RetryUtils.lambda$withRetryMappingExceptions$1(RetryUtils.java:322)
	at dev.langchain4j.internal.RetryUtils$RetryPolicy.withRetry(RetryUtils.java:204)
	at dev.langchain4j.internal.RetryUtils.withRetry(RetryUtils.java:259)
	at dev.langchain4j.internal.RetryUtils.withRetryMappingExceptions(RetryUtils.java:322)
	at dev.langchain4j.internal.RetryUtils.withRetryMappingExceptions(RetryUtils.java:305)
	at dev.langchain4j.model.ollama.OllamaChatModel.doChat(OllamaChatModel.java:41)
	at dev.langchain4j.model.chat.ChatModel.chat(ChatModel.java:46)
	at dev.langchain4j.model.chat.ChatModel.chat(ChatModel.java:76)
	at com.river.LegalAssistant.service.advanced.LegalQueryRouter.classifyByAI(LegalQueryRouter.java:147)
	at com.river.LegalAssistant.service.advanced.LegalQueryRouter.analyzeQuery(LegalQueryRouter.java:102)
	at com.river.LegalAssistant.service.advanced.LegalQueryRouter.route(LegalQueryRouter.java:77)
	at dev.langchain4j.rag.DefaultRetrievalAugmentor.lambda$process$1(DefaultRetrievalAugmentor.java:180)
	at java.base/java.util.concurrent.CompletableFuture$AsyncSupply.run(CompletableFuture.java:1768)
	at java.base/java.util.concurrent.ThreadPoolExecutor.runWorker(ThreadPoolExecutor.java:1144)
	at java.base/java.util.concurrent.ThreadPoolExecutor$Worker.run(ThreadPoolExecutor.java:642)
	at java.base/java.lang.Thread.run(Thread.java:1583)
Caused by: java.net.http.HttpTimeoutException: request timed out
	at java.net.http/jdk.internal.net.http.HttpClientImpl.send(HttpClientImpl.java:949)
	at java.net.http/jdk.internal.net.http.HttpClientFacade.send(HttpClientFacade.java:133)
	at dev.langchain4j.http.client.jdk.JdkHttpClient.execute(JdkHttpClient.java:50)
	... 19 common frames omitted
2026-03-09 14:14:19.122 [pool-5-thread-6] WARN  dev.langchain4j.internal.RetryUtils - A retriable exception occurred. Remaining retries: 1 of 2
dev.langchain4j.exception.TimeoutException: request timed out
	at dev.langchain4j.http.client.jdk.JdkHttpClient.execute(JdkHttpClient.java:58)
	at dev.langchain4j.model.ollama.OllamaClient.chat(OllamaClient.java:102)
	at dev.langchain4j.model.ollama.OllamaChatModel.lambda$doChat$0(OllamaChatModel.java:41)
	at dev.langchain4j.internal.ExceptionMapper.withExceptionMapper(ExceptionMapper.java:29)
	at dev.langchain4j.internal.RetryUtils.lambda$withRetryMappingExceptions$1(RetryUtils.java:322)
	at dev.langchain4j.internal.RetryUtils$RetryPolicy.withRetry(RetryUtils.java:204)
	at dev.langchain4j.internal.RetryUtils.withRetry(RetryUtils.java:259)
	at dev.langchain4j.internal.RetryUtils.withRetryMappingExceptions(RetryUtils.java:322)
	at dev.langchain4j.internal.RetryUtils.withRetryMappingExceptions(RetryUtils.java:305)
	at dev.langchain4j.model.ollama.OllamaChatModel.doChat(OllamaChatModel.java:41)
	at dev.langchain4j.model.chat.ChatModel.chat(ChatModel.java:46)
	at dev.langchain4j.model.chat.ChatModel.chat(ChatModel.java:76)
	at com.river.LegalAssistant.service.advanced.LegalQueryRouter.classifyByAI(LegalQueryRouter.java:147)
	at com.river.LegalAssistant.service.advanced.LegalQueryRouter.analyzeQuery(LegalQueryRouter.java:102)
	at com.river.LegalAssistant.service.advanced.LegalQueryRouter.route(LegalQueryRouter.java:77)
	at dev.langchain4j.rag.DefaultRetrievalAugmentor.lambda$process$1(DefaultRetrievalAugmentor.java:180)
	at java.base/java.util.concurrent.CompletableFuture$AsyncSupply.run(CompletableFuture.java:1768)
	at java.base/java.util.concurrent.ThreadPoolExecutor.runWorker(ThreadPoolExecutor.java:1144)
	at java.base/java.util.concurrent.ThreadPoolExecutor$Worker.run(ThreadPoolExecutor.java:642)
	at java.base/java.lang.Thread.run(Thread.java:1583)
Caused by: java.net.http.HttpTimeoutException: request timed out
	at java.net.http/jdk.internal.net.http.HttpClientImpl.send(HttpClientImpl.java:949)
	at java.net.http/jdk.internal.net.http.HttpClientFacade.send(HttpClientFacade.java:133)
	at dev.langchain4j.http.client.jdk.JdkHttpClient.execute(JdkHttpClient.java:50)
	... 19 common frames omitted
2026-03-09 14:14:19.122 [pool-5-thread-2] WARN  dev.langchain4j.internal.RetryUtils - A retriable exception occurred. Remaining retries: 1 of 2
dev.langchain4j.exception.TimeoutException: request timed out
	at dev.langchain4j.http.client.jdk.JdkHttpClient.execute(JdkHttpClient.java:58)
	at dev.langchain4j.model.ollama.OllamaClient.chat(OllamaClient.java:102)
	at dev.langchain4j.model.ollama.OllamaChatModel.lambda$doChat$0(OllamaChatModel.java:41)
	at dev.langchain4j.internal.ExceptionMapper.withExceptionMapper(ExceptionMapper.java:29)
	at dev.langchain4j.internal.RetryUtils.lambda$withRetryMappingExceptions$1(RetryUtils.java:322)
	at dev.langchain4j.internal.RetryUtils$RetryPolicy.withRetry(RetryUtils.java:204)
	at dev.langchain4j.internal.RetryUtils.withRetry(RetryUtils.java:259)
	at dev.langchain4j.internal.RetryUtils.withRetryMappingExceptions(RetryUtils.java:322)
	at dev.langchain4j.internal.RetryUtils.withRetryMappingExceptions(RetryUtils.java:305)
	at dev.langchain4j.model.ollama.OllamaChatModel.doChat(OllamaChatModel.java:41)
	at dev.langchain4j.model.chat.ChatModel.chat(ChatModel.java:46)
	at dev.langchain4j.model.chat.ChatModel.chat(ChatModel.java:76)
	at com.river.LegalAssistant.service.advanced.LegalQueryRouter.classifyByAI(LegalQueryRouter.java:147)
	at com.river.LegalAssistant.service.advanced.LegalQueryRouter.analyzeQuery(LegalQueryRouter.java:102)
	at com.river.LegalAssistant.service.advanced.LegalQueryRouter.route(LegalQueryRouter.java:77)
	at dev.langchain4j.rag.DefaultRetrievalAugmentor.lambda$process$1(DefaultRetrievalAugmentor.java:180)
	at java.base/java.util.concurrent.CompletableFuture$AsyncSupply.run(CompletableFuture.java:1768)
	at java.base/java.util.concurrent.ThreadPoolExecutor.runWorker(ThreadPoolExecutor.java:1144)
	at java.base/java.util.concurrent.ThreadPoolExecutor$Worker.run(ThreadPoolExecutor.java:642)
	at java.base/java.lang.Thread.run(Thread.java:1583)
Caused by: java.net.http.HttpTimeoutException: request timed out
	at java.net.http/jdk.internal.net.http.HttpClientImpl.send(HttpClientImpl.java:949)
	at java.net.http/jdk.internal.net.http.HttpClientFacade.send(HttpClientFacade.java:133)
	at dev.langchain4j.http.client.jdk.JdkHttpClient.execute(JdkHttpClient.java:50)
	... 19 common frames omitted
2026-03-09 14:14:19.122 [pool-5-thread-3] WARN  dev.langchain4j.internal.RetryUtils - A retriable exception occurred. Remaining retries: 1 of 2
dev.langchain4j.exception.TimeoutException: request timed out
	at dev.langchain4j.http.client.jdk.JdkHttpClient.execute(JdkHttpClient.java:58)
	at dev.langchain4j.model.ollama.OllamaClient.chat(OllamaClient.java:102)
	at dev.langchain4j.model.ollama.OllamaChatModel.lambda$doChat$0(OllamaChatModel.java:41)
	at dev.langchain4j.internal.ExceptionMapper.withExceptionMapper(ExceptionMapper.java:29)
	at dev.langchain4j.internal.RetryUtils.lambda$withRetryMappingExceptions$1(RetryUtils.java:322)
	at dev.langchain4j.internal.RetryUtils$RetryPolicy.withRetry(RetryUtils.java:204)
	at dev.langchain4j.internal.RetryUtils.withRetry(RetryUtils.java:259)
	at dev.langchain4j.internal.RetryUtils.withRetryMappingExceptions(RetryUtils.java:322)
	at dev.langchain4j.internal.RetryUtils.withRetryMappingExceptions(RetryUtils.java:305)
	at dev.langchain4j.model.ollama.OllamaChatModel.doChat(OllamaChatModel.java:41)
	at dev.langchain4j.model.chat.ChatModel.chat(ChatModel.java:46)
	at dev.langchain4j.model.chat.ChatModel.chat(ChatModel.java:76)
	at com.river.LegalAssistant.service.advanced.LegalQueryRouter.classifyByAI(LegalQueryRouter.java:147)
	at com.river.LegalAssistant.service.advanced.LegalQueryRouter.analyzeQuery(LegalQueryRouter.java:102)
	at com.river.LegalAssistant.service.advanced.LegalQueryRouter.route(LegalQueryRouter.java:77)
	at dev.langchain4j.rag.DefaultRetrievalAugmentor.lambda$process$1(DefaultRetrievalAugmentor.java:180)
	at java.base/java.util.concurrent.CompletableFuture$AsyncSupply.run(CompletableFuture.java:1768)
	at java.base/java.util.concurrent.ThreadPoolExecutor.runWorker(ThreadPoolExecutor.java:1144)
	at java.base/java.util.concurrent.ThreadPoolExecutor$Worker.run(ThreadPoolExecutor.java:642)
	at java.base/java.lang.Thread.run(Thread.java:1583)
Caused by: java.net.http.HttpTimeoutException: request timed out
	at java.net.http/jdk.internal.net.http.HttpClientImpl.send(HttpClientImpl.java:949)
	at java.net.http/jdk.internal.net.http.HttpClientFacade.send(HttpClientFacade.java:133)
	at dev.langchain4j.http.client.jdk.JdkHttpClient.execute(JdkHttpClient.java:50)
	... 19 common frames omitted
2026-03-09 14:14:19.122 [pool-5-thread-5] WARN  dev.langchain4j.internal.RetryUtils - A retriable exception occurred. Remaining retries: 1 of 2
dev.langchain4j.exception.TimeoutException: request timed out
	at dev.langchain4j.http.client.jdk.JdkHttpClient.execute(JdkHttpClient.java:58)
	at dev.langchain4j.model.ollama.OllamaClient.chat(OllamaClient.java:102)
	at dev.langchain4j.model.ollama.OllamaChatModel.lambda$doChat$0(OllamaChatModel.java:41)
	at dev.langchain4j.internal.ExceptionMapper.withExceptionMapper(ExceptionMapper.java:29)
	at dev.langchain4j.internal.RetryUtils.lambda$withRetryMappingExceptions$1(RetryUtils.java:322)
	at dev.langchain4j.internal.RetryUtils$RetryPolicy.withRetry(RetryUtils.java:204)
	at dev.langchain4j.internal.RetryUtils.withRetry(RetryUtils.java:259)
	at dev.langchain4j.internal.RetryUtils.withRetryMappingExceptions(RetryUtils.java:322)
	at dev.langchain4j.internal.RetryUtils.withRetryMappingExceptions(RetryUtils.java:305)
	at dev.langchain4j.model.ollama.OllamaChatModel.doChat(OllamaChatModel.java:41)
	at dev.langchain4j.model.chat.ChatModel.chat(ChatModel.java:46)
	at dev.langchain4j.model.chat.ChatModel.chat(ChatModel.java:76)
	at com.river.LegalAssistant.service.advanced.LegalQueryRouter.classifyByAI(LegalQueryRouter.java:147)
	at com.river.LegalAssistant.service.advanced.LegalQueryRouter.analyzeQuery(LegalQueryRouter.java:102)
	at com.river.LegalAssistant.service.advanced.LegalQueryRouter.route(LegalQueryRouter.java:77)
	at dev.langchain4j.rag.DefaultRetrievalAugmentor.lambda$process$1(DefaultRetrievalAugmentor.java:180)
	at java.base/java.util.concurrent.CompletableFuture$AsyncSupply.run(CompletableFuture.java:1768)
	at java.base/java.util.concurrent.ThreadPoolExecutor.runWorker(ThreadPoolExecutor.java:1144)
	at java.base/java.util.concurrent.ThreadPoolExecutor$Worker.run(ThreadPoolExecutor.java:642)
	at java.base/java.lang.Thread.run(Thread.java:1583)
Caused by: java.net.http.HttpTimeoutException: request timed out
	at java.net.http/jdk.internal.net.http.HttpClientImpl.send(HttpClientImpl.java:949)
	at java.net.http/jdk.internal.net.http.HttpClientFacade.send(HttpClientFacade.java:133)
	at dev.langchain4j.http.client.jdk.JdkHttpClient.execute(JdkHttpClient.java:50)
	... 19 common frames omitted
2026-03-09 14:14:19.122 [pool-5-thread-1] WARN  dev.langchain4j.internal.RetryUtils - A retriable exception occurred. Remaining retries: 1 of 2
dev.langchain4j.exception.TimeoutException: request timed out
	at dev.langchain4j.http.client.jdk.JdkHttpClient.execute(JdkHttpClient.java:58)
	at dev.langchain4j.model.ollama.OllamaClient.chat(OllamaClient.java:102)
	at dev.langchain4j.model.ollama.OllamaChatModel.lambda$doChat$0(OllamaChatModel.java:41)
	at dev.langchain4j.internal.ExceptionMapper.withExceptionMapper(ExceptionMapper.java:29)
	at dev.langchain4j.internal.RetryUtils.lambda$withRetryMappingExceptions$1(RetryUtils.java:322)
	at dev.langchain4j.internal.RetryUtils$RetryPolicy.withRetry(RetryUtils.java:204)
	at dev.langchain4j.internal.RetryUtils.withRetry(RetryUtils.java:259)
	at dev.langchain4j.internal.RetryUtils.withRetryMappingExceptions(RetryUtils.java:322)
	at dev.langchain4j.internal.RetryUtils.withRetryMappingExceptions(RetryUtils.java:305)
	at dev.langchain4j.model.ollama.OllamaChatModel.doChat(OllamaChatModel.java:41)
	at dev.langchain4j.model.chat.ChatModel.chat(ChatModel.java:46)
	at dev.langchain4j.model.chat.ChatModel.chat(ChatModel.java:76)
	at com.river.LegalAssistant.service.advanced.LegalQueryRouter.classifyByAI(LegalQueryRouter.java:147)
	at com.river.LegalAssistant.service.advanced.LegalQueryRouter.analyzeQuery(LegalQueryRouter.java:102)
	at com.river.LegalAssistant.service.advanced.LegalQueryRouter.route(LegalQueryRouter.java:77)
	at dev.langchain4j.rag.DefaultRetrievalAugmentor.lambda$process$1(DefaultRetrievalAugmentor.java:180)
	at java.base/java.util.concurrent.CompletableFuture$AsyncSupply.run(CompletableFuture.java:1768)
	at java.base/java.util.concurrent.ThreadPoolExecutor.runWorker(ThreadPoolExecutor.java:1144)
	at java.base/java.util.concurrent.ThreadPoolExecutor$Worker.run(ThreadPoolExecutor.java:642)
	at java.base/java.lang.Thread.run(Thread.java:1583)
Caused by: java.net.http.HttpTimeoutException: request timed out
	at java.net.http/jdk.internal.net.http.HttpClientImpl.send(HttpClientImpl.java:949)
	at java.net.http/jdk.internal.net.http.HttpClientFacade.send(HttpClientFacade.java:133)
	at dev.langchain4j.http.client.jdk.JdkHttpClient.execute(JdkHttpClient.java:50)
	... 19 common frames omitted
2026-03-09 14:16:20.000 [pool-5-thread-5] WARN  c.r.L.s.advanced.LegalQueryRouter - AI查询分类失败: request timed out
2026-03-09 14:16:20.000 [pool-5-thread-6] WARN  c.r.L.s.advanced.LegalQueryRouter - AI查询分类失败: request timed out
2026-03-09 14:16:20.000 [pool-5-thread-2] WARN  c.r.L.s.advanced.LegalQueryRouter - AI查询分类失败: request timed out
2026-03-09 14:16:20.000 [pool-5-thread-1] WARN  c.r.L.s.advanced.LegalQueryRouter - AI查询分类失败: request timed out
2026-03-09 14:16:20.014 [pool-5-thread-3] WARN  c.r.L.s.advanced.LegalQueryRouter - AI查询分类失败: request timed out
2026-03-09 14:16:20.030 [pool-5-thread-4] WARN  c.r.L.s.advanced.LegalQueryRouter - AI查询分类失败: request timed out
2026-03-09 14:16:20.125 [pool-5-thread-2] INFO  c.r.L.s.advanced.LegalQueryRouter - 为查询类型 CONTRACT_ANALYSIS 选择了 2 个检索器
2026-03-09 14:16:20.125 [pool-5-thread-6] INFO  c.r.L.s.advanced.LegalQueryRouter - 为查询类型 CONTRACT_ANALYSIS 选择了 2 个检索器
2026-03-09 14:16:20.125 [pool-5-thread-1] INFO  c.r.L.s.advanced.LegalQueryRouter - 为查询类型 CONTRACT_ANALYSIS 选择了 2 个检索器
2026-03-09 14:16:20.125 [pool-5-thread-5] INFO  c.r.L.s.advanced.LegalQueryRouter - 为查询类型 CONTRACT_ANALYSIS 选择了 2 个检索器
2026-03-09 14:16:20.125 [pool-5-thread-4] INFO  c.r.L.s.advanced.LegalQueryRouter - 为查询类型 CONTRACT_ANALYSIS 选择了 2 个检索器
2026-03-09 14:16:20.125 [pool-5-thread-3] INFO  c.r.L.s.advanced.LegalQueryRouter - 为查询类型 CONTRACT_ANALYSIS 选择了 2 个检索器
2026-03-09 14:16:20.176 [pool-5-thread-11] INFO  c.r.L.s.a.LegalContentRetriever - 多源检索法律内容: 合同 违约 责任 合同违约责任 继续履行 违约金 损害赔偿 迟延履行 补救措施
2026-03-09 14:16:20.177 [pool-5-thread-7] INFO  c.r.L.s.a.LegalContentRetriever - 多源检索法律内容: 违约金与损害赔偿如何衔接适用？
2026-03-09 14:16:20.176 [pool-5-thread-8] INFO  c.r.L.s.a.LegalContentRetriever - 多源检索法律内容: 迟延履行场景下如何控制损失扩大责任？
2026-03-09 14:16:20.176 [pool-5-thread-9] INFO  c.r.L.s.a.LegalContentRetriever - 多源检索法律内容: 合同违约后通常有哪些承担责任的方式？
2026-03-09 14:16:20.176 [pool-5-thread-10] INFO  c.r.L.s.a.LegalContentRetriever - 多源检索法律内容: 合同协议违约责任后通常有哪些承担法律责任的方式？
2026-03-09 14:16:20.178 [pool-5-thread-12] INFO  c.r.L.s.a.LegalContentRetriever - 多源检索法律内容: 违约后通常可以主张哪些责任承担方式？
2026-03-09 14:16:20.178 [pool-5-thread-13] INFO  c.r.L.s.a.LegalContentRetriever - 多源检索法律内容: 合同违约后通常有哪些承担责任的方式？
2026-03-09 14:16:20.178 [pool-5-thread-15] INFO  c.r.L.s.a.LegalContentRetriever - 多源检索法律内容: 合同协议违约责任后通常有哪些承担法律责任的方式？
2026-03-09 14:16:20.178 [pool-5-thread-16] INFO  c.r.L.s.a.LegalContentRetriever - 多源检索法律内容: 迟延履行场景下如何控制损失扩大责任？
2026-03-09 14:16:20.178 [pool-5-thread-14] INFO  c.r.L.s.a.LegalContentRetriever - 多源检索法律内容: 违约金与损害赔偿如何衔接适用？
2026-03-09 14:16:20.179 [pool-5-thread-17] INFO  c.r.L.s.a.LegalContentRetriever - 多源检索法律内容: 合同 违约 责任 合同违约责任 继续履行 违约金 损害赔偿 迟延履行 补救措施
2026-03-09 14:16:20.179 [pool-5-thread-18] INFO  c.r.L.s.a.LegalContentRetriever - 多源检索法律内容: 违约后通常可以主张哪些责任承担方式？
2026-03-09 14:16:23.658 [pool-5-thread-7] INFO  c.r.L.s.a.LegalContentRetriever - 多源检索完成，返回 6 个结果
2026-03-09 14:16:23.658 [pool-5-thread-18] INFO  c.r.L.s.a.LegalContentRetriever - 多源检索完成，返回 6 个结果
2026-03-09 14:16:23.658 [pool-5-thread-12] INFO  c.r.L.s.a.LegalContentRetriever - 多源检索完成，返回 6 个结果
2026-03-09 14:16:23.658 [pool-5-thread-13] INFO  c.r.L.s.a.LegalContentRetriever - 多源检索完成，返回 6 个结果
2026-03-09 14:16:23.658 [pool-5-thread-14] INFO  c.r.L.s.a.LegalContentRetriever - 多源检索完成，返回 6 个结果
2026-03-09 14:16:23.658 [pool-5-thread-9] INFO  c.r.L.s.a.LegalContentRetriever - 多源检索完成，返回 6 个结果
2026-03-09 14:16:23.658 [pool-5-thread-8] INFO  c.r.L.s.a.LegalContentRetriever - 多源检索完成，返回 6 个结果
2026-03-09 14:16:23.658 [pool-5-thread-11] INFO  c.r.L.s.a.LegalContentRetriever - 多源检索完成，返回 6 个结果
2026-03-09 14:16:23.658 [pool-5-thread-16] INFO  c.r.L.s.a.LegalContentRetriever - 多源检索完成，返回 6 个结果
2026-03-09 14:16:23.658 [pool-5-thread-17] INFO  c.r.L.s.a.LegalContentRetriever - 多源检索完成，返回 6 个结果
2026-03-09 14:16:23.658 [pool-5-thread-15] INFO  c.r.L.s.a.LegalContentRetriever - 多源检索完成，返回 7 个结果
2026-03-09 14:16:23.658 [pool-5-thread-10] INFO  c.r.L.s.a.LegalContentRetriever - 多源检索完成，返回 7 个结果
2026-03-09 14:16:23.685 [http-nio-18080-exec-5] INFO  c.r.L.s.a.LegalContentAggregator - 开始聚合法律内容，共 6 个查询，总内容数: 74
2026-03-09 14:16:23.710 [http-nio-18080-exec-5] INFO  c.r.L.s.a.LegalContentAggregator - 内容聚合完成，返回 7 个结果
2026-03-09 14:16:23.710 [http-nio-18080-exec-5] INFO  c.r.L.s.a.LegalContentInjector - 注入法律内容到用户消息，内容数量: 7
2026-03-09 14:16:23.722 [http-nio-18080-exec-5] INFO  c.r.L.s.a.LegalContentInjector - 法律内容注入完成，增强消息长度: 220
2026-03-09 14:16:29.251 [http-nio-18080-exec-5] WARN  c.r.L.service.PromptTemplateService - 模板变量未提供: source
2026-03-09 14:16:43.385 [http-nio-18080-exec-5] INFO  c.r.L.s.a.AdvancedLegalRagService - Advanced RAG answer generated, sessionId=default, sourceCount=7, generationModel=deepseek-chat, durationMs=385248
2026-03-09 14:16:43.394 [http-nio-18080-exec-5] INFO  c.r.L.c.UnifiedChatController - 统一聊天请求处理完成，耗时: 385258 ms
2026-03-09 14:16:43.408 [http-nio-18080-exec-5] INFO  c.r.L.filter.RequestTrackingFilter - [REQUEST_END] traceId=fac16a02, method=POST, uri=/api/v1/chat, status=200, duration=385319ms
2026-03-09 14:16:43.948 [http-nio-18080-exec-8] INFO  c.r.L.c.UnifiedChatController - 收到统一聊天请求: message=违约金和损害赔偿可以同时主张吗？, modelType=UNIFIED, conversationId=null, useKnowledgeBase=true
2026-03-09 14:16:43.948 [http-nio-18080-exec-8] INFO  c.r.L.c.UnifiedChatController - Unified mode routed to Advanced RAG for simple query
2026-03-09 14:16:43.949 [http-nio-18080-exec-8] INFO  c.r.L.s.a.AdvancedLegalRagService - Advanced RAG chat request received, sessionId=default
2026-03-09 14:16:43.949 [http-nio-18080-exec-8] INFO  c.r.L.s.a.LegalQueryTransformer - 转换法律查询: 违约金和损害赔偿可以同时主张吗？
2026-03-09 14:16:43.950 [http-nio-18080-exec-8] INFO  c.r.L.s.a.LegalQueryTransformer - 查询转换完成，原始1个查询扩展为7个查询
2026-03-09 14:16:43.952 [pool-5-thread-19] INFO  c.r.L.s.advanced.LegalQueryRouter - 路由法律查询: 违约金和损害赔偿可以同时主张吗？
2026-03-09 14:16:43.952 [pool-5-thread-22] INFO  c.r.L.s.advanced.LegalQueryRouter - 路由法律查询: 违约后通常可以主张哪些责任承担方式？
2026-03-09 14:16:43.952 [pool-5-thread-20] INFO  c.r.L.s.advanced.LegalQueryRouter - 路由法律查询: 违约责任金和损害损害赔偿可以同时主张吗？
2026-03-09 14:16:43.952 [pool-5-thread-21] INFO  c.r.L.s.advanced.LegalQueryRouter - 路由法律查询: 违约 赔偿 违约金 损害赔偿 合同违约责任 继续履行 迟延履行 补救措施
2026-03-09 14:16:43.953 [pool-5-thread-23] INFO  c.r.L.s.advanced.LegalQueryRouter - 路由法律查询: 违约金与损害赔偿如何衔接适用？
2026-03-09 14:16:43.953 [pool-5-thread-24] INFO  c.r.L.s.advanced.LegalQueryRouter - 路由法律查询: 迟延履行场景下如何控制损失扩大责任？
2026-03-09 14:16:43.953 [pool-5-thread-25] INFO  c.r.L.s.advanced.LegalQueryRouter - 路由法律查询: 违约 赔偿 合同违约责任 继续履行 违约金
2026-03-09 14:18:44.095 [pool-5-thread-21] WARN  dev.langchain4j.internal.RetryUtils - A retriable exception occurred. Remaining retries: 2 of 2
dev.langchain4j.exception.TimeoutException: request timed out
	at dev.langchain4j.http.client.jdk.JdkHttpClient.execute(JdkHttpClient.java:58)
	at dev.langchain4j.model.ollama.OllamaClient.chat(OllamaClient.java:102)
	at dev.langchain4j.model.ollama.OllamaChatModel.lambda$doChat$0(OllamaChatModel.java:41)
	at dev.langchain4j.internal.ExceptionMapper.withExceptionMapper(ExceptionMapper.java:29)
	at dev.langchain4j.internal.RetryUtils.lambda$withRetryMappingExceptions$1(RetryUtils.java:322)
	at dev.langchain4j.internal.RetryUtils$RetryPolicy.withRetry(RetryUtils.java:204)
	at dev.langchain4j.internal.RetryUtils.withRetry(RetryUtils.java:259)
	at dev.langchain4j.internal.RetryUtils.withRetryMappingExceptions(RetryUtils.java:322)
	at dev.langchain4j.internal.RetryUtils.withRetryMappingExceptions(RetryUtils.java:305)
	at dev.langchain4j.model.ollama.OllamaChatModel.doChat(OllamaChatModel.java:41)
	at dev.langchain4j.model.chat.ChatModel.chat(ChatModel.java:46)
	at dev.langchain4j.model.chat.ChatModel.chat(ChatModel.java:76)
	at com.river.LegalAssistant.service.advanced.LegalQueryRouter.classifyByAI(LegalQueryRouter.java:147)
	at com.river.LegalAssistant.service.advanced.LegalQueryRouter.analyzeQuery(LegalQueryRouter.java:102)
	at com.river.LegalAssistant.service.advanced.LegalQueryRouter.route(LegalQueryRouter.java:77)
	at dev.langchain4j.rag.DefaultRetrievalAugmentor.lambda$process$1(DefaultRetrievalAugmentor.java:180)
	at java.base/java.util.concurrent.CompletableFuture$AsyncSupply.run(CompletableFuture.java:1768)
	at java.base/java.util.concurrent.ThreadPoolExecutor.runWorker(ThreadPoolExecutor.java:1144)
	at java.base/java.util.concurrent.ThreadPoolExecutor$Worker.run(ThreadPoolExecutor.java:642)
	at java.base/java.lang.Thread.run(Thread.java:1583)
Caused by: java.net.http.HttpTimeoutException: request timed out
	at java.net.http/jdk.internal.net.http.HttpClientImpl.send(HttpClientImpl.java:949)
	at java.net.http/jdk.internal.net.http.HttpClientFacade.send(HttpClientFacade.java:133)
	at dev.langchain4j.http.client.jdk.JdkHttpClient.execute(JdkHttpClient.java:50)
	... 19 common frames omitted
2026-03-09 14:18:44.095 [pool-5-thread-19] WARN  dev.langchain4j.internal.RetryUtils - A retriable exception occurred. Remaining retries: 2 of 2
dev.langchain4j.exception.TimeoutException: request timed out
	at dev.langchain4j.http.client.jdk.JdkHttpClient.execute(JdkHttpClient.java:58)
	at dev.langchain4j.model.ollama.OllamaClient.chat(OllamaClient.java:102)
	at dev.langchain4j.model.ollama.OllamaChatModel.lambda$doChat$0(OllamaChatModel.java:41)
	at dev.langchain4j.internal.ExceptionMapper.withExceptionMapper(ExceptionMapper.java:29)
	at dev.langchain4j.internal.RetryUtils.lambda$withRetryMappingExceptions$1(RetryUtils.java:322)
	at dev.langchain4j.internal.RetryUtils$RetryPolicy.withRetry(RetryUtils.java:204)
	at dev.langchain4j.internal.RetryUtils.withRetry(RetryUtils.java:259)
	at dev.langchain4j.internal.RetryUtils.withRetryMappingExceptions(RetryUtils.java:322)
	at dev.langchain4j.internal.RetryUtils.withRetryMappingExceptions(RetryUtils.java:305)
	at dev.langchain4j.model.ollama.OllamaChatModel.doChat(OllamaChatModel.java:41)
	at dev.langchain4j.model.chat.ChatModel.chat(ChatModel.java:46)
	at dev.langchain4j.model.chat.ChatModel.chat(ChatModel.java:76)
	at com.river.LegalAssistant.service.advanced.LegalQueryRouter.classifyByAI(LegalQueryRouter.java:147)
	at com.river.LegalAssistant.service.advanced.LegalQueryRouter.analyzeQuery(LegalQueryRouter.java:102)
	at com.river.LegalAssistant.service.advanced.LegalQueryRouter.route(LegalQueryRouter.java:77)
	at dev.langchain4j.rag.DefaultRetrievalAugmentor.lambda$process$1(DefaultRetrievalAugmentor.java:180)
	at java.base/java.util.concurrent.CompletableFuture$AsyncSupply.run(CompletableFuture.java:1768)
	at java.base/java.util.concurrent.ThreadPoolExecutor.runWorker(ThreadPoolExecutor.java:1144)
	at java.base/java.util.concurrent.ThreadPoolExecutor$Worker.run(ThreadPoolExecutor.java:642)
	at java.base/java.lang.Thread.run(Thread.java:1583)
Caused by: java.net.http.HttpTimeoutException: request timed out
	at java.net.http/jdk.internal.net.http.HttpClientImpl.send(HttpClientImpl.java:949)
	at java.net.http/jdk.internal.net.http.HttpClientFacade.send(HttpClientFacade.java:133)
	at dev.langchain4j.http.client.jdk.JdkHttpClient.execute(JdkHttpClient.java:50)
	... 19 common frames omitted
2026-03-09 14:18:44.095 [pool-5-thread-22] WARN  dev.langchain4j.internal.RetryUtils - A retriable exception occurred. Remaining retries: 2 of 2
dev.langchain4j.exception.TimeoutException: request timed out
	at dev.langchain4j.http.client.jdk.JdkHttpClient.execute(JdkHttpClient.java:58)
	at dev.langchain4j.model.ollama.OllamaClient.chat(OllamaClient.java:102)
	at dev.langchain4j.model.ollama.OllamaChatModel.lambda$doChat$0(OllamaChatModel.java:41)
	at dev.langchain4j.internal.ExceptionMapper.withExceptionMapper(ExceptionMapper.java:29)
	at dev.langchain4j.internal.RetryUtils.lambda$withRetryMappingExceptions$1(RetryUtils.java:322)
	at dev.langchain4j.internal.RetryUtils$RetryPolicy.withRetry(RetryUtils.java:204)
	at dev.langchain4j.internal.RetryUtils.withRetry(RetryUtils.java:259)
	at dev.langchain4j.internal.RetryUtils.withRetryMappingExceptions(RetryUtils.java:322)
	at dev.langchain4j.internal.RetryUtils.withRetryMappingExceptions(RetryUtils.java:305)
	at dev.langchain4j.model.ollama.OllamaChatModel.doChat(OllamaChatModel.java:41)
	at dev.langchain4j.model.chat.ChatModel.chat(ChatModel.java:46)
	at dev.langchain4j.model.chat.ChatModel.chat(ChatModel.java:76)
	at com.river.LegalAssistant.service.advanced.LegalQueryRouter.classifyByAI(LegalQueryRouter.java:147)
	at com.river.LegalAssistant.service.advanced.LegalQueryRouter.analyzeQuery(LegalQueryRouter.java:102)
	at com.river.LegalAssistant.service.advanced.LegalQueryRouter.route(LegalQueryRouter.java:77)
	at dev.langchain4j.rag.DefaultRetrievalAugmentor.lambda$process$1(DefaultRetrievalAugmentor.java:180)
	at java.base/java.util.concurrent.CompletableFuture$AsyncSupply.run(CompletableFuture.java:1768)
	at java.base/java.util.concurrent.ThreadPoolExecutor.runWorker(ThreadPoolExecutor.java:1144)
	at java.base/java.util.concurrent.ThreadPoolExecutor$Worker.run(ThreadPoolExecutor.java:642)
	at java.base/java.lang.Thread.run(Thread.java:1583)
Caused by: java.net.http.HttpTimeoutException: request timed out
	at java.net.http/jdk.internal.net.http.HttpClientImpl.send(HttpClientImpl.java:949)
	at java.net.http/jdk.internal.net.http.HttpClientFacade.send(HttpClientFacade.java:133)
	at dev.langchain4j.http.client.jdk.JdkHttpClient.execute(JdkHttpClient.java:50)
	... 19 common frames omitted
2026-03-09 14:18:44.095 [pool-5-thread-23] WARN  dev.langchain4j.internal.RetryUtils - A retriable exception occurred. Remaining retries: 2 of 2
dev.langchain4j.exception.TimeoutException: request timed out
	at dev.langchain4j.http.client.jdk.JdkHttpClient.execute(JdkHttpClient.java:58)
	at dev.langchain4j.model.ollama.OllamaClient.chat(OllamaClient.java:102)
	at dev.langchain4j.model.ollama.OllamaChatModel.lambda$doChat$0(OllamaChatModel.java:41)
	at dev.langchain4j.internal.ExceptionMapper.withExceptionMapper(ExceptionMapper.java:29)
	at dev.langchain4j.internal.RetryUtils.lambda$withRetryMappingExceptions$1(RetryUtils.java:322)
	at dev.langchain4j.internal.RetryUtils$RetryPolicy.withRetry(RetryUtils.java:204)
	at dev.langchain4j.internal.RetryUtils.withRetry(RetryUtils.java:259)
	at dev.langchain4j.internal.RetryUtils.withRetryMappingExceptions(RetryUtils.java:322)
	at dev.langchain4j.internal.RetryUtils.withRetryMappingExceptions(RetryUtils.java:305)
	at dev.langchain4j.model.ollama.OllamaChatModel.doChat(OllamaChatModel.java:41)
	at dev.langchain4j.model.chat.ChatModel.chat(ChatModel.java:46)
	at dev.langchain4j.model.chat.ChatModel.chat(ChatModel.java:76)
	at com.river.LegalAssistant.service.advanced.LegalQueryRouter.classifyByAI(LegalQueryRouter.java:147)
	at com.river.LegalAssistant.service.advanced.LegalQueryRouter.analyzeQuery(LegalQueryRouter.java:102)
	at com.river.LegalAssistant.service.advanced.LegalQueryRouter.route(LegalQueryRouter.java:77)
	at dev.langchain4j.rag.DefaultRetrievalAugmentor.lambda$process$1(DefaultRetrievalAugmentor.java:180)
	at java.base/java.util.concurrent.CompletableFuture$AsyncSupply.run(CompletableFuture.java:1768)
	at java.base/java.util.concurrent.ThreadPoolExecutor.runWorker(ThreadPoolExecutor.java:1144)
	at java.base/java.util.concurrent.ThreadPoolExecutor$Worker.run(ThreadPoolExecutor.java:642)
	at java.base/java.lang.Thread.run(Thread.java:1583)
Caused by: java.net.http.HttpTimeoutException: request timed out
	at java.net.http/jdk.internal.net.http.HttpClientImpl.send(HttpClientImpl.java:949)
	at java.net.http/jdk.internal.net.http.HttpClientFacade.send(HttpClientFacade.java:133)
	at dev.langchain4j.http.client.jdk.JdkHttpClient.execute(JdkHttpClient.java:50)
	... 19 common frames omitted
2026-03-09 14:18:44.095 [pool-5-thread-20] WARN  dev.langchain4j.internal.RetryUtils - A retriable exception occurred. Remaining retries: 2 of 2
dev.langchain4j.exception.TimeoutException: request timed out
	at dev.langchain4j.http.client.jdk.JdkHttpClient.execute(JdkHttpClient.java:58)
	at dev.langchain4j.model.ollama.OllamaClient.chat(OllamaClient.java:102)
	at dev.langchain4j.model.ollama.OllamaChatModel.lambda$doChat$0(OllamaChatModel.java:41)
	at dev.langchain4j.internal.ExceptionMapper.withExceptionMapper(ExceptionMapper.java:29)
	at dev.langchain4j.internal.RetryUtils.lambda$withRetryMappingExceptions$1(RetryUtils.java:322)
	at dev.langchain4j.internal.RetryUtils$RetryPolicy.withRetry(RetryUtils.java:204)
	at dev.langchain4j.internal.RetryUtils.withRetry(RetryUtils.java:259)
	at dev.langchain4j.internal.RetryUtils.withRetryMappingExceptions(RetryUtils.java:322)
	at dev.langchain4j.internal.RetryUtils.withRetryMappingExceptions(RetryUtils.java:305)
	at dev.langchain4j.model.ollama.OllamaChatModel.doChat(OllamaChatModel.java:41)
	at dev.langchain4j.model.chat.ChatModel.chat(ChatModel.java:46)
	at dev.langchain4j.model.chat.ChatModel.chat(ChatModel.java:76)
	at com.river.LegalAssistant.service.advanced.LegalQueryRouter.classifyByAI(LegalQueryRouter.java:147)
	at com.river.LegalAssistant.service.advanced.LegalQueryRouter.analyzeQuery(LegalQueryRouter.java:102)
	at com.river.LegalAssistant.service.advanced.LegalQueryRouter.route(LegalQueryRouter.java:77)
	at dev.langchain4j.rag.DefaultRetrievalAugmentor.lambda$process$1(DefaultRetrievalAugmentor.java:180)
	at java.base/java.util.concurrent.CompletableFuture$AsyncSupply.run(CompletableFuture.java:1768)
	at java.base/java.util.concurrent.ThreadPoolExecutor.runWorker(ThreadPoolExecutor.java:1144)
	at java.base/java.util.concurrent.ThreadPoolExecutor$Worker.run(ThreadPoolExecutor.java:642)
	at java.base/java.lang.Thread.run(Thread.java:1583)
Caused by: java.net.http.HttpTimeoutException: request timed out
	at java.net.http/jdk.internal.net.http.HttpClientImpl.send(HttpClientImpl.java:949)
	at java.net.http/jdk.internal.net.http.HttpClientFacade.send(HttpClientFacade.java:133)
	at dev.langchain4j.http.client.jdk.JdkHttpClient.execute(JdkHttpClient.java:50)
	... 19 common frames omitted
2026-03-09 14:18:44.095 [pool-5-thread-25] WARN  dev.langchain4j.internal.RetryUtils - A retriable exception occurred. Remaining retries: 2 of 2
dev.langchain4j.exception.TimeoutException: request timed out
	at dev.langchain4j.http.client.jdk.JdkHttpClient.execute(JdkHttpClient.java:58)
	at dev.langchain4j.model.ollama.OllamaClient.chat(OllamaClient.java:102)
	at dev.langchain4j.model.ollama.OllamaChatModel.lambda$doChat$0(OllamaChatModel.java:41)
	at dev.langchain4j.internal.ExceptionMapper.withExceptionMapper(ExceptionMapper.java:29)
	at dev.langchain4j.internal.RetryUtils.lambda$withRetryMappingExceptions$1(RetryUtils.java:322)
	at dev.langchain4j.internal.RetryUtils$RetryPolicy.withRetry(RetryUtils.java:204)
	at dev.langchain4j.internal.RetryUtils.withRetry(RetryUtils.java:259)
	at dev.langchain4j.internal.RetryUtils.withRetryMappingExceptions(RetryUtils.java:322)
	at dev.langchain4j.internal.RetryUtils.withRetryMappingExceptions(RetryUtils.java:305)
	at dev.langchain4j.model.ollama.OllamaChatModel.doChat(OllamaChatModel.java:41)
	at dev.langchain4j.model.chat.ChatModel.chat(ChatModel.java:46)
	at dev.langchain4j.model.chat.ChatModel.chat(ChatModel.java:76)
	at com.river.LegalAssistant.service.advanced.LegalQueryRouter.classifyByAI(LegalQueryRouter.java:147)
	at com.river.LegalAssistant.service.advanced.LegalQueryRouter.analyzeQuery(LegalQueryRouter.java:102)
	at com.river.LegalAssistant.service.advanced.LegalQueryRouter.route(LegalQueryRouter.java:77)
	at dev.langchain4j.rag.DefaultRetrievalAugmentor.lambda$process$1(DefaultRetrievalAugmentor.java:180)
	at java.base/java.util.concurrent.CompletableFuture$AsyncSupply.run(CompletableFuture.java:1768)
	at java.base/java.util.concurrent.ThreadPoolExecutor.runWorker(ThreadPoolExecutor.java:1144)
	at java.base/java.util.concurrent.ThreadPoolExecutor$Worker.run(ThreadPoolExecutor.java:642)
	at java.base/java.lang.Thread.run(Thread.java:1583)
Caused by: java.net.http.HttpTimeoutException: request timed out
	at java.net.http/jdk.internal.net.http.HttpClientImpl.send(HttpClientImpl.java:949)
	at java.net.http/jdk.internal.net.http.HttpClientFacade.send(HttpClientFacade.java:133)
	at dev.langchain4j.http.client.jdk.JdkHttpClient.execute(JdkHttpClient.java:50)
	... 19 common frames omitted
2026-03-09 14:18:44.095 [pool-5-thread-24] WARN  dev.langchain4j.internal.RetryUtils - A retriable exception occurred. Remaining retries: 2 of 2
dev.langchain4j.exception.TimeoutException: request timed out
	at dev.langchain4j.http.client.jdk.JdkHttpClient.execute(JdkHttpClient.java:58)
	at dev.langchain4j.model.ollama.OllamaClient.chat(OllamaClient.java:102)
	at dev.langchain4j.model.ollama.OllamaChatModel.lambda$doChat$0(OllamaChatModel.java:41)
	at dev.langchain4j.internal.ExceptionMapper.withExceptionMapper(ExceptionMapper.java:29)
	at dev.langchain4j.internal.RetryUtils.lambda$withRetryMappingExceptions$1(RetryUtils.java:322)
	at dev.langchain4j.internal.RetryUtils$RetryPolicy.withRetry(RetryUtils.java:204)
	at dev.langchain4j.internal.RetryUtils.withRetry(RetryUtils.java:259)
	at dev.langchain4j.internal.RetryUtils.withRetryMappingExceptions(RetryUtils.java:322)
	at dev.langchain4j.internal.RetryUtils.withRetryMappingExceptions(RetryUtils.java:305)
	at dev.langchain4j.model.ollama.OllamaChatModel.doChat(OllamaChatModel.java:41)
	at dev.langchain4j.model.chat.ChatModel.chat(ChatModel.java:46)
	at dev.langchain4j.model.chat.ChatModel.chat(ChatModel.java:76)
	at com.river.LegalAssistant.service.advanced.LegalQueryRouter.classifyByAI(LegalQueryRouter.java:147)
	at com.river.LegalAssistant.service.advanced.LegalQueryRouter.analyzeQuery(LegalQueryRouter.java:102)
	at com.river.LegalAssistant.service.advanced.LegalQueryRouter.route(LegalQueryRouter.java:77)
	at dev.langchain4j.rag.DefaultRetrievalAugmentor.lambda$process$1(DefaultRetrievalAugmentor.java:180)
	at java.base/java.util.concurrent.CompletableFuture$AsyncSupply.run(CompletableFuture.java:1768)
	at java.base/java.util.concurrent.ThreadPoolExecutor.runWorker(ThreadPoolExecutor.java:1144)
	at java.base/java.util.concurrent.ThreadPoolExecutor$Worker.run(ThreadPoolExecutor.java:642)
	at java.base/java.lang.Thread.run(Thread.java:1583)
Caused by: java.net.http.HttpTimeoutException: request timed out
	at java.net.http/jdk.internal.net.http.HttpClientImpl.send(HttpClientImpl.java:949)
	at java.net.http/jdk.internal.net.http.HttpClientFacade.send(HttpClientFacade.java:133)
	at dev.langchain4j.http.client.jdk.JdkHttpClient.execute(JdkHttpClient.java:50)
	... 19 common frames omitted
2026-03-09 14:20:44.828 [pool-5-thread-24] WARN  dev.langchain4j.internal.RetryUtils - A retriable exception occurred. Remaining retries: 1 of 2
dev.langchain4j.exception.TimeoutException: request timed out
	at dev.langchain4j.http.client.jdk.JdkHttpClient.execute(JdkHttpClient.java:58)
	at dev.langchain4j.model.ollama.OllamaClient.chat(OllamaClient.java:102)
	at dev.langchain4j.model.ollama.OllamaChatModel.lambda$doChat$0(OllamaChatModel.java:41)
	at dev.langchain4j.internal.ExceptionMapper.withExceptionMapper(ExceptionMapper.java:29)
	at dev.langchain4j.internal.RetryUtils.lambda$withRetryMappingExceptions$1(RetryUtils.java:322)
	at dev.langchain4j.internal.RetryUtils$RetryPolicy.withRetry(RetryUtils.java:204)
	at dev.langchain4j.internal.RetryUtils.withRetry(RetryUtils.java:259)
	at dev.langchain4j.internal.RetryUtils.withRetryMappingExceptions(RetryUtils.java:322)
	at dev.langchain4j.internal.RetryUtils.withRetryMappingExceptions(RetryUtils.java:305)
	at dev.langchain4j.model.ollama.OllamaChatModel.doChat(OllamaChatModel.java:41)
	at dev.langchain4j.model.chat.ChatModel.chat(ChatModel.java:46)
	at dev.langchain4j.model.chat.ChatModel.chat(ChatModel.java:76)
	at com.river.LegalAssistant.service.advanced.LegalQueryRouter.classifyByAI(LegalQueryRouter.java:147)
	at com.river.LegalAssistant.service.advanced.LegalQueryRouter.analyzeQuery(LegalQueryRouter.java:102)
	at com.river.LegalAssistant.service.advanced.LegalQueryRouter.route(LegalQueryRouter.java:77)
	at dev.langchain4j.rag.DefaultRetrievalAugmentor.lambda$process$1(DefaultRetrievalAugmentor.java:180)
	at java.base/java.util.concurrent.CompletableFuture$AsyncSupply.run(CompletableFuture.java:1768)
	at java.base/java.util.concurrent.ThreadPoolExecutor.runWorker(ThreadPoolExecutor.java:1144)
	at java.base/java.util.concurrent.ThreadPoolExecutor$Worker.run(ThreadPoolExecutor.java:642)
	at java.base/java.lang.Thread.run(Thread.java:1583)
Caused by: java.net.http.HttpTimeoutException: request timed out
	at java.net.http/jdk.internal.net.http.HttpClientImpl.send(HttpClientImpl.java:949)
	at java.net.http/jdk.internal.net.http.HttpClientFacade.send(HttpClientFacade.java:133)
	at dev.langchain4j.http.client.jdk.JdkHttpClient.execute(JdkHttpClient.java:50)
	... 19 common frames omitted
2026-03-09 14:20:44.828 [pool-5-thread-20] WARN  dev.langchain4j.internal.RetryUtils - A retriable exception occurred. Remaining retries: 1 of 2
dev.langchain4j.exception.TimeoutException: request timed out
	at dev.langchain4j.http.client.jdk.JdkHttpClient.execute(JdkHttpClient.java:58)
	at dev.langchain4j.model.ollama.OllamaClient.chat(OllamaClient.java:102)
	at dev.langchain4j.model.ollama.OllamaChatModel.lambda$doChat$0(OllamaChatModel.java:41)
	at dev.langchain4j.internal.ExceptionMapper.withExceptionMapper(ExceptionMapper.java:29)
	at dev.langchain4j.internal.RetryUtils.lambda$withRetryMappingExceptions$1(RetryUtils.java:322)
	at dev.langchain4j.internal.RetryUtils$RetryPolicy.withRetry(RetryUtils.java:204)
	at dev.langchain4j.internal.RetryUtils.withRetry(RetryUtils.java:259)
	at dev.langchain4j.internal.RetryUtils.withRetryMappingExceptions(RetryUtils.java:322)
	at dev.langchain4j.internal.RetryUtils.withRetryMappingExceptions(RetryUtils.java:305)
	at dev.langchain4j.model.ollama.OllamaChatModel.doChat(OllamaChatModel.java:41)
	at dev.langchain4j.model.chat.ChatModel.chat(ChatModel.java:46)
	at dev.langchain4j.model.chat.ChatModel.chat(ChatModel.java:76)
	at com.river.LegalAssistant.service.advanced.LegalQueryRouter.classifyByAI(LegalQueryRouter.java:147)
	at com.river.LegalAssistant.service.advanced.LegalQueryRouter.analyzeQuery(LegalQueryRouter.java:102)
	at com.river.LegalAssistant.service.advanced.LegalQueryRouter.route(LegalQueryRouter.java:77)
	at dev.langchain4j.rag.DefaultRetrievalAugmentor.lambda$process$1(DefaultRetrievalAugmentor.java:180)
	at java.base/java.util.concurrent.CompletableFuture$AsyncSupply.run(CompletableFuture.java:1768)
	at java.base/java.util.concurrent.ThreadPoolExecutor.runWorker(ThreadPoolExecutor.java:1144)
	at java.base/java.util.concurrent.ThreadPoolExecutor$Worker.run(ThreadPoolExecutor.java:642)
	at java.base/java.lang.Thread.run(Thread.java:1583)
Caused by: java.net.http.HttpTimeoutException: request timed out
	at java.net.http/jdk.internal.net.http.HttpClientImpl.send(HttpClientImpl.java:949)
	at java.net.http/jdk.internal.net.http.HttpClientFacade.send(HttpClientFacade.java:133)
	at dev.langchain4j.http.client.jdk.JdkHttpClient.execute(JdkHttpClient.java:50)
	... 19 common frames omitted
2026-03-09 14:20:44.828 [pool-5-thread-21] WARN  dev.langchain4j.internal.RetryUtils - A retriable exception occurred. Remaining retries: 1 of 2
dev.langchain4j.exception.TimeoutException: request timed out
	at dev.langchain4j.http.client.jdk.JdkHttpClient.execute(JdkHttpClient.java:58)
	at dev.langchain4j.model.ollama.OllamaClient.chat(OllamaClient.java:102)
	at dev.langchain4j.model.ollama.OllamaChatModel.lambda$doChat$0(OllamaChatModel.java:41)
	at dev.langchain4j.internal.ExceptionMapper.withExceptionMapper(ExceptionMapper.java:29)
	at dev.langchain4j.internal.RetryUtils.lambda$withRetryMappingExceptions$1(RetryUtils.java:322)
	at dev.langchain4j.internal.RetryUtils$RetryPolicy.withRetry(RetryUtils.java:204)
	at dev.langchain4j.internal.RetryUtils.withRetry(RetryUtils.java:259)
	at dev.langchain4j.internal.RetryUtils.withRetryMappingExceptions(RetryUtils.java:322)
	at dev.langchain4j.internal.RetryUtils.withRetryMappingExceptions(RetryUtils.java:305)
	at dev.langchain4j.model.ollama.OllamaChatModel.doChat(OllamaChatModel.java:41)
	at dev.langchain4j.model.chat.ChatModel.chat(ChatModel.java:46)
	at dev.langchain4j.model.chat.ChatModel.chat(ChatModel.java:76)
	at com.river.LegalAssistant.service.advanced.LegalQueryRouter.classifyByAI(LegalQueryRouter.java:147)
	at com.river.LegalAssistant.service.advanced.LegalQueryRouter.analyzeQuery(LegalQueryRouter.java:102)
	at com.river.LegalAssistant.service.advanced.LegalQueryRouter.route(LegalQueryRouter.java:77)
	at dev.langchain4j.rag.DefaultRetrievalAugmentor.lambda$process$1(DefaultRetrievalAugmentor.java:180)
	at java.base/java.util.concurrent.CompletableFuture$AsyncSupply.run(CompletableFuture.java:1768)
	at java.base/java.util.concurrent.ThreadPoolExecutor.runWorker(ThreadPoolExecutor.java:1144)
	at java.base/java.util.concurrent.ThreadPoolExecutor$Worker.run(ThreadPoolExecutor.java:642)
	at java.base/java.lang.Thread.run(Thread.java:1583)
Caused by: java.net.http.HttpTimeoutException: request timed out
	at java.net.http/jdk.internal.net.http.HttpClientImpl.send(HttpClientImpl.java:949)
	at java.net.http/jdk.internal.net.http.HttpClientFacade.send(HttpClientFacade.java:133)
	at dev.langchain4j.http.client.jdk.JdkHttpClient.execute(JdkHttpClient.java:50)
	... 19 common frames omitted
2026-03-09 14:20:44.828 [pool-5-thread-19] WARN  dev.langchain4j.internal.RetryUtils - A retriable exception occurred. Remaining retries: 1 of 2
dev.langchain4j.exception.TimeoutException: request timed out
	at dev.langchain4j.http.client.jdk.JdkHttpClient.execute(JdkHttpClient.java:58)
	at dev.langchain4j.model.ollama.OllamaClient.chat(OllamaClient.java:102)
	at dev.langchain4j.model.ollama.OllamaChatModel.lambda$doChat$0(OllamaChatModel.java:41)
	at dev.langchain4j.internal.ExceptionMapper.withExceptionMapper(ExceptionMapper.java:29)
	at dev.langchain4j.internal.RetryUtils.lambda$withRetryMappingExceptions$1(RetryUtils.java:322)
	at dev.langchain4j.internal.RetryUtils$RetryPolicy.withRetry(RetryUtils.java:204)
	at dev.langchain4j.internal.RetryUtils.withRetry(RetryUtils.java:259)
	at dev.langchain4j.internal.RetryUtils.withRetryMappingExceptions(RetryUtils.java:322)
	at dev.langchain4j.internal.RetryUtils.withRetryMappingExceptions(RetryUtils.java:305)
	at dev.langchain4j.model.ollama.OllamaChatModel.doChat(OllamaChatModel.java:41)
	at dev.langchain4j.model.chat.ChatModel.chat(ChatModel.java:46)
	at dev.langchain4j.model.chat.ChatModel.chat(ChatModel.java:76)
	at com.river.LegalAssistant.service.advanced.LegalQueryRouter.classifyByAI(LegalQueryRouter.java:147)
	at com.river.LegalAssistant.service.advanced.LegalQueryRouter.analyzeQuery(LegalQueryRouter.java:102)
	at com.river.LegalAssistant.service.advanced.LegalQueryRouter.route(LegalQueryRouter.java:77)
	at dev.langchain4j.rag.DefaultRetrievalAugmentor.lambda$process$1(DefaultRetrievalAugmentor.java:180)
	at java.base/java.util.concurrent.CompletableFuture$AsyncSupply.run(CompletableFuture.java:1768)
	at java.base/java.util.concurrent.ThreadPoolExecutor.runWorker(ThreadPoolExecutor.java:1144)
	at java.base/java.util.concurrent.ThreadPoolExecutor$Worker.run(ThreadPoolExecutor.java:642)
	at java.base/java.lang.Thread.run(Thread.java:1583)
Caused by: java.net.http.HttpTimeoutException: request timed out
	at java.net.http/jdk.internal.net.http.HttpClientImpl.send(HttpClientImpl.java:949)
	at java.net.http/jdk.internal.net.http.HttpClientFacade.send(HttpClientFacade.java:133)
	at dev.langchain4j.http.client.jdk.JdkHttpClient.execute(JdkHttpClient.java:50)
	... 19 common frames omitted
2026-03-09 14:20:44.828 [pool-5-thread-23] WARN  dev.langchain4j.internal.RetryUtils - A retriable exception occurred. Remaining retries: 1 of 2
dev.langchain4j.exception.TimeoutException: request timed out
	at dev.langchain4j.http.client.jdk.JdkHttpClient.execute(JdkHttpClient.java:58)
	at dev.langchain4j.model.ollama.OllamaClient.chat(OllamaClient.java:102)
	at dev.langchain4j.model.ollama.OllamaChatModel.lambda$doChat$0(OllamaChatModel.java:41)
	at dev.langchain4j.internal.ExceptionMapper.withExceptionMapper(ExceptionMapper.java:29)
	at dev.langchain4j.internal.RetryUtils.lambda$withRetryMappingExceptions$1(RetryUtils.java:322)
	at dev.langchain4j.internal.RetryUtils$RetryPolicy.withRetry(RetryUtils.java:204)
	at dev.langchain4j.internal.RetryUtils.withRetry(RetryUtils.java:259)
	at dev.langchain4j.internal.RetryUtils.withRetryMappingExceptions(RetryUtils.java:322)
	at dev.langchain4j.internal.RetryUtils.withRetryMappingExceptions(RetryUtils.java:305)
	at dev.langchain4j.model.ollama.OllamaChatModel.doChat(OllamaChatModel.java:41)
	at dev.langchain4j.model.chat.ChatModel.chat(ChatModel.java:46)
	at dev.langchain4j.model.chat.ChatModel.chat(ChatModel.java:76)
	at com.river.LegalAssistant.service.advanced.LegalQueryRouter.classifyByAI(LegalQueryRouter.java:147)
	at com.river.LegalAssistant.service.advanced.LegalQueryRouter.analyzeQuery(LegalQueryRouter.java:102)
	at com.river.LegalAssistant.service.advanced.LegalQueryRouter.route(LegalQueryRouter.java:77)
	at dev.langchain4j.rag.DefaultRetrievalAugmentor.lambda$process$1(DefaultRetrievalAugmentor.java:180)
	at java.base/java.util.concurrent.CompletableFuture$AsyncSupply.run(CompletableFuture.java:1768)
	at java.base/java.util.concurrent.ThreadPoolExecutor.runWorker(ThreadPoolExecutor.java:1144)
	at java.base/java.util.concurrent.ThreadPoolExecutor$Worker.run(ThreadPoolExecutor.java:642)
	at java.base/java.lang.Thread.run(Thread.java:1583)
Caused by: java.net.http.HttpTimeoutException: request timed out
	at java.net.http/jdk.internal.net.http.HttpClientImpl.send(HttpClientImpl.java:949)
	at java.net.http/jdk.internal.net.http.HttpClientFacade.send(HttpClientFacade.java:133)
	at dev.langchain4j.http.client.jdk.JdkHttpClient.execute(JdkHttpClient.java:50)
	... 19 common frames omitted
2026-03-09 14:20:44.828 [pool-5-thread-22] WARN  dev.langchain4j.internal.RetryUtils - A retriable exception occurred. Remaining retries: 1 of 2
dev.langchain4j.exception.TimeoutException: request timed out
	at dev.langchain4j.http.client.jdk.JdkHttpClient.execute(JdkHttpClient.java:58)
	at dev.langchain4j.model.ollama.OllamaClient.chat(OllamaClient.java:102)
	at dev.langchain4j.model.ollama.OllamaChatModel.lambda$doChat$0(OllamaChatModel.java:41)
	at dev.langchain4j.internal.ExceptionMapper.withExceptionMapper(ExceptionMapper.java:29)
	at dev.langchain4j.internal.RetryUtils.lambda$withRetryMappingExceptions$1(RetryUtils.java:322)
	at dev.langchain4j.internal.RetryUtils$RetryPolicy.withRetry(RetryUtils.java:204)
	at dev.langchain4j.internal.RetryUtils.withRetry(RetryUtils.java:259)
	at dev.langchain4j.internal.RetryUtils.withRetryMappingExceptions(RetryUtils.java:322)
	at dev.langchain4j.internal.RetryUtils.withRetryMappingExceptions(RetryUtils.java:305)
	at dev.langchain4j.model.ollama.OllamaChatModel.doChat(OllamaChatModel.java:41)
	at dev.langchain4j.model.chat.ChatModel.chat(ChatModel.java:46)
	at dev.langchain4j.model.chat.ChatModel.chat(ChatModel.java:76)
	at com.river.LegalAssistant.service.advanced.LegalQueryRouter.classifyByAI(LegalQueryRouter.java:147)
	at com.river.LegalAssistant.service.advanced.LegalQueryRouter.analyzeQuery(LegalQueryRouter.java:102)
	at com.river.LegalAssistant.service.advanced.LegalQueryRouter.route(LegalQueryRouter.java:77)
	at dev.langchain4j.rag.DefaultRetrievalAugmentor.lambda$process$1(DefaultRetrievalAugmentor.java:180)
	at java.base/java.util.concurrent.CompletableFuture$AsyncSupply.run(CompletableFuture.java:1768)
	at java.base/java.util.concurrent.ThreadPoolExecutor.runWorker(ThreadPoolExecutor.java:1144)
	at java.base/java.util.concurrent.ThreadPoolExecutor$Worker.run(ThreadPoolExecutor.java:642)
	at java.base/java.lang.Thread.run(Thread.java:1583)
Caused by: java.net.http.HttpTimeoutException: request timed out
	at java.net.http/jdk.internal.net.http.HttpClientImpl.send(HttpClientImpl.java:949)
	at java.net.http/jdk.internal.net.http.HttpClientFacade.send(HttpClientFacade.java:133)
	at dev.langchain4j.http.client.jdk.JdkHttpClient.execute(JdkHttpClient.java:50)
	... 19 common frames omitted
2026-03-09 14:20:44.828 [pool-5-thread-25] WARN  dev.langchain4j.internal.RetryUtils - A retriable exception occurred. Remaining retries: 1 of 2
dev.langchain4j.exception.TimeoutException: request timed out
	at dev.langchain4j.http.client.jdk.JdkHttpClient.execute(JdkHttpClient.java:58)
	at dev.langchain4j.model.ollama.OllamaClient.chat(OllamaClient.java:102)
	at dev.langchain4j.model.ollama.OllamaChatModel.lambda$doChat$0(OllamaChatModel.java:41)
	at dev.langchain4j.internal.ExceptionMapper.withExceptionMapper(ExceptionMapper.java:29)
	at dev.langchain4j.internal.RetryUtils.lambda$withRetryMappingExceptions$1(RetryUtils.java:322)
	at dev.langchain4j.internal.RetryUtils$RetryPolicy.withRetry(RetryUtils.java:204)
	at dev.langchain4j.internal.RetryUtils.withRetry(RetryUtils.java:259)
	at dev.langchain4j.internal.RetryUtils.withRetryMappingExceptions(RetryUtils.java:322)
	at dev.langchain4j.internal.RetryUtils.withRetryMappingExceptions(RetryUtils.java:305)
	at dev.langchain4j.model.ollama.OllamaChatModel.doChat(OllamaChatModel.java:41)
	at dev.langchain4j.model.chat.ChatModel.chat(ChatModel.java:46)
	at dev.langchain4j.model.chat.ChatModel.chat(ChatModel.java:76)
	at com.river.LegalAssistant.service.advanced.LegalQueryRouter.classifyByAI(LegalQueryRouter.java:147)
	at com.river.LegalAssistant.service.advanced.LegalQueryRouter.analyzeQuery(LegalQueryRouter.java:102)
	at com.river.LegalAssistant.service.advanced.LegalQueryRouter.route(LegalQueryRouter.java:77)
	at dev.langchain4j.rag.DefaultRetrievalAugmentor.lambda$process$1(DefaultRetrievalAugmentor.java:180)
	at java.base/java.util.concurrent.CompletableFuture$AsyncSupply.run(CompletableFuture.java:1768)
	at java.base/java.util.concurrent.ThreadPoolExecutor.runWorker(ThreadPoolExecutor.java:1144)
	at java.base/java.util.concurrent.ThreadPoolExecutor$Worker.run(ThreadPoolExecutor.java:642)
	at java.base/java.lang.Thread.run(Thread.java:1583)
Caused by: java.net.http.HttpTimeoutException: request timed out
	at java.net.http/jdk.internal.net.http.HttpClientImpl.send(HttpClientImpl.java:949)
	at java.net.http/jdk.internal.net.http.HttpClientFacade.send(HttpClientFacade.java:133)
	at dev.langchain4j.http.client.jdk.JdkHttpClient.execute(JdkHttpClient.java:50)
	... 19 common frames omitted
2026-03-09 14:22:45.711 [pool-5-thread-24] WARN  c.r.L.s.advanced.LegalQueryRouter - AI查询分类失败: request timed out
2026-03-09 14:22:45.711 [pool-5-thread-23] WARN  c.r.L.s.advanced.LegalQueryRouter - AI查询分类失败: request timed out
2026-03-09 14:22:45.711 [pool-5-thread-19] WARN  c.r.L.s.advanced.LegalQueryRouter - AI查询分类失败: request timed out
2026-03-09 14:22:45.711 [pool-5-thread-22] WARN  c.r.L.s.advanced.LegalQueryRouter - AI查询分类失败: request timed out
2026-03-09 14:22:45.729 [pool-5-thread-25] WARN  c.r.L.s.advanced.LegalQueryRouter - AI查询分类失败: request timed out
2026-03-09 14:22:45.733 [pool-5-thread-19] INFO  c.r.L.s.advanced.LegalQueryRouter - 为查询类型 CONTRACT_ANALYSIS 选择了 2 个检索器
2026-03-09 14:22:45.733 [pool-5-thread-22] INFO  c.r.L.s.advanced.LegalQueryRouter - 为查询类型 CONTRACT_ANALYSIS 选择了 2 个检索器
2026-03-09 14:22:45.733 [pool-5-thread-23] INFO  c.r.L.s.advanced.LegalQueryRouter - 为查询类型 CONTRACT_ANALYSIS 选择了 2 个检索器
2026-03-09 14:22:45.733 [pool-5-thread-25] INFO  c.r.L.s.advanced.LegalQueryRouter - 为查询类型 CONTRACT_ANALYSIS 选择了 2 个检索器
2026-03-09 14:22:45.733 [pool-5-thread-24] INFO  c.r.L.s.advanced.LegalQueryRouter - 为查询类型 CONTRACT_ANALYSIS 选择了 2 个检索器
2026-03-09 14:22:45.746 [pool-5-thread-20] WARN  c.r.L.s.advanced.LegalQueryRouter - AI查询分类失败: request timed out
2026-03-09 14:22:45.746 [pool-5-thread-20] INFO  c.r.L.s.advanced.LegalQueryRouter - 为查询类型 CONTRACT_ANALYSIS 选择了 2 个检索器
2026-03-09 14:22:45.747 [pool-5-thread-30] INFO  c.r.L.s.a.LegalContentRetriever - 多源检索法律内容: 违约后通常可以主张哪些责任承担方式？
2026-03-09 14:22:45.747 [pool-5-thread-28] INFO  c.r.L.s.a.LegalContentRetriever - 多源检索法律内容: 违约金和损害赔偿可以同时主张吗？
2026-03-09 14:22:45.747 [pool-5-thread-26] INFO  c.r.L.s.a.LegalContentRetriever - 多源检索法律内容: 违约 赔偿 合同违约责任 继续履行 违约金
2026-03-09 14:22:45.748 [pool-5-thread-27] INFO  c.r.L.s.a.LegalContentRetriever - 多源检索法律内容: 迟延履行场景下如何控制损失扩大责任？
2026-03-09 14:22:45.748 [pool-5-thread-29] INFO  c.r.L.s.a.LegalContentRetriever - 多源检索法律内容: 违约金与损害赔偿如何衔接适用？
2026-03-09 14:22:45.750 [pool-5-thread-32] INFO  c.r.L.s.a.LegalContentRetriever - 多源检索法律内容: 违约金和损害赔偿可以同时主张吗？
2026-03-09 14:22:45.750 [pool-5-thread-31] INFO  c.r.L.s.a.LegalContentRetriever - 多源检索法律内容: 违约 赔偿 合同违约责任 继续履行 违约金
2026-03-09 14:22:45.750 [pool-5-thread-33] INFO  c.r.L.s.a.LegalContentRetriever - 多源检索法律内容: 违约后通常可以主张哪些责任承担方式？
2026-03-09 14:22:45.751 [pool-5-thread-34] INFO  c.r.L.s.a.LegalContentRetriever - 多源检索法律内容: 迟延履行场景下如何控制损失扩大责任？
2026-03-09 14:22:45.751 [pool-5-thread-24] INFO  c.r.L.s.a.LegalContentRetriever - 多源检索法律内容: 违约责任金和损害损害赔偿可以同时主张吗？
2026-03-09 14:22:45.752 [pool-5-thread-35] INFO  c.r.L.s.a.LegalContentRetriever - 多源检索法律内容: 违约责任金和损害损害赔偿可以同时主张吗？
2026-03-09 14:22:45.753 [pool-5-thread-36] INFO  c.r.L.s.a.LegalContentRetriever - 多源检索法律内容: 违约金与损害赔偿如何衔接适用？
2026-03-09 14:22:45.760 [pool-5-thread-21] WARN  c.r.L.s.advanced.LegalQueryRouter - AI查询分类失败: request timed out
2026-03-09 14:22:45.761 [pool-5-thread-21] INFO  c.r.L.s.advanced.LegalQueryRouter - 为查询类型 CONTRACT_ANALYSIS 选择了 2 个检索器
2026-03-09 14:22:45.762 [pool-5-thread-23] INFO  c.r.L.s.a.LegalContentRetriever - 多源检索法律内容: 违约 赔偿 违约金 损害赔偿 合同违约责任 继续履行 迟延履行 补救措施
2026-03-09 14:22:45.762 [pool-5-thread-20] INFO  c.r.L.s.a.LegalContentRetriever - 多源检索法律内容: 违约 赔偿 违约金 损害赔偿 合同违约责任 继续履行 迟延履行 补救措施
2026-03-09 14:22:48.882 [pool-5-thread-29] INFO  c.r.L.s.a.LegalContentRetriever - 多源检索完成，返回 6 个结果
2026-03-09 14:22:48.882 [pool-5-thread-36] INFO  c.r.L.s.a.LegalContentRetriever - 多源检索完成，返回 6 个结果
2026-03-09 14:22:48.882 [pool-5-thread-32] INFO  c.r.L.s.a.LegalContentRetriever - 多源检索完成，返回 6 个结果
2026-03-09 14:22:48.882 [pool-5-thread-24] INFO  c.r.L.s.a.LegalContentRetriever - 多源检索完成，返回 6 个结果
2026-03-09 14:22:48.882 [pool-5-thread-20] INFO  c.r.L.s.a.LegalContentRetriever - 多源检索完成，返回 6 个结果
2026-03-09 14:22:48.882 [pool-5-thread-34] INFO  c.r.L.s.a.LegalContentRetriever - 多源检索完成，返回 6 个结果
2026-03-09 14:22:48.882 [pool-5-thread-31] INFO  c.r.L.s.a.LegalContentRetriever - 多源检索完成，返回 6 个结果
2026-03-09 14:22:48.882 [pool-5-thread-26] INFO  c.r.L.s.a.LegalContentRetriever - 多源检索完成，返回 6 个结果
2026-03-09 14:22:48.882 [pool-5-thread-28] INFO  c.r.L.s.a.LegalContentRetriever - 多源检索完成，返回 6 个结果
2026-03-09 14:22:48.882 [pool-5-thread-27] INFO  c.r.L.s.a.LegalContentRetriever - 多源检索完成，返回 6 个结果
2026-03-09 14:22:48.882 [pool-5-thread-33] INFO  c.r.L.s.a.LegalContentRetriever - 多源检索完成，返回 6 个结果
2026-03-09 14:22:48.909 [pool-5-thread-30] INFO  c.r.L.s.a.LegalContentRetriever - 多源检索完成，返回 6 个结果
2026-03-09 14:22:48.928 [pool-5-thread-35] INFO  c.r.L.s.a.LegalContentRetriever - 多源检索完成，返回 6 个结果
2026-03-09 14:22:48.938 [pool-5-thread-23] INFO  c.r.L.s.a.LegalContentRetriever - 多源检索完成，返回 6 个结果
2026-03-09 14:22:48.940 [http-nio-18080-exec-8] INFO  c.r.L.s.a.LegalContentAggregator - 开始聚合法律内容，共 7 个查询，总内容数: 84
2026-03-09 14:22:48.957 [http-nio-18080-exec-8] INFO  c.r.L.s.a.LegalContentAggregator - 内容聚合完成，返回 6 个结果
2026-03-09 14:22:48.957 [http-nio-18080-exec-8] INFO  c.r.L.s.a.LegalContentInjector - 注入法律内容到用户消息，内容数量: 6
2026-03-09 14:22:48.961 [http-nio-18080-exec-8] INFO  c.r.L.s.a.LegalContentInjector - 法律内容注入完成，增强消息长度: 271
2026-03-09 14:22:55.039 [http-nio-18080-exec-8] WARN  c.r.L.service.PromptTemplateService - 模板变量未提供: source
2026-03-09 14:23:17.457 [http-nio-18080-exec-8] INFO  c.r.L.s.a.AdvancedLegalRagService - Advanced RAG answer generated, sessionId=default, sourceCount=6, generationModel=deepseek-chat, durationMs=393507
2026-03-09 14:23:17.459 [http-nio-18080-exec-8] INFO  c.r.L.c.UnifiedChatController - 统一聊天请求处理完成，耗时: 393510 ms
2026-03-09 14:23:17.494 [http-nio-18080-exec-8] INFO  c.r.L.filter.RequestTrackingFilter - [REQUEST_END] traceId=24c0d03d, method=POST, uri=/api/v1/chat, status=200, duration=393551ms
2026-03-09 14:23:17.931 [http-nio-18080-exec-10] INFO  c.r.L.c.UnifiedChatController - 收到统一聊天请求: message=如果合同中同时约定了违约金和继续履行义务，乙方违约后甲方可以如何组合主张？, modelType=UNIFIED, conversationId=null, useKnowledgeBase=true
2026-03-09 14:23:17.932 [http-nio-18080-exec-10] INFO  c.r.L.c.UnifiedChatController - Unified mode routed to Advanced Agent for complex analysis
2026-03-09 14:23:26.180 [http-nio-18080-exec-10] INFO  c.r.L.service.AgentService - 处理法律咨询请求: 如果合同中同时约定了违约金和继续履行义务，乙方违约后甲方可以如何组合主张？, 会话ID: default
2026-03-09 14:23:26.180 [http-nio-18080-exec-10] INFO  c.r.L.service.AgentService - ✅ 使用 DeepSeek 高级模型处理请求（详细版），会话: default
2026-03-09 14:24:23.252 [http-nio-18080-exec-10] INFO  c.r.L.service.AgentService - ✅ DeepSeek响应成功，响应长度: 2390
2026-03-09 14:24:23.252 [http-nio-18080-exec-10] INFO  c.r.L.service.AgentService - 📊 最终使用模型: DeepSeek AI Agent (deepseek-chat), 会话: default
2026-03-09 14:24:23.253 [http-nio-18080-exec-10] INFO  c.r.L.c.UnifiedChatController - 统一聊天请求处理完成，耗时: 65322 ms
2026-03-09 14:24:23.255 [http-nio-18080-exec-10] INFO  c.r.L.filter.RequestTrackingFilter - [REQUEST_END] traceId=1c33a3be, method=POST, uri=/api/v1/chat, status=200, duration=65330ms
2026-03-09 14:24:23.305 [http-nio-18080-exec-1] INFO  c.r.L.c.UnifiedChatController - 收到统一聊天请求: message=迟延履行责任在知识库里对应哪些处理原则？, modelType=ADVANCED_RAG, conversationId=null, useKnowledgeBase=true
2026-03-09 14:24:23.305 [http-nio-18080-exec-1] INFO  c.r.L.s.a.AdvancedLegalRagService - Advanced RAG chat request received, sessionId=default
2026-03-09 14:24:23.305 [http-nio-18080-exec-1] INFO  c.r.L.s.a.LegalQueryTransformer - 转换法律查询: 迟延履行责任在知识库里对应哪些处理原则？
2026-03-09 14:24:23.308 [http-nio-18080-exec-1] INFO  c.r.L.s.a.LegalQueryTransformer - 查询转换完成，原始1个查询扩展为7个查询
2026-03-09 14:24:23.308 [pool-5-thread-37] INFO  c.r.L.s.advanced.LegalQueryRouter - 路由法律查询: 迟延履行责任在知识库里对应哪些处理原则？
2026-03-09 14:24:23.309 [pool-5-thread-42] INFO  c.r.L.s.advanced.LegalQueryRouter - 路由法律查询: 迟延履行场景下如何控制损失扩大责任？
2026-03-09 14:24:23.309 [pool-5-thread-39] INFO  c.r.L.s.advanced.LegalQueryRouter - 路由法律查询: 责任 迟延履行 合同违约责任 继续履行 违约金 损害赔偿 补救措施
2026-03-09 14:24:23.309 [pool-5-thread-40] INFO  c.r.L.s.advanced.LegalQueryRouter - 路由法律查询: 违约后通常可以主张哪些责任承担方式？
2026-03-09 14:24:23.309 [pool-5-thread-41] INFO  c.r.L.s.advanced.LegalQueryRouter - 路由法律查询: 违约金与损害赔偿如何衔接适用？
2026-03-09 14:24:23.309 [pool-5-thread-38] INFO  c.r.L.s.advanced.LegalQueryRouter - 路由法律查询: 迟延履行法律责任在知识库里对应哪些处理原则？
2026-03-09 14:24:23.309 [pool-5-thread-43] INFO  c.r.L.s.advanced.LegalQueryRouter - 路由法律查询: 责任 处理 合同违约责任 继续履行 违约金
2026-03-09 14:26:23.421 [pool-5-thread-39] WARN  dev.langchain4j.internal.RetryUtils - A retriable exception occurred. Remaining retries: 2 of 2
dev.langchain4j.exception.TimeoutException: request timed out
	at dev.langchain4j.http.client.jdk.JdkHttpClient.execute(JdkHttpClient.java:58)
	at dev.langchain4j.model.ollama.OllamaClient.chat(OllamaClient.java:102)
	at dev.langchain4j.model.ollama.OllamaChatModel.lambda$doChat$0(OllamaChatModel.java:41)
	at dev.langchain4j.internal.ExceptionMapper.withExceptionMapper(ExceptionMapper.java:29)
	at dev.langchain4j.internal.RetryUtils.lambda$withRetryMappingExceptions$1(RetryUtils.java:322)
	at dev.langchain4j.internal.RetryUtils$RetryPolicy.withRetry(RetryUtils.java:204)
	at dev.langchain4j.internal.RetryUtils.withRetry(RetryUtils.java:259)
	at dev.langchain4j.internal.RetryUtils.withRetryMappingExceptions(RetryUtils.java:322)
	at dev.langchain4j.internal.RetryUtils.withRetryMappingExceptions(RetryUtils.java:305)
	at dev.langchain4j.model.ollama.OllamaChatModel.doChat(OllamaChatModel.java:41)
	at dev.langchain4j.model.chat.ChatModel.chat(ChatModel.java:46)
	at dev.langchain4j.model.chat.ChatModel.chat(ChatModel.java:76)
	at com.river.LegalAssistant.service.advanced.LegalQueryRouter.classifyByAI(LegalQueryRouter.java:147)
	at com.river.LegalAssistant.service.advanced.LegalQueryRouter.analyzeQuery(LegalQueryRouter.java:102)
	at com.river.LegalAssistant.service.advanced.LegalQueryRouter.route(LegalQueryRouter.java:77)
	at dev.langchain4j.rag.DefaultRetrievalAugmentor.lambda$process$1(DefaultRetrievalAugmentor.java:180)
	at java.base/java.util.concurrent.CompletableFuture$AsyncSupply.run(CompletableFuture.java:1768)
	at java.base/java.util.concurrent.ThreadPoolExecutor.runWorker(ThreadPoolExecutor.java:1144)
	at java.base/java.util.concurrent.ThreadPoolExecutor$Worker.run(ThreadPoolExecutor.java:642)
	at java.base/java.lang.Thread.run(Thread.java:1583)
Caused by: java.net.http.HttpTimeoutException: request timed out
	at java.net.http/jdk.internal.net.http.HttpClientImpl.send(HttpClientImpl.java:949)
	at java.net.http/jdk.internal.net.http.HttpClientFacade.send(HttpClientFacade.java:133)
	at dev.langchain4j.http.client.jdk.JdkHttpClient.execute(JdkHttpClient.java:50)
	... 19 common frames omitted
2026-03-09 14:26:23.421 [pool-5-thread-40] WARN  dev.langchain4j.internal.RetryUtils - A retriable exception occurred. Remaining retries: 2 of 2
dev.langchain4j.exception.TimeoutException: request timed out
	at dev.langchain4j.http.client.jdk.JdkHttpClient.execute(JdkHttpClient.java:58)
	at dev.langchain4j.model.ollama.OllamaClient.chat(OllamaClient.java:102)
	at dev.langchain4j.model.ollama.OllamaChatModel.lambda$doChat$0(OllamaChatModel.java:41)
	at dev.langchain4j.internal.ExceptionMapper.withExceptionMapper(ExceptionMapper.java:29)
	at dev.langchain4j.internal.RetryUtils.lambda$withRetryMappingExceptions$1(RetryUtils.java:322)
	at dev.langchain4j.internal.RetryUtils$RetryPolicy.withRetry(RetryUtils.java:204)
	at dev.langchain4j.internal.RetryUtils.withRetry(RetryUtils.java:259)
	at dev.langchain4j.internal.RetryUtils.withRetryMappingExceptions(RetryUtils.java:322)
	at dev.langchain4j.internal.RetryUtils.withRetryMappingExceptions(RetryUtils.java:305)
	at dev.langchain4j.model.ollama.OllamaChatModel.doChat(OllamaChatModel.java:41)
	at dev.langchain4j.model.chat.ChatModel.chat(ChatModel.java:46)
	at dev.langchain4j.model.chat.ChatModel.chat(ChatModel.java:76)
	at com.river.LegalAssistant.service.advanced.LegalQueryRouter.classifyByAI(LegalQueryRouter.java:147)
	at com.river.LegalAssistant.service.advanced.LegalQueryRouter.analyzeQuery(LegalQueryRouter.java:102)
	at com.river.LegalAssistant.service.advanced.LegalQueryRouter.route(LegalQueryRouter.java:77)
	at dev.langchain4j.rag.DefaultRetrievalAugmentor.lambda$process$1(DefaultRetrievalAugmentor.java:180)
	at java.base/java.util.concurrent.CompletableFuture$AsyncSupply.run(CompletableFuture.java:1768)
	at java.base/java.util.concurrent.ThreadPoolExecutor.runWorker(ThreadPoolExecutor.java:1144)
	at java.base/java.util.concurrent.ThreadPoolExecutor$Worker.run(ThreadPoolExecutor.java:642)
	at java.base/java.lang.Thread.run(Thread.java:1583)
Caused by: java.net.http.HttpTimeoutException: request timed out
	at java.net.http/jdk.internal.net.http.HttpClientImpl.send(HttpClientImpl.java:949)
	at java.net.http/jdk.internal.net.http.HttpClientFacade.send(HttpClientFacade.java:133)
	at dev.langchain4j.http.client.jdk.JdkHttpClient.execute(JdkHttpClient.java:50)
	... 19 common frames omitted
2026-03-09 14:26:23.421 [pool-5-thread-43] WARN  dev.langchain4j.internal.RetryUtils - A retriable exception occurred. Remaining retries: 2 of 2
dev.langchain4j.exception.TimeoutException: request timed out
	at dev.langchain4j.http.client.jdk.JdkHttpClient.execute(JdkHttpClient.java:58)
	at dev.langchain4j.model.ollama.OllamaClient.chat(OllamaClient.java:102)
	at dev.langchain4j.model.ollama.OllamaChatModel.lambda$doChat$0(OllamaChatModel.java:41)
	at dev.langchain4j.internal.ExceptionMapper.withExceptionMapper(ExceptionMapper.java:29)
	at dev.langchain4j.internal.RetryUtils.lambda$withRetryMappingExceptions$1(RetryUtils.java:322)
	at dev.langchain4j.internal.RetryUtils$RetryPolicy.withRetry(RetryUtils.java:204)
	at dev.langchain4j.internal.RetryUtils.withRetry(RetryUtils.java:259)
	at dev.langchain4j.internal.RetryUtils.withRetryMappingExceptions(RetryUtils.java:322)
	at dev.langchain4j.internal.RetryUtils.withRetryMappingExceptions(RetryUtils.java:305)
	at dev.langchain4j.model.ollama.OllamaChatModel.doChat(OllamaChatModel.java:41)
	at dev.langchain4j.model.chat.ChatModel.chat(ChatModel.java:46)
	at dev.langchain4j.model.chat.ChatModel.chat(ChatModel.java:76)
	at com.river.LegalAssistant.service.advanced.LegalQueryRouter.classifyByAI(LegalQueryRouter.java:147)
	at com.river.LegalAssistant.service.advanced.LegalQueryRouter.analyzeQuery(LegalQueryRouter.java:102)
	at com.river.LegalAssistant.service.advanced.LegalQueryRouter.route(LegalQueryRouter.java:77)
	at dev.langchain4j.rag.DefaultRetrievalAugmentor.lambda$process$1(DefaultRetrievalAugmentor.java:180)
	at java.base/java.util.concurrent.CompletableFuture$AsyncSupply.run(CompletableFuture.java:1768)
	at java.base/java.util.concurrent.ThreadPoolExecutor.runWorker(ThreadPoolExecutor.java:1144)
	at java.base/java.util.concurrent.ThreadPoolExecutor$Worker.run(ThreadPoolExecutor.java:642)
	at java.base/java.lang.Thread.run(Thread.java:1583)
Caused by: java.net.http.HttpTimeoutException: request timed out
	at java.net.http/jdk.internal.net.http.HttpClientImpl.send(HttpClientImpl.java:949)
	at java.net.http/jdk.internal.net.http.HttpClientFacade.send(HttpClientFacade.java:133)
	at dev.langchain4j.http.client.jdk.JdkHttpClient.execute(JdkHttpClient.java:50)
	... 19 common frames omitted
2026-03-09 14:26:23.421 [pool-5-thread-42] WARN  dev.langchain4j.internal.RetryUtils - A retriable exception occurred. Remaining retries: 2 of 2
dev.langchain4j.exception.TimeoutException: request timed out
	at dev.langchain4j.http.client.jdk.JdkHttpClient.execute(JdkHttpClient.java:58)
	at dev.langchain4j.model.ollama.OllamaClient.chat(OllamaClient.java:102)
	at dev.langchain4j.model.ollama.OllamaChatModel.lambda$doChat$0(OllamaChatModel.java:41)
	at dev.langchain4j.internal.ExceptionMapper.withExceptionMapper(ExceptionMapper.java:29)
	at dev.langchain4j.internal.RetryUtils.lambda$withRetryMappingExceptions$1(RetryUtils.java:322)
	at dev.langchain4j.internal.RetryUtils$RetryPolicy.withRetry(RetryUtils.java:204)
	at dev.langchain4j.internal.RetryUtils.withRetry(RetryUtils.java:259)
	at dev.langchain4j.internal.RetryUtils.withRetryMappingExceptions(RetryUtils.java:322)
	at dev.langchain4j.internal.RetryUtils.withRetryMappingExceptions(RetryUtils.java:305)
	at dev.langchain4j.model.ollama.OllamaChatModel.doChat(OllamaChatModel.java:41)
	at dev.langchain4j.model.chat.ChatModel.chat(ChatModel.java:46)
	at dev.langchain4j.model.chat.ChatModel.chat(ChatModel.java:76)
	at com.river.LegalAssistant.service.advanced.LegalQueryRouter.classifyByAI(LegalQueryRouter.java:147)
	at com.river.LegalAssistant.service.advanced.LegalQueryRouter.analyzeQuery(LegalQueryRouter.java:102)
	at com.river.LegalAssistant.service.advanced.LegalQueryRouter.route(LegalQueryRouter.java:77)
	at dev.langchain4j.rag.DefaultRetrievalAugmentor.lambda$process$1(DefaultRetrievalAugmentor.java:180)
	at java.base/java.util.concurrent.CompletableFuture$AsyncSupply.run(CompletableFuture.java:1768)
	at java.base/java.util.concurrent.ThreadPoolExecutor.runWorker(ThreadPoolExecutor.java:1144)
	at java.base/java.util.concurrent.ThreadPoolExecutor$Worker.run(ThreadPoolExecutor.java:642)
	at java.base/java.lang.Thread.run(Thread.java:1583)
Caused by: java.net.http.HttpTimeoutException: request timed out
	at java.net.http/jdk.internal.net.http.HttpClientImpl.send(HttpClientImpl.java:949)
	at java.net.http/jdk.internal.net.http.HttpClientFacade.send(HttpClientFacade.java:133)
	at dev.langchain4j.http.client.jdk.JdkHttpClient.execute(JdkHttpClient.java:50)
	... 19 common frames omitted
2026-03-09 14:26:23.421 [pool-5-thread-37] WARN  dev.langchain4j.internal.RetryUtils - A retriable exception occurred. Remaining retries: 2 of 2
dev.langchain4j.exception.TimeoutException: request timed out
	at dev.langchain4j.http.client.jdk.JdkHttpClient.execute(JdkHttpClient.java:58)
	at dev.langchain4j.model.ollama.OllamaClient.chat(OllamaClient.java:102)
	at dev.langchain4j.model.ollama.OllamaChatModel.lambda$doChat$0(OllamaChatModel.java:41)
	at dev.langchain4j.internal.ExceptionMapper.withExceptionMapper(ExceptionMapper.java:29)
	at dev.langchain4j.internal.RetryUtils.lambda$withRetryMappingExceptions$1(RetryUtils.java:322)
	at dev.langchain4j.internal.RetryUtils$RetryPolicy.withRetry(RetryUtils.java:204)
	at dev.langchain4j.internal.RetryUtils.withRetry(RetryUtils.java:259)
	at dev.langchain4j.internal.RetryUtils.withRetryMappingExceptions(RetryUtils.java:322)
	at dev.langchain4j.internal.RetryUtils.withRetryMappingExceptions(RetryUtils.java:305)
	at dev.langchain4j.model.ollama.OllamaChatModel.doChat(OllamaChatModel.java:41)
	at dev.langchain4j.model.chat.ChatModel.chat(ChatModel.java:46)
	at dev.langchain4j.model.chat.ChatModel.chat(ChatModel.java:76)
	at com.river.LegalAssistant.service.advanced.LegalQueryRouter.classifyByAI(LegalQueryRouter.java:147)
	at com.river.LegalAssistant.service.advanced.LegalQueryRouter.analyzeQuery(LegalQueryRouter.java:102)
	at com.river.LegalAssistant.service.advanced.LegalQueryRouter.route(LegalQueryRouter.java:77)
	at dev.langchain4j.rag.DefaultRetrievalAugmentor.lambda$process$1(DefaultRetrievalAugmentor.java:180)
	at java.base/java.util.concurrent.CompletableFuture$AsyncSupply.run(CompletableFuture.java:1768)
	at java.base/java.util.concurrent.ThreadPoolExecutor.runWorker(ThreadPoolExecutor.java:1144)
	at java.base/java.util.concurrent.ThreadPoolExecutor$Worker.run(ThreadPoolExecutor.java:642)
	at java.base/java.lang.Thread.run(Thread.java:1583)
Caused by: java.net.http.HttpTimeoutException: request timed out
	at java.net.http/jdk.internal.net.http.HttpClientImpl.send(HttpClientImpl.java:949)
	at java.net.http/jdk.internal.net.http.HttpClientFacade.send(HttpClientFacade.java:133)
	at dev.langchain4j.http.client.jdk.JdkHttpClient.execute(JdkHttpClient.java:50)
	... 19 common frames omitted
2026-03-09 14:26:23.421 [pool-5-thread-41] WARN  dev.langchain4j.internal.RetryUtils - A retriable exception occurred. Remaining retries: 2 of 2
dev.langchain4j.exception.TimeoutException: request timed out
	at dev.langchain4j.http.client.jdk.JdkHttpClient.execute(JdkHttpClient.java:58)
	at dev.langchain4j.model.ollama.OllamaClient.chat(OllamaClient.java:102)
	at dev.langchain4j.model.ollama.OllamaChatModel.lambda$doChat$0(OllamaChatModel.java:41)
	at dev.langchain4j.internal.ExceptionMapper.withExceptionMapper(ExceptionMapper.java:29)
	at dev.langchain4j.internal.RetryUtils.lambda$withRetryMappingExceptions$1(RetryUtils.java:322)
	at dev.langchain4j.internal.RetryUtils$RetryPolicy.withRetry(RetryUtils.java:204)
	at dev.langchain4j.internal.RetryUtils.withRetry(RetryUtils.java:259)
	at dev.langchain4j.internal.RetryUtils.withRetryMappingExceptions(RetryUtils.java:322)
	at dev.langchain4j.internal.RetryUtils.withRetryMappingExceptions(RetryUtils.java:305)
	at dev.langchain4j.model.ollama.OllamaChatModel.doChat(OllamaChatModel.java:41)
	at dev.langchain4j.model.chat.ChatModel.chat(ChatModel.java:46)
	at dev.langchain4j.model.chat.ChatModel.chat(ChatModel.java:76)
	at com.river.LegalAssistant.service.advanced.LegalQueryRouter.classifyByAI(LegalQueryRouter.java:147)
	at com.river.LegalAssistant.service.advanced.LegalQueryRouter.analyzeQuery(LegalQueryRouter.java:102)
	at com.river.LegalAssistant.service.advanced.LegalQueryRouter.route(LegalQueryRouter.java:77)
	at dev.langchain4j.rag.DefaultRetrievalAugmentor.lambda$process$1(DefaultRetrievalAugmentor.java:180)
	at java.base/java.util.concurrent.CompletableFuture$AsyncSupply.run(CompletableFuture.java:1768)
	at java.base/java.util.concurrent.ThreadPoolExecutor.runWorker(ThreadPoolExecutor.java:1144)
	at java.base/java.util.concurrent.ThreadPoolExecutor$Worker.run(ThreadPoolExecutor.java:642)
	at java.base/java.lang.Thread.run(Thread.java:1583)
Caused by: java.net.http.HttpTimeoutException: request timed out
	at java.net.http/jdk.internal.net.http.HttpClientImpl.send(HttpClientImpl.java:949)
	at java.net.http/jdk.internal.net.http.HttpClientFacade.send(HttpClientFacade.java:133)
	at dev.langchain4j.http.client.jdk.JdkHttpClient.execute(JdkHttpClient.java:50)
	... 19 common frames omitted
2026-03-09 14:26:23.421 [pool-5-thread-38] WARN  dev.langchain4j.internal.RetryUtils - A retriable exception occurred. Remaining retries: 2 of 2
dev.langchain4j.exception.TimeoutException: request timed out
	at dev.langchain4j.http.client.jdk.JdkHttpClient.execute(JdkHttpClient.java:58)
	at dev.langchain4j.model.ollama.OllamaClient.chat(OllamaClient.java:102)
	at dev.langchain4j.model.ollama.OllamaChatModel.lambda$doChat$0(OllamaChatModel.java:41)
	at dev.langchain4j.internal.ExceptionMapper.withExceptionMapper(ExceptionMapper.java:29)
	at dev.langchain4j.internal.RetryUtils.lambda$withRetryMappingExceptions$1(RetryUtils.java:322)
	at dev.langchain4j.internal.RetryUtils$RetryPolicy.withRetry(RetryUtils.java:204)
	at dev.langchain4j.internal.RetryUtils.withRetry(RetryUtils.java:259)
	at dev.langchain4j.internal.RetryUtils.withRetryMappingExceptions(RetryUtils.java:322)
	at dev.langchain4j.internal.RetryUtils.withRetryMappingExceptions(RetryUtils.java:305)
	at dev.langchain4j.model.ollama.OllamaChatModel.doChat(OllamaChatModel.java:41)
	at dev.langchain4j.model.chat.ChatModel.chat(ChatModel.java:46)
	at dev.langchain4j.model.chat.ChatModel.chat(ChatModel.java:76)
	at com.river.LegalAssistant.service.advanced.LegalQueryRouter.classifyByAI(LegalQueryRouter.java:147)
	at com.river.LegalAssistant.service.advanced.LegalQueryRouter.analyzeQuery(LegalQueryRouter.java:102)
	at com.river.LegalAssistant.service.advanced.LegalQueryRouter.route(LegalQueryRouter.java:77)
	at dev.langchain4j.rag.DefaultRetrievalAugmentor.lambda$process$1(DefaultRetrievalAugmentor.java:180)
	at java.base/java.util.concurrent.CompletableFuture$AsyncSupply.run(CompletableFuture.java:1768)
	at java.base/java.util.concurrent.ThreadPoolExecutor.runWorker(ThreadPoolExecutor.java:1144)
	at java.base/java.util.concurrent.ThreadPoolExecutor$Worker.run(ThreadPoolExecutor.java:642)
	at java.base/java.lang.Thread.run(Thread.java:1583)
Caused by: java.net.http.HttpTimeoutException: request timed out
	at java.net.http/jdk.internal.net.http.HttpClientImpl.send(HttpClientImpl.java:949)
	at java.net.http/jdk.internal.net.http.HttpClientFacade.send(HttpClientFacade.java:133)
	at dev.langchain4j.http.client.jdk.JdkHttpClient.execute(JdkHttpClient.java:50)
	... 19 common frames omitted
2026-03-09 14:28:24.071 [pool-5-thread-42] WARN  dev.langchain4j.internal.RetryUtils - A retriable exception occurred. Remaining retries: 1 of 2
dev.langchain4j.exception.TimeoutException: request timed out
	at dev.langchain4j.http.client.jdk.JdkHttpClient.execute(JdkHttpClient.java:58)
	at dev.langchain4j.model.ollama.OllamaClient.chat(OllamaClient.java:102)
	at dev.langchain4j.model.ollama.OllamaChatModel.lambda$doChat$0(OllamaChatModel.java:41)
	at dev.langchain4j.internal.ExceptionMapper.withExceptionMapper(ExceptionMapper.java:29)
	at dev.langchain4j.internal.RetryUtils.lambda$withRetryMappingExceptions$1(RetryUtils.java:322)
	at dev.langchain4j.internal.RetryUtils$RetryPolicy.withRetry(RetryUtils.java:204)
	at dev.langchain4j.internal.RetryUtils.withRetry(RetryUtils.java:259)
	at dev.langchain4j.internal.RetryUtils.withRetryMappingExceptions(RetryUtils.java:322)
	at dev.langchain4j.internal.RetryUtils.withRetryMappingExceptions(RetryUtils.java:305)
	at dev.langchain4j.model.ollama.OllamaChatModel.doChat(OllamaChatModel.java:41)
	at dev.langchain4j.model.chat.ChatModel.chat(ChatModel.java:46)
	at dev.langchain4j.model.chat.ChatModel.chat(ChatModel.java:76)
	at com.river.LegalAssistant.service.advanced.LegalQueryRouter.classifyByAI(LegalQueryRouter.java:147)
	at com.river.LegalAssistant.service.advanced.LegalQueryRouter.analyzeQuery(LegalQueryRouter.java:102)
	at com.river.LegalAssistant.service.advanced.LegalQueryRouter.route(LegalQueryRouter.java:77)
	at dev.langchain4j.rag.DefaultRetrievalAugmentor.lambda$process$1(DefaultRetrievalAugmentor.java:180)
	at java.base/java.util.concurrent.CompletableFuture$AsyncSupply.run(CompletableFuture.java:1768)
	at java.base/java.util.concurrent.ThreadPoolExecutor.runWorker(ThreadPoolExecutor.java:1144)
	at java.base/java.util.concurrent.ThreadPoolExecutor$Worker.run(ThreadPoolExecutor.java:642)
	at java.base/java.lang.Thread.run(Thread.java:1583)
Caused by: java.net.http.HttpTimeoutException: request timed out
	at java.net.http/jdk.internal.net.http.HttpClientImpl.send(HttpClientImpl.java:949)
	at java.net.http/jdk.internal.net.http.HttpClientFacade.send(HttpClientFacade.java:133)
	at dev.langchain4j.http.client.jdk.JdkHttpClient.execute(JdkHttpClient.java:50)
	... 19 common frames omitted
2026-03-09 14:28:24.071 [pool-5-thread-37] WARN  dev.langchain4j.internal.RetryUtils - A retriable exception occurred. Remaining retries: 1 of 2
dev.langchain4j.exception.TimeoutException: request timed out
	at dev.langchain4j.http.client.jdk.JdkHttpClient.execute(JdkHttpClient.java:58)
	at dev.langchain4j.model.ollama.OllamaClient.chat(OllamaClient.java:102)
	at dev.langchain4j.model.ollama.OllamaChatModel.lambda$doChat$0(OllamaChatModel.java:41)
	at dev.langchain4j.internal.ExceptionMapper.withExceptionMapper(ExceptionMapper.java:29)
	at dev.langchain4j.internal.RetryUtils.lambda$withRetryMappingExceptions$1(RetryUtils.java:322)
	at dev.langchain4j.internal.RetryUtils$RetryPolicy.withRetry(RetryUtils.java:204)
	at dev.langchain4j.internal.RetryUtils.withRetry(RetryUtils.java:259)
	at dev.langchain4j.internal.RetryUtils.withRetryMappingExceptions(RetryUtils.java:322)
	at dev.langchain4j.internal.RetryUtils.withRetryMappingExceptions(RetryUtils.java:305)
	at dev.langchain4j.model.ollama.OllamaChatModel.doChat(OllamaChatModel.java:41)
	at dev.langchain4j.model.chat.ChatModel.chat(ChatModel.java:46)
	at dev.langchain4j.model.chat.ChatModel.chat(ChatModel.java:76)
	at com.river.LegalAssistant.service.advanced.LegalQueryRouter.classifyByAI(LegalQueryRouter.java:147)
	at com.river.LegalAssistant.service.advanced.LegalQueryRouter.analyzeQuery(LegalQueryRouter.java:102)
	at com.river.LegalAssistant.service.advanced.LegalQueryRouter.route(LegalQueryRouter.java:77)
	at dev.langchain4j.rag.DefaultRetrievalAugmentor.lambda$process$1(DefaultRetrievalAugmentor.java:180)
	at java.base/java.util.concurrent.CompletableFuture$AsyncSupply.run(CompletableFuture.java:1768)
	at java.base/java.util.concurrent.ThreadPoolExecutor.runWorker(ThreadPoolExecutor.java:1144)
	at java.base/java.util.concurrent.ThreadPoolExecutor$Worker.run(ThreadPoolExecutor.java:642)
	at java.base/java.lang.Thread.run(Thread.java:1583)
Caused by: java.net.http.HttpTimeoutException: request timed out
	at java.net.http/jdk.internal.net.http.HttpClientImpl.send(HttpClientImpl.java:949)
	at java.net.http/jdk.internal.net.http.HttpClientFacade.send(HttpClientFacade.java:133)
	at dev.langchain4j.http.client.jdk.JdkHttpClient.execute(JdkHttpClient.java:50)
	... 19 common frames omitted
2026-03-09 14:28:24.071 [pool-5-thread-43] WARN  dev.langchain4j.internal.RetryUtils - A retriable exception occurred. Remaining retries: 1 of 2
dev.langchain4j.exception.TimeoutException: request timed out
	at dev.langchain4j.http.client.jdk.JdkHttpClient.execute(JdkHttpClient.java:58)
	at dev.langchain4j.model.ollama.OllamaClient.chat(OllamaClient.java:102)
	at dev.langchain4j.model.ollama.OllamaChatModel.lambda$doChat$0(OllamaChatModel.java:41)
	at dev.langchain4j.internal.ExceptionMapper.withExceptionMapper(ExceptionMapper.java:29)
	at dev.langchain4j.internal.RetryUtils.lambda$withRetryMappingExceptions$1(RetryUtils.java:322)
	at dev.langchain4j.internal.RetryUtils$RetryPolicy.withRetry(RetryUtils.java:204)
	at dev.langchain4j.internal.RetryUtils.withRetry(RetryUtils.java:259)
	at dev.langchain4j.internal.RetryUtils.withRetryMappingExceptions(RetryUtils.java:322)
	at dev.langchain4j.internal.RetryUtils.withRetryMappingExceptions(RetryUtils.java:305)
	at dev.langchain4j.model.ollama.OllamaChatModel.doChat(OllamaChatModel.java:41)
	at dev.langchain4j.model.chat.ChatModel.chat(ChatModel.java:46)
	at dev.langchain4j.model.chat.ChatModel.chat(ChatModel.java:76)
	at com.river.LegalAssistant.service.advanced.LegalQueryRouter.classifyByAI(LegalQueryRouter.java:147)
	at com.river.LegalAssistant.service.advanced.LegalQueryRouter.analyzeQuery(LegalQueryRouter.java:102)
	at com.river.LegalAssistant.service.advanced.LegalQueryRouter.route(LegalQueryRouter.java:77)
	at dev.langchain4j.rag.DefaultRetrievalAugmentor.lambda$process$1(DefaultRetrievalAugmentor.java:180)
	at java.base/java.util.concurrent.CompletableFuture$AsyncSupply.run(CompletableFuture.java:1768)
	at java.base/java.util.concurrent.ThreadPoolExecutor.runWorker(ThreadPoolExecutor.java:1144)
	at java.base/java.util.concurrent.ThreadPoolExecutor$Worker.run(ThreadPoolExecutor.java:642)
	at java.base/java.lang.Thread.run(Thread.java:1583)
Caused by: java.net.http.HttpTimeoutException: request timed out
	at java.net.http/jdk.internal.net.http.HttpClientImpl.send(HttpClientImpl.java:949)
	at java.net.http/jdk.internal.net.http.HttpClientFacade.send(HttpClientFacade.java:133)
	at dev.langchain4j.http.client.jdk.JdkHttpClient.execute(JdkHttpClient.java:50)
	... 19 common frames omitted
2026-03-09 14:28:24.071 [pool-5-thread-40] WARN  dev.langchain4j.internal.RetryUtils - A retriable exception occurred. Remaining retries: 1 of 2
dev.langchain4j.exception.TimeoutException: request timed out
	at dev.langchain4j.http.client.jdk.JdkHttpClient.execute(JdkHttpClient.java:58)
	at dev.langchain4j.model.ollama.OllamaClient.chat(OllamaClient.java:102)
	at dev.langchain4j.model.ollama.OllamaChatModel.lambda$doChat$0(OllamaChatModel.java:41)
	at dev.langchain4j.internal.ExceptionMapper.withExceptionMapper(ExceptionMapper.java:29)
	at dev.langchain4j.internal.RetryUtils.lambda$withRetryMappingExceptions$1(RetryUtils.java:322)
	at dev.langchain4j.internal.RetryUtils$RetryPolicy.withRetry(RetryUtils.java:204)
	at dev.langchain4j.internal.RetryUtils.withRetry(RetryUtils.java:259)
	at dev.langchain4j.internal.RetryUtils.withRetryMappingExceptions(RetryUtils.java:322)
	at dev.langchain4j.internal.RetryUtils.withRetryMappingExceptions(RetryUtils.java:305)
	at dev.langchain4j.model.ollama.OllamaChatModel.doChat(OllamaChatModel.java:41)
	at dev.langchain4j.model.chat.ChatModel.chat(ChatModel.java:46)
	at dev.langchain4j.model.chat.ChatModel.chat(ChatModel.java:76)
	at com.river.LegalAssistant.service.advanced.LegalQueryRouter.classifyByAI(LegalQueryRouter.java:147)
	at com.river.LegalAssistant.service.advanced.LegalQueryRouter.analyzeQuery(LegalQueryRouter.java:102)
	at com.river.LegalAssistant.service.advanced.LegalQueryRouter.route(LegalQueryRouter.java:77)
	at dev.langchain4j.rag.DefaultRetrievalAugmentor.lambda$process$1(DefaultRetrievalAugmentor.java:180)
	at java.base/java.util.concurrent.CompletableFuture$AsyncSupply.run(CompletableFuture.java:1768)
	at java.base/java.util.concurrent.ThreadPoolExecutor.runWorker(ThreadPoolExecutor.java:1144)
	at java.base/java.util.concurrent.ThreadPoolExecutor$Worker.run(ThreadPoolExecutor.java:642)
	at java.base/java.lang.Thread.run(Thread.java:1583)
Caused by: java.net.http.HttpTimeoutException: request timed out
	at java.net.http/jdk.internal.net.http.HttpClientImpl.send(HttpClientImpl.java:949)
	at java.net.http/jdk.internal.net.http.HttpClientFacade.send(HttpClientFacade.java:133)
	at dev.langchain4j.http.client.jdk.JdkHttpClient.execute(JdkHttpClient.java:50)
	... 19 common frames omitted
2026-03-09 14:28:24.071 [pool-5-thread-39] WARN  dev.langchain4j.internal.RetryUtils - A retriable exception occurred. Remaining retries: 1 of 2
dev.langchain4j.exception.TimeoutException: request timed out
	at dev.langchain4j.http.client.jdk.JdkHttpClient.execute(JdkHttpClient.java:58)
	at dev.langchain4j.model.ollama.OllamaClient.chat(OllamaClient.java:102)
	at dev.langchain4j.model.ollama.OllamaChatModel.lambda$doChat$0(OllamaChatModel.java:41)
	at dev.langchain4j.internal.ExceptionMapper.withExceptionMapper(ExceptionMapper.java:29)
	at dev.langchain4j.internal.RetryUtils.lambda$withRetryMappingExceptions$1(RetryUtils.java:322)
	at dev.langchain4j.internal.RetryUtils$RetryPolicy.withRetry(RetryUtils.java:204)
	at dev.langchain4j.internal.RetryUtils.withRetry(RetryUtils.java:259)
	at dev.langchain4j.internal.RetryUtils.withRetryMappingExceptions(RetryUtils.java:322)
	at dev.langchain4j.internal.RetryUtils.withRetryMappingExceptions(RetryUtils.java:305)
	at dev.langchain4j.model.ollama.OllamaChatModel.doChat(OllamaChatModel.java:41)
	at dev.langchain4j.model.chat.ChatModel.chat(ChatModel.java:46)
	at dev.langchain4j.model.chat.ChatModel.chat(ChatModel.java:76)
	at com.river.LegalAssistant.service.advanced.LegalQueryRouter.classifyByAI(LegalQueryRouter.java:147)
	at com.river.LegalAssistant.service.advanced.LegalQueryRouter.analyzeQuery(LegalQueryRouter.java:102)
	at com.river.LegalAssistant.service.advanced.LegalQueryRouter.route(LegalQueryRouter.java:77)
	at dev.langchain4j.rag.DefaultRetrievalAugmentor.lambda$process$1(DefaultRetrievalAugmentor.java:180)
	at java.base/java.util.concurrent.CompletableFuture$AsyncSupply.run(CompletableFuture.java:1768)
	at java.base/java.util.concurrent.ThreadPoolExecutor.runWorker(ThreadPoolExecutor.java:1144)
	at java.base/java.util.concurrent.ThreadPoolExecutor$Worker.run(ThreadPoolExecutor.java:642)
	at java.base/java.lang.Thread.run(Thread.java:1583)
Caused by: java.net.http.HttpTimeoutException: request timed out
	at java.net.http/jdk.internal.net.http.HttpClientImpl.send(HttpClientImpl.java:949)
	at java.net.http/jdk.internal.net.http.HttpClientFacade.send(HttpClientFacade.java:133)
	at dev.langchain4j.http.client.jdk.JdkHttpClient.execute(JdkHttpClient.java:50)
	... 19 common frames omitted
2026-03-09 14:28:24.071 [pool-5-thread-41] WARN  dev.langchain4j.internal.RetryUtils - A retriable exception occurred. Remaining retries: 1 of 2
dev.langchain4j.exception.TimeoutException: request timed out
	at dev.langchain4j.http.client.jdk.JdkHttpClient.execute(JdkHttpClient.java:58)
	at dev.langchain4j.model.ollama.OllamaClient.chat(OllamaClient.java:102)
	at dev.langchain4j.model.ollama.OllamaChatModel.lambda$doChat$0(OllamaChatModel.java:41)
	at dev.langchain4j.internal.ExceptionMapper.withExceptionMapper(ExceptionMapper.java:29)
	at dev.langchain4j.internal.RetryUtils.lambda$withRetryMappingExceptions$1(RetryUtils.java:322)
	at dev.langchain4j.internal.RetryUtils$RetryPolicy.withRetry(RetryUtils.java:204)
	at dev.langchain4j.internal.RetryUtils.withRetry(RetryUtils.java:259)
	at dev.langchain4j.internal.RetryUtils.withRetryMappingExceptions(RetryUtils.java:322)
	at dev.langchain4j.internal.RetryUtils.withRetryMappingExceptions(RetryUtils.java:305)
	at dev.langchain4j.model.ollama.OllamaChatModel.doChat(OllamaChatModel.java:41)
	at dev.langchain4j.model.chat.ChatModel.chat(ChatModel.java:46)
	at dev.langchain4j.model.chat.ChatModel.chat(ChatModel.java:76)
	at com.river.LegalAssistant.service.advanced.LegalQueryRouter.classifyByAI(LegalQueryRouter.java:147)
	at com.river.LegalAssistant.service.advanced.LegalQueryRouter.analyzeQuery(LegalQueryRouter.java:102)
	at com.river.LegalAssistant.service.advanced.LegalQueryRouter.route(LegalQueryRouter.java:77)
	at dev.langchain4j.rag.DefaultRetrievalAugmentor.lambda$process$1(DefaultRetrievalAugmentor.java:180)
	at java.base/java.util.concurrent.CompletableFuture$AsyncSupply.run(CompletableFuture.java:1768)
	at java.base/java.util.concurrent.ThreadPoolExecutor.runWorker(ThreadPoolExecutor.java:1144)
	at java.base/java.util.concurrent.ThreadPoolExecutor$Worker.run(ThreadPoolExecutor.java:642)
	at java.base/java.lang.Thread.run(Thread.java:1583)
Caused by: java.net.http.HttpTimeoutException: request timed out
	at java.net.http/jdk.internal.net.http.HttpClientImpl.send(HttpClientImpl.java:949)
	at java.net.http/jdk.internal.net.http.HttpClientFacade.send(HttpClientFacade.java:133)
	at dev.langchain4j.http.client.jdk.JdkHttpClient.execute(JdkHttpClient.java:50)
	... 19 common frames omitted
2026-03-09 14:28:24.073 [pool-5-thread-38] WARN  dev.langchain4j.internal.RetryUtils - A retriable exception occurred. Remaining retries: 1 of 2
dev.langchain4j.exception.TimeoutException: request timed out
	at dev.langchain4j.http.client.jdk.JdkHttpClient.execute(JdkHttpClient.java:58)
	at dev.langchain4j.model.ollama.OllamaClient.chat(OllamaClient.java:102)
	at dev.langchain4j.model.ollama.OllamaChatModel.lambda$doChat$0(OllamaChatModel.java:41)
	at dev.langchain4j.internal.ExceptionMapper.withExceptionMapper(ExceptionMapper.java:29)
	at dev.langchain4j.internal.RetryUtils.lambda$withRetryMappingExceptions$1(RetryUtils.java:322)
	at dev.langchain4j.internal.RetryUtils$RetryPolicy.withRetry(RetryUtils.java:204)
	at dev.langchain4j.internal.RetryUtils.withRetry(RetryUtils.java:259)
	at dev.langchain4j.internal.RetryUtils.withRetryMappingExceptions(RetryUtils.java:322)
	at dev.langchain4j.internal.RetryUtils.withRetryMappingExceptions(RetryUtils.java:305)
	at dev.langchain4j.model.ollama.OllamaChatModel.doChat(OllamaChatModel.java:41)
	at dev.langchain4j.model.chat.ChatModel.chat(ChatModel.java:46)
	at dev.langchain4j.model.chat.ChatModel.chat(ChatModel.java:76)
	at com.river.LegalAssistant.service.advanced.LegalQueryRouter.classifyByAI(LegalQueryRouter.java:147)
	at com.river.LegalAssistant.service.advanced.LegalQueryRouter.analyzeQuery(LegalQueryRouter.java:102)
	at com.river.LegalAssistant.service.advanced.LegalQueryRouter.route(LegalQueryRouter.java:77)
	at dev.langchain4j.rag.DefaultRetrievalAugmentor.lambda$process$1(DefaultRetrievalAugmentor.java:180)
	at java.base/java.util.concurrent.CompletableFuture$AsyncSupply.run(CompletableFuture.java:1768)
	at java.base/java.util.concurrent.ThreadPoolExecutor.runWorker(ThreadPoolExecutor.java:1144)
	at java.base/java.util.concurrent.ThreadPoolExecutor$Worker.run(ThreadPoolExecutor.java:642)
	at java.base/java.lang.Thread.run(Thread.java:1583)
Caused by: java.net.http.HttpTimeoutException: request timed out
	at java.net.http/jdk.internal.net.http.HttpClientImpl.send(HttpClientImpl.java:949)
	at java.net.http/jdk.internal.net.http.HttpClientFacade.send(HttpClientFacade.java:133)
	at dev.langchain4j.http.client.jdk.JdkHttpClient.execute(JdkHttpClient.java:50)
	... 19 common frames omitted
2026-03-09 14:30:24.947 [pool-5-thread-43] WARN  c.r.L.s.advanced.LegalQueryRouter - AI查询分类失败: request timed out
2026-03-09 14:30:24.948 [pool-5-thread-40] WARN  c.r.L.s.advanced.LegalQueryRouter - AI查询分类失败: request timed out
2026-03-09 14:30:24.947 [pool-5-thread-39] WARN  c.r.L.s.advanced.LegalQueryRouter - AI查询分类失败: request timed out
2026-03-09 14:30:24.956 [pool-5-thread-41] WARN  c.r.L.s.advanced.LegalQueryRouter - AI查询分类失败: request timed out
2026-03-09 14:30:24.957 [pool-5-thread-37] WARN  c.r.L.s.advanced.LegalQueryRouter - AI查询分类失败: request timed out
2026-03-09 14:30:24.957 [pool-5-thread-38] WARN  c.r.L.s.advanced.LegalQueryRouter - AI查询分类失败: request timed out
2026-03-09 14:30:24.971 [pool-5-thread-40] INFO  c.r.L.s.advanced.LegalQueryRouter - 为查询类型 CONTRACT_ANALYSIS 选择了 2 个检索器
2026-03-09 14:30:24.971 [pool-5-thread-39] INFO  c.r.L.s.advanced.LegalQueryRouter - 为查询类型 CONTRACT_ANALYSIS 选择了 2 个检索器
2026-03-09 14:30:24.971 [pool-5-thread-38] INFO  c.r.L.s.advanced.LegalQueryRouter - 为查询类型 CONTRACT_ANALYSIS 选择了 2 个检索器
2026-03-09 14:30:24.971 [pool-5-thread-37] INFO  c.r.L.s.advanced.LegalQueryRouter - 为查询类型 CONTRACT_ANALYSIS 选择了 2 个检索器
2026-03-09 14:30:24.971 [pool-5-thread-41] INFO  c.r.L.s.advanced.LegalQueryRouter - 为查询类型 CONTRACT_ANALYSIS 选择了 2 个检索器
2026-03-09 14:30:24.971 [pool-5-thread-43] INFO  c.r.L.s.advanced.LegalQueryRouter - 为查询类型 CONTRACT_ANALYSIS 选择了 2 个检索器
2026-03-09 14:30:24.975 [pool-5-thread-42] WARN  c.r.L.s.advanced.LegalQueryRouter - AI查询分类失败: request timed out
2026-03-09 14:30:24.975 [pool-5-thread-42] INFO  c.r.L.s.advanced.LegalQueryRouter - 为查询类型 CONTRACT_ANALYSIS 选择了 2 个检索器
2026-03-09 14:30:24.986 [pool-5-thread-46] INFO  c.r.L.s.a.LegalContentRetriever - 多源检索法律内容: 违约金与损害赔偿如何衔接适用？
2026-03-09 14:30:24.986 [pool-5-thread-45] INFO  c.r.L.s.a.LegalContentRetriever - 多源检索法律内容: 责任 处理 合同违约责任 继续履行 违约金
2026-03-09 14:30:24.990 [pool-5-thread-49] INFO  c.r.L.s.a.LegalContentRetriever - 多源检索法律内容: 责任 迟延履行 合同违约责任 继续履行 违约金 损害赔偿 补救措施
2026-03-09 14:30:24.991 [pool-5-thread-44] INFO  c.r.L.s.a.LegalContentRetriever - 多源检索法律内容: 违约后通常可以主张哪些责任承担方式？
2026-03-09 14:30:24.992 [pool-5-thread-48] INFO  c.r.L.s.a.LegalContentRetriever - 多源检索法律内容: 迟延履行法律责任在知识库里对应哪些处理原则？
2026-03-09 14:30:24.992 [pool-5-thread-47] INFO  c.r.L.s.a.LegalContentRetriever - 多源检索法律内容: 迟延履行责任在知识库里对应哪些处理原则？
2026-03-09 14:30:24.997 [pool-5-thread-52] INFO  c.r.L.s.a.LegalContentRetriever - 多源检索法律内容: 违约金与损害赔偿如何衔接适用？
2026-03-09 14:30:24.997 [pool-5-thread-50] INFO  c.r.L.s.a.LegalContentRetriever - 多源检索法律内容: 迟延履行场景下如何控制损失扩大责任？
2026-03-09 14:30:24.997 [pool-5-thread-51] INFO  c.r.L.s.a.LegalContentRetriever - 多源检索法律内容: 责任 处理 合同违约责任 继续履行 违约金
2026-03-09 14:30:24.998 [pool-5-thread-53] INFO  c.r.L.s.a.LegalContentRetriever - 多源检索法律内容: 责任 迟延履行 合同违约责任 继续履行 违约金 损害赔偿 补救措施
2026-03-09 14:30:25.001 [pool-5-thread-54] INFO  c.r.L.s.a.LegalContentRetriever - 多源检索法律内容: 迟延履行责任在知识库里对应哪些处理原则？
2026-03-09 14:30:25.001 [pool-5-thread-55] INFO  c.r.L.s.a.LegalContentRetriever - 多源检索法律内容: 违约后通常可以主张哪些责任承担方式？
2026-03-09 14:30:25.003 [pool-5-thread-57] INFO  c.r.L.s.a.LegalContentRetriever - 多源检索法律内容: 迟延履行场景下如何控制损失扩大责任？
2026-03-09 14:30:25.004 [pool-5-thread-56] INFO  c.r.L.s.a.LegalContentRetriever - 多源检索法律内容: 迟延履行法律责任在知识库里对应哪些处理原则？
2026-03-09 14:30:28.748 [pool-5-thread-50] INFO  c.r.L.s.a.LegalContentRetriever - 多源检索完成，返回 6 个结果
2026-03-09 14:30:28.748 [pool-5-thread-46] INFO  c.r.L.s.a.LegalContentRetriever - 多源检索完成，返回 6 个结果
2026-03-09 14:30:28.748 [pool-5-thread-47] INFO  c.r.L.s.a.LegalContentRetriever - 多源检索完成，返回 6 个结果
2026-03-09 14:30:28.748 [pool-5-thread-57] INFO  c.r.L.s.a.LegalContentRetriever - 多源检索完成，返回 6 个结果
2026-03-09 14:30:28.748 [pool-5-thread-54] INFO  c.r.L.s.a.LegalContentRetriever - 多源检索完成，返回 6 个结果
2026-03-09 14:30:28.748 [pool-5-thread-49] INFO  c.r.L.s.a.LegalContentRetriever - 多源检索完成，返回 6 个结果
2026-03-09 14:30:28.748 [pool-5-thread-48] INFO  c.r.L.s.a.LegalContentRetriever - 多源检索完成，返回 6 个结果
2026-03-09 14:30:28.748 [pool-5-thread-52] INFO  c.r.L.s.a.LegalContentRetriever - 多源检索完成，返回 6 个结果
2026-03-09 14:30:28.748 [pool-5-thread-45] INFO  c.r.L.s.a.LegalContentRetriever - 多源检索完成，返回 6 个结果
2026-03-09 14:30:28.749 [pool-5-thread-51] INFO  c.r.L.s.a.LegalContentRetriever - 多源检索完成，返回 6 个结果
2026-03-09 14:30:28.775 [pool-5-thread-56] INFO  c.r.L.s.a.LegalContentRetriever - 多源检索完成，返回 6 个结果
2026-03-09 14:30:28.776 [pool-5-thread-53] INFO  c.r.L.s.a.LegalContentRetriever - 多源检索完成，返回 6 个结果
2026-03-09 14:30:28.786 [pool-5-thread-44] INFO  c.r.L.s.a.LegalContentRetriever - 多源检索完成，返回 6 个结果
2026-03-09 14:30:28.786 [pool-5-thread-55] INFO  c.r.L.s.a.LegalContentRetriever - 多源检索完成，返回 6 个结果
2026-03-09 14:30:28.790 [http-nio-18080-exec-1] INFO  c.r.L.s.a.LegalContentAggregator - 开始聚合法律内容，共 7 个查询，总内容数: 84
2026-03-09 14:30:28.804 [http-nio-18080-exec-1] INFO  c.r.L.s.a.LegalContentAggregator - 内容聚合完成，返回 6 个结果
2026-03-09 14:30:28.804 [http-nio-18080-exec-1] INFO  c.r.L.s.a.LegalContentInjector - 注入法律内容到用户消息，内容数量: 6
2026-03-09 14:30:28.806 [http-nio-18080-exec-1] INFO  c.r.L.s.a.LegalContentInjector - 法律内容注入完成，增强消息长度: 275
2026-03-09 14:30:34.923 [http-nio-18080-exec-1] WARN  c.r.L.service.PromptTemplateService - 模板变量未提供: source
2026-03-09 14:30:50.479 [http-nio-18080-exec-1] INFO  c.r.L.s.a.AdvancedLegalRagService - Advanced RAG answer generated, sessionId=default, sourceCount=6, generationModel=deepseek-chat, durationMs=387174
2026-03-09 14:30:50.482 [http-nio-18080-exec-1] INFO  c.r.L.c.UnifiedChatController - 统一聊天请求处理完成，耗时: 387176 ms
2026-03-09 14:30:50.497 [http-nio-18080-exec-1] INFO  c.r.L.filter.RequestTrackingFilter - [REQUEST_END] traceId=f8098522, method=POST, uri=/api/v1/chat, status=200, duration=387194ms
2026-03-09 14:30:50.736 [http-nio-18080-exec-3] INFO  c.r.L.c.UnifiedChatController - 收到统一聊天请求: message=电商平台处理七天无理由退货时，哪些情形可以不适用？, modelType=UNIFIED, conversationId=null, useKnowledgeBase=true
2026-03-09 14:30:50.737 [http-nio-18080-exec-3] INFO  c.r.L.c.UnifiedChatController - Unified mode routed to Advanced Agent by default
2026-03-09 14:30:56.260 [http-nio-18080-exec-3] INFO  c.r.L.service.AgentService - 处理法律咨询请求: 电商平台处理七天无理由退货时，哪些情形可以不适用？, 会话ID: default
2026-03-09 14:30:56.263 [http-nio-18080-exec-3] INFO  c.r.L.service.AgentService - ✅ 使用 DeepSeek 高级模型处理请求（详细版），会话: default
2026-03-09 14:31:54.790 [http-nio-18080-exec-3] INFO  c.r.L.service.AgentService - ✅ DeepSeek响应成功，响应长度: 2472
2026-03-09 14:31:54.790 [http-nio-18080-exec-3] INFO  c.r.L.service.AgentService - 📊 最终使用模型: DeepSeek AI Agent (deepseek-chat), 会话: default
2026-03-09 14:31:54.790 [http-nio-18080-exec-3] INFO  c.r.L.c.UnifiedChatController - 统一聊天请求处理完成，耗时: 64054 ms
2026-03-09 14:31:54.791 [http-nio-18080-exec-3] INFO  c.r.L.filter.RequestTrackingFilter - [REQUEST_END] traceId=57462cde, method=POST, uri=/api/v1/chat, status=200, duration=64061ms
2026-03-09 14:31:54.821 [http-nio-18080-exec-4] INFO  c.r.L.c.UnifiedChatController - 收到统一聊天请求: message=经营者披露促销规则时需要注意什么？, modelType=UNIFIED, conversationId=null, useKnowledgeBase=true
2026-03-09 14:31:54.821 [http-nio-18080-exec-4] INFO  c.r.L.c.UnifiedChatController - Unified mode routed to Advanced RAG for simple query
2026-03-09 14:31:54.821 [http-nio-18080-exec-4] INFO  c.r.L.s.a.AdvancedLegalRagService - Advanced RAG chat request received, sessionId=default
2026-03-09 14:31:54.821 [http-nio-18080-exec-4] INFO  c.r.L.s.a.LegalQueryTransformer - 转换法律查询: 经营者披露促销规则时需要注意什么？
2026-03-09 14:31:54.821 [http-nio-18080-exec-4] INFO  c.r.L.s.a.LegalQueryTransformer - 查询转换完成，原始1个查询扩展为6个查询
2026-03-09 14:31:54.822 [pool-5-thread-58] INFO  c.r.L.s.advanced.LegalQueryRouter - 路由法律查询: 经营者披露促销规则时需要注意什么？
2026-03-09 14:31:54.823 [pool-5-thread-61] INFO  c.r.L.s.advanced.LegalQueryRouter - 路由法律查询: 促销与退货限制条款应如何真实显著披露？
2026-03-09 14:31:54.823 [pool-5-thread-63] INFO  c.r.L.s.advanced.LegalQueryRouter - 路由法律查询: 注意 披露 电商消费者权益 七天无理由退货 促销规则
2026-03-09 14:31:54.823 [pool-5-thread-60] INFO  c.r.L.s.advanced.LegalQueryRouter - 路由法律查询: 平台对消费者投诉和商品质量争议有哪些处理义务？
2026-03-09 14:31:54.823 [pool-5-thread-59] INFO  c.r.L.s.advanced.LegalQueryRouter - 路由法律查询: 促销 电商消费者权益 七天无理由退货 促销规则 价格欺诈 商品质量争议 先行赔付
2026-03-09 14:31:54.823 [pool-5-thread-62] INFO  c.r.L.s.advanced.LegalQueryRouter - 路由法律查询: 消费者在该场景下通常有哪些救济路径？
2026-03-09 14:33:54.915 [pool-5-thread-59] WARN  dev.langchain4j.internal.RetryUtils - A retriable exception occurred. Remaining retries: 2 of 2
dev.langchain4j.exception.TimeoutException: request timed out
	at dev.langchain4j.http.client.jdk.JdkHttpClient.execute(JdkHttpClient.java:58)
	at dev.langchain4j.model.ollama.OllamaClient.chat(OllamaClient.java:102)
	at dev.langchain4j.model.ollama.OllamaChatModel.lambda$doChat$0(OllamaChatModel.java:41)
	at dev.langchain4j.internal.ExceptionMapper.withExceptionMapper(ExceptionMapper.java:29)
	at dev.langchain4j.internal.RetryUtils.lambda$withRetryMappingExceptions$1(RetryUtils.java:322)
	at dev.langchain4j.internal.RetryUtils$RetryPolicy.withRetry(RetryUtils.java:204)
	at dev.langchain4j.internal.RetryUtils.withRetry(RetryUtils.java:259)
	at dev.langchain4j.internal.RetryUtils.withRetryMappingExceptions(RetryUtils.java:322)
	at dev.langchain4j.internal.RetryUtils.withRetryMappingExceptions(RetryUtils.java:305)
	at dev.langchain4j.model.ollama.OllamaChatModel.doChat(OllamaChatModel.java:41)
	at dev.langchain4j.model.chat.ChatModel.chat(ChatModel.java:46)
	at dev.langchain4j.model.chat.ChatModel.chat(ChatModel.java:76)
	at com.river.LegalAssistant.service.advanced.LegalQueryRouter.classifyByAI(LegalQueryRouter.java:147)
	at com.river.LegalAssistant.service.advanced.LegalQueryRouter.analyzeQuery(LegalQueryRouter.java:102)
	at com.river.LegalAssistant.service.advanced.LegalQueryRouter.route(LegalQueryRouter.java:77)
	at dev.langchain4j.rag.DefaultRetrievalAugmentor.lambda$process$1(DefaultRetrievalAugmentor.java:180)
	at java.base/java.util.concurrent.CompletableFuture$AsyncSupply.run(CompletableFuture.java:1768)
	at java.base/java.util.concurrent.ThreadPoolExecutor.runWorker(ThreadPoolExecutor.java:1144)
	at java.base/java.util.concurrent.ThreadPoolExecutor$Worker.run(ThreadPoolExecutor.java:642)
	at java.base/java.lang.Thread.run(Thread.java:1583)
Caused by: java.net.http.HttpTimeoutException: request timed out
	at java.net.http/jdk.internal.net.http.HttpClientImpl.send(HttpClientImpl.java:949)
	at java.net.http/jdk.internal.net.http.HttpClientFacade.send(HttpClientFacade.java:133)
	at dev.langchain4j.http.client.jdk.JdkHttpClient.execute(JdkHttpClient.java:50)
	... 19 common frames omitted
2026-03-09 14:33:54.915 [pool-5-thread-61] WARN  dev.langchain4j.internal.RetryUtils - A retriable exception occurred. Remaining retries: 2 of 2
dev.langchain4j.exception.TimeoutException: request timed out
	at dev.langchain4j.http.client.jdk.JdkHttpClient.execute(JdkHttpClient.java:58)
	at dev.langchain4j.model.ollama.OllamaClient.chat(OllamaClient.java:102)
	at dev.langchain4j.model.ollama.OllamaChatModel.lambda$doChat$0(OllamaChatModel.java:41)
	at dev.langchain4j.internal.ExceptionMapper.withExceptionMapper(ExceptionMapper.java:29)
	at dev.langchain4j.internal.RetryUtils.lambda$withRetryMappingExceptions$1(RetryUtils.java:322)
	at dev.langchain4j.internal.RetryUtils$RetryPolicy.withRetry(RetryUtils.java:204)
	at dev.langchain4j.internal.RetryUtils.withRetry(RetryUtils.java:259)
	at dev.langchain4j.internal.RetryUtils.withRetryMappingExceptions(RetryUtils.java:322)
	at dev.langchain4j.internal.RetryUtils.withRetryMappingExceptions(RetryUtils.java:305)
	at dev.langchain4j.model.ollama.OllamaChatModel.doChat(OllamaChatModel.java:41)
	at dev.langchain4j.model.chat.ChatModel.chat(ChatModel.java:46)
	at dev.langchain4j.model.chat.ChatModel.chat(ChatModel.java:76)
	at com.river.LegalAssistant.service.advanced.LegalQueryRouter.classifyByAI(LegalQueryRouter.java:147)
	at com.river.LegalAssistant.service.advanced.LegalQueryRouter.analyzeQuery(LegalQueryRouter.java:102)
	at com.river.LegalAssistant.service.advanced.LegalQueryRouter.route(LegalQueryRouter.java:77)
	at dev.langchain4j.rag.DefaultRetrievalAugmentor.lambda$process$1(DefaultRetrievalAugmentor.java:180)
	at java.base/java.util.concurrent.CompletableFuture$AsyncSupply.run(CompletableFuture.java:1768)
	at java.base/java.util.concurrent.ThreadPoolExecutor.runWorker(ThreadPoolExecutor.java:1144)
	at java.base/java.util.concurrent.ThreadPoolExecutor$Worker.run(ThreadPoolExecutor.java:642)
	at java.base/java.lang.Thread.run(Thread.java:1583)
Caused by: java.net.http.HttpTimeoutException: request timed out
	at java.net.http/jdk.internal.net.http.HttpClientImpl.send(HttpClientImpl.java:949)
	at java.net.http/jdk.internal.net.http.HttpClientFacade.send(HttpClientFacade.java:133)
	at dev.langchain4j.http.client.jdk.JdkHttpClient.execute(JdkHttpClient.java:50)
	... 19 common frames omitted
2026-03-09 14:33:54.915 [pool-5-thread-60] WARN  dev.langchain4j.internal.RetryUtils - A retriable exception occurred. Remaining retries: 2 of 2
dev.langchain4j.exception.TimeoutException: request timed out
	at dev.langchain4j.http.client.jdk.JdkHttpClient.execute(JdkHttpClient.java:58)
	at dev.langchain4j.model.ollama.OllamaClient.chat(OllamaClient.java:102)
	at dev.langchain4j.model.ollama.OllamaChatModel.lambda$doChat$0(OllamaChatModel.java:41)
	at dev.langchain4j.internal.ExceptionMapper.withExceptionMapper(ExceptionMapper.java:29)
	at dev.langchain4j.internal.RetryUtils.lambda$withRetryMappingExceptions$1(RetryUtils.java:322)
	at dev.langchain4j.internal.RetryUtils$RetryPolicy.withRetry(RetryUtils.java:204)
	at dev.langchain4j.internal.RetryUtils.withRetry(RetryUtils.java:259)
	at dev.langchain4j.internal.RetryUtils.withRetryMappingExceptions(RetryUtils.java:322)
	at dev.langchain4j.internal.RetryUtils.withRetryMappingExceptions(RetryUtils.java:305)
	at dev.langchain4j.model.ollama.OllamaChatModel.doChat(OllamaChatModel.java:41)
	at dev.langchain4j.model.chat.ChatModel.chat(ChatModel.java:46)
	at dev.langchain4j.model.chat.ChatModel.chat(ChatModel.java:76)
	at com.river.LegalAssistant.service.advanced.LegalQueryRouter.classifyByAI(LegalQueryRouter.java:147)
	at com.river.LegalAssistant.service.advanced.LegalQueryRouter.analyzeQuery(LegalQueryRouter.java:102)
	at com.river.LegalAssistant.service.advanced.LegalQueryRouter.route(LegalQueryRouter.java:77)
	at dev.langchain4j.rag.DefaultRetrievalAugmentor.lambda$process$1(DefaultRetrievalAugmentor.java:180)
	at java.base/java.util.concurrent.CompletableFuture$AsyncSupply.run(CompletableFuture.java:1768)
	at java.base/java.util.concurrent.ThreadPoolExecutor.runWorker(ThreadPoolExecutor.java:1144)
	at java.base/java.util.concurrent.ThreadPoolExecutor$Worker.run(ThreadPoolExecutor.java:642)
	at java.base/java.lang.Thread.run(Thread.java:1583)
Caused by: java.net.http.HttpTimeoutException: request timed out
	at java.net.http/jdk.internal.net.http.HttpClientImpl.send(HttpClientImpl.java:949)
	at java.net.http/jdk.internal.net.http.HttpClientFacade.send(HttpClientFacade.java:133)
	at dev.langchain4j.http.client.jdk.JdkHttpClient.execute(JdkHttpClient.java:50)
	... 19 common frames omitted
2026-03-09 14:33:54.915 [pool-5-thread-58] WARN  dev.langchain4j.internal.RetryUtils - A retriable exception occurred. Remaining retries: 2 of 2
dev.langchain4j.exception.TimeoutException: request timed out
	at dev.langchain4j.http.client.jdk.JdkHttpClient.execute(JdkHttpClient.java:58)
	at dev.langchain4j.model.ollama.OllamaClient.chat(OllamaClient.java:102)
	at dev.langchain4j.model.ollama.OllamaChatModel.lambda$doChat$0(OllamaChatModel.java:41)
	at dev.langchain4j.internal.ExceptionMapper.withExceptionMapper(ExceptionMapper.java:29)
	at dev.langchain4j.internal.RetryUtils.lambda$withRetryMappingExceptions$1(RetryUtils.java:322)
	at dev.langchain4j.internal.RetryUtils$RetryPolicy.withRetry(RetryUtils.java:204)
	at dev.langchain4j.internal.RetryUtils.withRetry(RetryUtils.java:259)
	at dev.langchain4j.internal.RetryUtils.withRetryMappingExceptions(RetryUtils.java:322)
	at dev.langchain4j.internal.RetryUtils.withRetryMappingExceptions(RetryUtils.java:305)
	at dev.langchain4j.model.ollama.OllamaChatModel.doChat(OllamaChatModel.java:41)
	at dev.langchain4j.model.chat.ChatModel.chat(ChatModel.java:46)
	at dev.langchain4j.model.chat.ChatModel.chat(ChatModel.java:76)
	at com.river.LegalAssistant.service.advanced.LegalQueryRouter.classifyByAI(LegalQueryRouter.java:147)
	at com.river.LegalAssistant.service.advanced.LegalQueryRouter.analyzeQuery(LegalQueryRouter.java:102)
	at com.river.LegalAssistant.service.advanced.LegalQueryRouter.route(LegalQueryRouter.java:77)
	at dev.langchain4j.rag.DefaultRetrievalAugmentor.lambda$process$1(DefaultRetrievalAugmentor.java:180)
	at java.base/java.util.concurrent.CompletableFuture$AsyncSupply.run(CompletableFuture.java:1768)
	at java.base/java.util.concurrent.ThreadPoolExecutor.runWorker(ThreadPoolExecutor.java:1144)
	at java.base/java.util.concurrent.ThreadPoolExecutor$Worker.run(ThreadPoolExecutor.java:642)
	at java.base/java.lang.Thread.run(Thread.java:1583)
Caused by: java.net.http.HttpTimeoutException: request timed out
	at java.net.http/jdk.internal.net.http.HttpClientImpl.send(HttpClientImpl.java:949)
	at java.net.http/jdk.internal.net.http.HttpClientFacade.send(HttpClientFacade.java:133)
	at dev.langchain4j.http.client.jdk.JdkHttpClient.execute(JdkHttpClient.java:50)
	... 19 common frames omitted
2026-03-09 14:33:54.915 [pool-5-thread-62] WARN  dev.langchain4j.internal.RetryUtils - A retriable exception occurred. Remaining retries: 2 of 2
dev.langchain4j.exception.TimeoutException: request timed out
	at dev.langchain4j.http.client.jdk.JdkHttpClient.execute(JdkHttpClient.java:58)
	at dev.langchain4j.model.ollama.OllamaClient.chat(OllamaClient.java:102)
	at dev.langchain4j.model.ollama.OllamaChatModel.lambda$doChat$0(OllamaChatModel.java:41)
	at dev.langchain4j.internal.ExceptionMapper.withExceptionMapper(ExceptionMapper.java:29)
	at dev.langchain4j.internal.RetryUtils.lambda$withRetryMappingExceptions$1(RetryUtils.java:322)
	at dev.langchain4j.internal.RetryUtils$RetryPolicy.withRetry(RetryUtils.java:204)
	at dev.langchain4j.internal.RetryUtils.withRetry(RetryUtils.java:259)
	at dev.langchain4j.internal.RetryUtils.withRetryMappingExceptions(RetryUtils.java:322)
	at dev.langchain4j.internal.RetryUtils.withRetryMappingExceptions(RetryUtils.java:305)
	at dev.langchain4j.model.ollama.OllamaChatModel.doChat(OllamaChatModel.java:41)
	at dev.langchain4j.model.chat.ChatModel.chat(ChatModel.java:46)
	at dev.langchain4j.model.chat.ChatModel.chat(ChatModel.java:76)
	at com.river.LegalAssistant.service.advanced.LegalQueryRouter.classifyByAI(LegalQueryRouter.java:147)
	at com.river.LegalAssistant.service.advanced.LegalQueryRouter.analyzeQuery(LegalQueryRouter.java:102)
	at com.river.LegalAssistant.service.advanced.LegalQueryRouter.route(LegalQueryRouter.java:77)
	at dev.langchain4j.rag.DefaultRetrievalAugmentor.lambda$process$1(DefaultRetrievalAugmentor.java:180)
	at java.base/java.util.concurrent.CompletableFuture$AsyncSupply.run(CompletableFuture.java:1768)
	at java.base/java.util.concurrent.ThreadPoolExecutor.runWorker(ThreadPoolExecutor.java:1144)
	at java.base/java.util.concurrent.ThreadPoolExecutor$Worker.run(ThreadPoolExecutor.java:642)
	at java.base/java.lang.Thread.run(Thread.java:1583)
Caused by: java.net.http.HttpTimeoutException: request timed out
	at java.net.http/jdk.internal.net.http.HttpClientImpl.send(HttpClientImpl.java:949)
	at java.net.http/jdk.internal.net.http.HttpClientFacade.send(HttpClientFacade.java:133)
	at dev.langchain4j.http.client.jdk.JdkHttpClient.execute(JdkHttpClient.java:50)
	... 19 common frames omitted
2026-03-09 14:33:54.915 [pool-5-thread-63] WARN  dev.langchain4j.internal.RetryUtils - A retriable exception occurred. Remaining retries: 2 of 2
dev.langchain4j.exception.TimeoutException: request timed out
	at dev.langchain4j.http.client.jdk.JdkHttpClient.execute(JdkHttpClient.java:58)
	at dev.langchain4j.model.ollama.OllamaClient.chat(OllamaClient.java:102)
	at dev.langchain4j.model.ollama.OllamaChatModel.lambda$doChat$0(OllamaChatModel.java:41)
	at dev.langchain4j.internal.ExceptionMapper.withExceptionMapper(ExceptionMapper.java:29)
	at dev.langchain4j.internal.RetryUtils.lambda$withRetryMappingExceptions$1(RetryUtils.java:322)
	at dev.langchain4j.internal.RetryUtils$RetryPolicy.withRetry(RetryUtils.java:204)
	at dev.langchain4j.internal.RetryUtils.withRetry(RetryUtils.java:259)
	at dev.langchain4j.internal.RetryUtils.withRetryMappingExceptions(RetryUtils.java:322)
	at dev.langchain4j.internal.RetryUtils.withRetryMappingExceptions(RetryUtils.java:305)
	at dev.langchain4j.model.ollama.OllamaChatModel.doChat(OllamaChatModel.java:41)
	at dev.langchain4j.model.chat.ChatModel.chat(ChatModel.java:46)
	at dev.langchain4j.model.chat.ChatModel.chat(ChatModel.java:76)
	at com.river.LegalAssistant.service.advanced.LegalQueryRouter.classifyByAI(LegalQueryRouter.java:147)
	at com.river.LegalAssistant.service.advanced.LegalQueryRouter.analyzeQuery(LegalQueryRouter.java:102)
	at com.river.LegalAssistant.service.advanced.LegalQueryRouter.route(LegalQueryRouter.java:77)
	at dev.langchain4j.rag.DefaultRetrievalAugmentor.lambda$process$1(DefaultRetrievalAugmentor.java:180)
	at java.base/java.util.concurrent.CompletableFuture$AsyncSupply.run(CompletableFuture.java:1768)
	at java.base/java.util.concurrent.ThreadPoolExecutor.runWorker(ThreadPoolExecutor.java:1144)
	at java.base/java.util.concurrent.ThreadPoolExecutor$Worker.run(ThreadPoolExecutor.java:642)
	at java.base/java.lang.Thread.run(Thread.java:1583)
Caused by: java.net.http.HttpTimeoutException: request timed out
	at java.net.http/jdk.internal.net.http.HttpClientImpl.send(HttpClientImpl.java:949)
	at java.net.http/jdk.internal.net.http.HttpClientFacade.send(HttpClientFacade.java:133)
	at dev.langchain4j.http.client.jdk.JdkHttpClient.execute(JdkHttpClient.java:50)
	... 19 common frames omitted
2026-03-09 14:35:55.552 [pool-5-thread-59] WARN  dev.langchain4j.internal.RetryUtils - A retriable exception occurred. Remaining retries: 1 of 2
dev.langchain4j.exception.TimeoutException: request timed out
	at dev.langchain4j.http.client.jdk.JdkHttpClient.execute(JdkHttpClient.java:58)
	at dev.langchain4j.model.ollama.OllamaClient.chat(OllamaClient.java:102)
	at dev.langchain4j.model.ollama.OllamaChatModel.lambda$doChat$0(OllamaChatModel.java:41)
	at dev.langchain4j.internal.ExceptionMapper.withExceptionMapper(ExceptionMapper.java:29)
	at dev.langchain4j.internal.RetryUtils.lambda$withRetryMappingExceptions$1(RetryUtils.java:322)
	at dev.langchain4j.internal.RetryUtils$RetryPolicy.withRetry(RetryUtils.java:204)
	at dev.langchain4j.internal.RetryUtils.withRetry(RetryUtils.java:259)
	at dev.langchain4j.internal.RetryUtils.withRetryMappingExceptions(RetryUtils.java:322)
	at dev.langchain4j.internal.RetryUtils.withRetryMappingExceptions(RetryUtils.java:305)
	at dev.langchain4j.model.ollama.OllamaChatModel.doChat(OllamaChatModel.java:41)
	at dev.langchain4j.model.chat.ChatModel.chat(ChatModel.java:46)
	at dev.langchain4j.model.chat.ChatModel.chat(ChatModel.java:76)
	at com.river.LegalAssistant.service.advanced.LegalQueryRouter.classifyByAI(LegalQueryRouter.java:147)
	at com.river.LegalAssistant.service.advanced.LegalQueryRouter.analyzeQuery(LegalQueryRouter.java:102)
	at com.river.LegalAssistant.service.advanced.LegalQueryRouter.route(LegalQueryRouter.java:77)
	at dev.langchain4j.rag.DefaultRetrievalAugmentor.lambda$process$1(DefaultRetrievalAugmentor.java:180)
	at java.base/java.util.concurrent.CompletableFuture$AsyncSupply.run(CompletableFuture.java:1768)
	at java.base/java.util.concurrent.ThreadPoolExecutor.runWorker(ThreadPoolExecutor.java:1144)
	at java.base/java.util.concurrent.ThreadPoolExecutor$Worker.run(ThreadPoolExecutor.java:642)
	at java.base/java.lang.Thread.run(Thread.java:1583)
Caused by: java.net.http.HttpTimeoutException: request timed out
	at java.net.http/jdk.internal.net.http.HttpClientImpl.send(HttpClientImpl.java:949)
	at java.net.http/jdk.internal.net.http.HttpClientFacade.send(HttpClientFacade.java:133)
	at dev.langchain4j.http.client.jdk.JdkHttpClient.execute(JdkHttpClient.java:50)
	... 19 common frames omitted
2026-03-09 14:35:55.552 [pool-5-thread-63] WARN  dev.langchain4j.internal.RetryUtils - A retriable exception occurred. Remaining retries: 1 of 2
dev.langchain4j.exception.TimeoutException: request timed out
	at dev.langchain4j.http.client.jdk.JdkHttpClient.execute(JdkHttpClient.java:58)
	at dev.langchain4j.model.ollama.OllamaClient.chat(OllamaClient.java:102)
	at dev.langchain4j.model.ollama.OllamaChatModel.lambda$doChat$0(OllamaChatModel.java:41)
	at dev.langchain4j.internal.ExceptionMapper.withExceptionMapper(ExceptionMapper.java:29)
	at dev.langchain4j.internal.RetryUtils.lambda$withRetryMappingExceptions$1(RetryUtils.java:322)
	at dev.langchain4j.internal.RetryUtils$RetryPolicy.withRetry(RetryUtils.java:204)
	at dev.langchain4j.internal.RetryUtils.withRetry(RetryUtils.java:259)
	at dev.langchain4j.internal.RetryUtils.withRetryMappingExceptions(RetryUtils.java:322)
	at dev.langchain4j.internal.RetryUtils.withRetryMappingExceptions(RetryUtils.java:305)
	at dev.langchain4j.model.ollama.OllamaChatModel.doChat(OllamaChatModel.java:41)
	at dev.langchain4j.model.chat.ChatModel.chat(ChatModel.java:46)
	at dev.langchain4j.model.chat.ChatModel.chat(ChatModel.java:76)
	at com.river.LegalAssistant.service.advanced.LegalQueryRouter.classifyByAI(LegalQueryRouter.java:147)
	at com.river.LegalAssistant.service.advanced.LegalQueryRouter.analyzeQuery(LegalQueryRouter.java:102)
	at com.river.LegalAssistant.service.advanced.LegalQueryRouter.route(LegalQueryRouter.java:77)
	at dev.langchain4j.rag.DefaultRetrievalAugmentor.lambda$process$1(DefaultRetrievalAugmentor.java:180)
	at java.base/java.util.concurrent.CompletableFuture$AsyncSupply.run(CompletableFuture.java:1768)
	at java.base/java.util.concurrent.ThreadPoolExecutor.runWorker(ThreadPoolExecutor.java:1144)
	at java.base/java.util.concurrent.ThreadPoolExecutor$Worker.run(ThreadPoolExecutor.java:642)
	at java.base/java.lang.Thread.run(Thread.java:1583)
Caused by: java.net.http.HttpTimeoutException: request timed out
	at java.net.http/jdk.internal.net.http.HttpClientImpl.send(HttpClientImpl.java:949)
	at java.net.http/jdk.internal.net.http.HttpClientFacade.send(HttpClientFacade.java:133)
	at dev.langchain4j.http.client.jdk.JdkHttpClient.execute(JdkHttpClient.java:50)
	... 19 common frames omitted
2026-03-09 14:35:55.552 [pool-5-thread-58] WARN  dev.langchain4j.internal.RetryUtils - A retriable exception occurred. Remaining retries: 1 of 2
dev.langchain4j.exception.TimeoutException: request timed out
	at dev.langchain4j.http.client.jdk.JdkHttpClient.execute(JdkHttpClient.java:58)
	at dev.langchain4j.model.ollama.OllamaClient.chat(OllamaClient.java:102)
	at dev.langchain4j.model.ollama.OllamaChatModel.lambda$doChat$0(OllamaChatModel.java:41)
	at dev.langchain4j.internal.ExceptionMapper.withExceptionMapper(ExceptionMapper.java:29)
	at dev.langchain4j.internal.RetryUtils.lambda$withRetryMappingExceptions$1(RetryUtils.java:322)
	at dev.langchain4j.internal.RetryUtils$RetryPolicy.withRetry(RetryUtils.java:204)
	at dev.langchain4j.internal.RetryUtils.withRetry(RetryUtils.java:259)
	at dev.langchain4j.internal.RetryUtils.withRetryMappingExceptions(RetryUtils.java:322)
	at dev.langchain4j.internal.RetryUtils.withRetryMappingExceptions(RetryUtils.java:305)
	at dev.langchain4j.model.ollama.OllamaChatModel.doChat(OllamaChatModel.java:41)
	at dev.langchain4j.model.chat.ChatModel.chat(ChatModel.java:46)
	at dev.langchain4j.model.chat.ChatModel.chat(ChatModel.java:76)
	at com.river.LegalAssistant.service.advanced.LegalQueryRouter.classifyByAI(LegalQueryRouter.java:147)
	at com.river.LegalAssistant.service.advanced.LegalQueryRouter.analyzeQuery(LegalQueryRouter.java:102)
	at com.river.LegalAssistant.service.advanced.LegalQueryRouter.route(LegalQueryRouter.java:77)
	at dev.langchain4j.rag.DefaultRetrievalAugmentor.lambda$process$1(DefaultRetrievalAugmentor.java:180)
	at java.base/java.util.concurrent.CompletableFuture$AsyncSupply.run(CompletableFuture.java:1768)
	at java.base/java.util.concurrent.ThreadPoolExecutor.runWorker(ThreadPoolExecutor.java:1144)
	at java.base/java.util.concurrent.ThreadPoolExecutor$Worker.run(ThreadPoolExecutor.java:642)
	at java.base/java.lang.Thread.run(Thread.java:1583)
Caused by: java.net.http.HttpTimeoutException: request timed out
	at java.net.http/jdk.internal.net.http.HttpClientImpl.send(HttpClientImpl.java:949)
	at java.net.http/jdk.internal.net.http.HttpClientFacade.send(HttpClientFacade.java:133)
	at dev.langchain4j.http.client.jdk.JdkHttpClient.execute(JdkHttpClient.java:50)
	... 19 common frames omitted
2026-03-09 14:35:55.552 [pool-5-thread-60] WARN  dev.langchain4j.internal.RetryUtils - A retriable exception occurred. Remaining retries: 1 of 2
dev.langchain4j.exception.TimeoutException: request timed out
	at dev.langchain4j.http.client.jdk.JdkHttpClient.execute(JdkHttpClient.java:58)
	at dev.langchain4j.model.ollama.OllamaClient.chat(OllamaClient.java:102)
	at dev.langchain4j.model.ollama.OllamaChatModel.lambda$doChat$0(OllamaChatModel.java:41)
	at dev.langchain4j.internal.ExceptionMapper.withExceptionMapper(ExceptionMapper.java:29)
	at dev.langchain4j.internal.RetryUtils.lambda$withRetryMappingExceptions$1(RetryUtils.java:322)
	at dev.langchain4j.internal.RetryUtils$RetryPolicy.withRetry(RetryUtils.java:204)
	at dev.langchain4j.internal.RetryUtils.withRetry(RetryUtils.java:259)
	at dev.langchain4j.internal.RetryUtils.withRetryMappingExceptions(RetryUtils.java:322)
	at dev.langchain4j.internal.RetryUtils.withRetryMappingExceptions(RetryUtils.java:305)
	at dev.langchain4j.model.ollama.OllamaChatModel.doChat(OllamaChatModel.java:41)
	at dev.langchain4j.model.chat.ChatModel.chat(ChatModel.java:46)
	at dev.langchain4j.model.chat.ChatModel.chat(ChatModel.java:76)
	at com.river.LegalAssistant.service.advanced.LegalQueryRouter.classifyByAI(LegalQueryRouter.java:147)
	at com.river.LegalAssistant.service.advanced.LegalQueryRouter.analyzeQuery(LegalQueryRouter.java:102)
	at com.river.LegalAssistant.service.advanced.LegalQueryRouter.route(LegalQueryRouter.java:77)
	at dev.langchain4j.rag.DefaultRetrievalAugmentor.lambda$process$1(DefaultRetrievalAugmentor.java:180)
	at java.base/java.util.concurrent.CompletableFuture$AsyncSupply.run(CompletableFuture.java:1768)
	at java.base/java.util.concurrent.ThreadPoolExecutor.runWorker(ThreadPoolExecutor.java:1144)
	at java.base/java.util.concurrent.ThreadPoolExecutor$Worker.run(ThreadPoolExecutor.java:642)
	at java.base/java.lang.Thread.run(Thread.java:1583)
Caused by: java.net.http.HttpTimeoutException: request timed out
	at java.net.http/jdk.internal.net.http.HttpClientImpl.send(HttpClientImpl.java:949)
	at java.net.http/jdk.internal.net.http.HttpClientFacade.send(HttpClientFacade.java:133)
	at dev.langchain4j.http.client.jdk.JdkHttpClient.execute(JdkHttpClient.java:50)
	... 19 common frames omitted
2026-03-09 14:35:55.552 [pool-5-thread-62] WARN  dev.langchain4j.internal.RetryUtils - A retriable exception occurred. Remaining retries: 1 of 2
dev.langchain4j.exception.TimeoutException: request timed out
	at dev.langchain4j.http.client.jdk.JdkHttpClient.execute(JdkHttpClient.java:58)
	at dev.langchain4j.model.ollama.OllamaClient.chat(OllamaClient.java:102)
	at dev.langchain4j.model.ollama.OllamaChatModel.lambda$doChat$0(OllamaChatModel.java:41)
	at dev.langchain4j.internal.ExceptionMapper.withExceptionMapper(ExceptionMapper.java:29)
	at dev.langchain4j.internal.RetryUtils.lambda$withRetryMappingExceptions$1(RetryUtils.java:322)
	at dev.langchain4j.internal.RetryUtils$RetryPolicy.withRetry(RetryUtils.java:204)
	at dev.langchain4j.internal.RetryUtils.withRetry(RetryUtils.java:259)
	at dev.langchain4j.internal.RetryUtils.withRetryMappingExceptions(RetryUtils.java:322)
	at dev.langchain4j.internal.RetryUtils.withRetryMappingExceptions(RetryUtils.java:305)
	at dev.langchain4j.model.ollama.OllamaChatModel.doChat(OllamaChatModel.java:41)
	at dev.langchain4j.model.chat.ChatModel.chat(ChatModel.java:46)
	at dev.langchain4j.model.chat.ChatModel.chat(ChatModel.java:76)
	at com.river.LegalAssistant.service.advanced.LegalQueryRouter.classifyByAI(LegalQueryRouter.java:147)
	at com.river.LegalAssistant.service.advanced.LegalQueryRouter.analyzeQuery(LegalQueryRouter.java:102)
	at com.river.LegalAssistant.service.advanced.LegalQueryRouter.route(LegalQueryRouter.java:77)
	at dev.langchain4j.rag.DefaultRetrievalAugmentor.lambda$process$1(DefaultRetrievalAugmentor.java:180)
	at java.base/java.util.concurrent.CompletableFuture$AsyncSupply.run(CompletableFuture.java:1768)
	at java.base/java.util.concurrent.ThreadPoolExecutor.runWorker(ThreadPoolExecutor.java:1144)
	at java.base/java.util.concurrent.ThreadPoolExecutor$Worker.run(ThreadPoolExecutor.java:642)
	at java.base/java.lang.Thread.run(Thread.java:1583)
Caused by: java.net.http.HttpTimeoutException: request timed out
	at java.net.http/jdk.internal.net.http.HttpClientImpl.send(HttpClientImpl.java:949)
	at java.net.http/jdk.internal.net.http.HttpClientFacade.send(HttpClientFacade.java:133)
	at dev.langchain4j.http.client.jdk.JdkHttpClient.execute(JdkHttpClient.java:50)
	... 19 common frames omitted
2026-03-09 14:35:55.552 [pool-5-thread-61] WARN  dev.langchain4j.internal.RetryUtils - A retriable exception occurred. Remaining retries: 1 of 2
dev.langchain4j.exception.TimeoutException: request timed out
	at dev.langchain4j.http.client.jdk.JdkHttpClient.execute(JdkHttpClient.java:58)
	at dev.langchain4j.model.ollama.OllamaClient.chat(OllamaClient.java:102)
	at dev.langchain4j.model.ollama.OllamaChatModel.lambda$doChat$0(OllamaChatModel.java:41)
	at dev.langchain4j.internal.ExceptionMapper.withExceptionMapper(ExceptionMapper.java:29)
	at dev.langchain4j.internal.RetryUtils.lambda$withRetryMappingExceptions$1(RetryUtils.java:322)
	at dev.langchain4j.internal.RetryUtils$RetryPolicy.withRetry(RetryUtils.java:204)
	at dev.langchain4j.internal.RetryUtils.withRetry(RetryUtils.java:259)
	at dev.langchain4j.internal.RetryUtils.withRetryMappingExceptions(RetryUtils.java:322)
	at dev.langchain4j.internal.RetryUtils.withRetryMappingExceptions(RetryUtils.java:305)
	at dev.langchain4j.model.ollama.OllamaChatModel.doChat(OllamaChatModel.java:41)
	at dev.langchain4j.model.chat.ChatModel.chat(ChatModel.java:46)
	at dev.langchain4j.model.chat.ChatModel.chat(ChatModel.java:76)
	at com.river.LegalAssistant.service.advanced.LegalQueryRouter.classifyByAI(LegalQueryRouter.java:147)
	at com.river.LegalAssistant.service.advanced.LegalQueryRouter.analyzeQuery(LegalQueryRouter.java:102)
	at com.river.LegalAssistant.service.advanced.LegalQueryRouter.route(LegalQueryRouter.java:77)
	at dev.langchain4j.rag.DefaultRetrievalAugmentor.lambda$process$1(DefaultRetrievalAugmentor.java:180)
	at java.base/java.util.concurrent.CompletableFuture$AsyncSupply.run(CompletableFuture.java:1768)
	at java.base/java.util.concurrent.ThreadPoolExecutor.runWorker(ThreadPoolExecutor.java:1144)
	at java.base/java.util.concurrent.ThreadPoolExecutor$Worker.run(ThreadPoolExecutor.java:642)
	at java.base/java.lang.Thread.run(Thread.java:1583)
Caused by: java.net.http.HttpTimeoutException: request timed out
	at java.net.http/jdk.internal.net.http.HttpClientImpl.send(HttpClientImpl.java:949)
	at java.net.http/jdk.internal.net.http.HttpClientFacade.send(HttpClientFacade.java:133)
	at dev.langchain4j.http.client.jdk.JdkHttpClient.execute(JdkHttpClient.java:50)
	... 19 common frames omitted
2026-03-09 14:37:56.439 [pool-5-thread-58] WARN  c.r.L.s.advanced.LegalQueryRouter - AI查询分类失败: request timed out
2026-03-09 14:37:56.439 [pool-5-thread-60] WARN  c.r.L.s.advanced.LegalQueryRouter - AI查询分类失败: request timed out
2026-03-09 14:37:56.439 [pool-5-thread-62] WARN  c.r.L.s.advanced.LegalQueryRouter - AI查询分类失败: request timed out
2026-03-09 14:37:56.453 [pool-5-thread-62] INFO  c.r.L.s.advanced.LegalQueryRouter - 为查询类型 GENERAL 选择了 1 个检索器
2026-03-09 14:37:56.454 [pool-5-thread-60] INFO  c.r.L.s.advanced.LegalQueryRouter - 为查询类型 DISPUTE_RESOLUTION 选择了 3 个检索器
2026-03-09 14:37:56.455 [pool-5-thread-58] INFO  c.r.L.s.advanced.LegalQueryRouter - 为查询类型 RISK_ASSESSMENT 选择了 2 个检索器
2026-03-09 14:37:56.456 [pool-5-thread-61] WARN  c.r.L.s.advanced.LegalQueryRouter - AI查询分类失败: request timed out
2026-03-09 14:37:56.456 [pool-5-thread-61] INFO  c.r.L.s.advanced.LegalQueryRouter - 为查询类型 CONTRACT_ANALYSIS 选择了 2 个检索器
2026-03-09 14:37:56.457 [pool-5-thread-63] WARN  c.r.L.s.advanced.LegalQueryRouter - AI查询分类失败: request timed out
2026-03-09 14:37:56.458 [pool-5-thread-63] INFO  c.r.L.s.advanced.LegalQueryRouter - 为查询类型 RISK_ASSESSMENT 选择了 2 个检索器
2026-03-09 14:37:56.462 [pool-5-thread-64] INFO  c.r.L.s.a.LegalContentRetriever - 多源检索法律内容: 平台对消费者投诉和商品质量争议有哪些处理义务？
2026-03-09 14:37:56.464 [pool-5-thread-68] INFO  c.r.L.s.a.LegalContentRetriever - 多源检索法律内容: 注意 披露 电商消费者权益 七天无理由退货 促销规则
2026-03-09 14:37:56.465 [pool-5-thread-66] INFO  c.r.L.s.a.LegalContentRetriever - 多源检索法律内容: 经营者披露促销规则时需要注意什么？
2026-03-09 14:37:56.465 [pool-5-thread-67] INFO  c.r.L.s.a.LegalContentRetriever - 多源检索法律内容: 促销与退货限制条款应如何真实显著披露？
2026-03-09 14:37:56.467 [pool-5-thread-62] INFO  c.r.L.s.a.LegalContentRetriever - 多源检索法律内容: 平台对消费者投诉和商品质量争议有哪些处理义务？
2026-03-09 14:37:56.467 [pool-5-thread-65] INFO  c.r.L.s.a.LegalContentRetriever - 多源检索法律内容: 消费者在该场景下通常有哪些救济路径？
2026-03-09 14:37:56.468 [pool-5-thread-69] INFO  c.r.L.s.a.LegalContentRetriever - 多源检索法律内容: 平台对消费者投诉和商品质量争议有哪些处理义务？
2026-03-09 14:37:56.469 [pool-5-thread-70] INFO  c.r.L.s.a.LegalContentRetriever - 多源检索法律内容: 促销与退货限制条款应如何真实显著披露？
2026-03-09 14:37:56.469 [pool-5-thread-72] INFO  c.r.L.s.a.LegalContentRetriever - 多源检索法律内容: 经营者披露促销规则时需要注意什么？
2026-03-09 14:37:56.469 [pool-5-thread-71] INFO  c.r.L.s.a.LegalContentRetriever - 多源检索法律内容: 注意 披露 电商消费者权益 七天无理由退货 促销规则
2026-03-09 14:37:56.471 [pool-5-thread-59] WARN  c.r.L.s.advanced.LegalQueryRouter - AI查询分类失败: request timed out
2026-03-09 14:37:56.472 [pool-5-thread-59] INFO  c.r.L.s.advanced.LegalQueryRouter - 为查询类型 DISPUTE_RESOLUTION 选择了 3 个检索器
2026-03-09 14:37:56.473 [pool-5-thread-58] INFO  c.r.L.s.a.LegalContentRetriever - 多源检索法律内容: 促销 电商消费者权益 七天无理由退货 促销规则 价格欺诈 商品质量争议 先行赔付
2026-03-09 14:37:56.473 [pool-5-thread-61] INFO  c.r.L.s.a.LegalContentRetriever - 多源检索法律内容: 促销 电商消费者权益 七天无理由退货 促销规则 价格欺诈 商品质量争议 先行赔付
2026-03-09 14:37:56.473 [pool-5-thread-63] INFO  c.r.L.s.a.LegalContentRetriever - 多源检索法律内容: 促销 电商消费者权益 七天无理由退货 促销规则 价格欺诈 商品质量争议 先行赔付
2026-03-09 14:37:59.499 [pool-5-thread-67] INFO  c.r.L.s.a.LegalContentRetriever - 多源检索完成，返回 6 个结果
2026-03-09 14:37:59.499 [pool-5-thread-68] INFO  c.r.L.s.a.LegalContentRetriever - 多源检索完成，返回 6 个结果
2026-03-09 14:37:59.500 [pool-5-thread-70] INFO  c.r.L.s.a.LegalContentRetriever - 多源检索完成，返回 6 个结果
2026-03-09 14:37:59.500 [pool-5-thread-69] INFO  c.r.L.s.a.LegalContentRetriever - 多源检索完成，返回 6 个结果
2026-03-09 14:37:59.500 [pool-5-thread-64] INFO  c.r.L.s.a.LegalContentRetriever - 多源检索完成，返回 6 个结果
2026-03-09 14:37:59.500 [pool-5-thread-66] INFO  c.r.L.s.a.LegalContentRetriever - 多源检索完成，返回 6 个结果
2026-03-09 14:37:59.501 [pool-5-thread-62] INFO  c.r.L.s.a.LegalContentRetriever - 多源检索完成，返回 6 个结果
2026-03-09 14:37:59.501 [pool-5-thread-61] INFO  c.r.L.s.a.LegalContentRetriever - 多源检索完成，返回 6 个结果
2026-03-09 14:37:59.501 [pool-5-thread-58] INFO  c.r.L.s.a.LegalContentRetriever - 多源检索完成，返回 6 个结果
2026-03-09 14:37:59.501 [pool-5-thread-65] INFO  c.r.L.s.a.LegalContentRetriever - 多源检索完成，返回 6 个结果
2026-03-09 14:37:59.533 [pool-5-thread-71] INFO  c.r.L.s.a.LegalContentRetriever - 多源检索完成，返回 6 个结果
2026-03-09 14:37:59.546 [pool-5-thread-72] INFO  c.r.L.s.a.LegalContentRetriever - 多源检索完成，返回 6 个结果
2026-03-09 14:37:59.565 [pool-5-thread-63] INFO  c.r.L.s.a.LegalContentRetriever - 多源检索完成，返回 6 个结果
2026-03-09 14:37:59.566 [http-nio-18080-exec-4] INFO  c.r.L.s.a.LegalContentAggregator - 开始聚合法律内容，共 6 个查询，总内容数: 78
2026-03-09 14:37:59.577 [http-nio-18080-exec-4] INFO  c.r.L.s.a.LegalContentAggregator - 内容聚合完成，返回 6 个结果
2026-03-09 14:37:59.578 [http-nio-18080-exec-4] INFO  c.r.L.s.a.LegalContentInjector - 注入法律内容到用户消息，内容数量: 6
2026-03-09 14:37:59.578 [http-nio-18080-exec-4] INFO  c.r.L.s.a.LegalContentInjector - 法律内容注入完成，增强消息长度: 260
2026-03-09 14:38:04.866 [http-nio-18080-exec-4] WARN  c.r.L.service.PromptTemplateService - 模板变量未提供: source
2026-03-09 14:38:25.653 [http-nio-18080-exec-4] INFO  c.r.L.s.a.AdvancedLegalRagService - Advanced RAG answer generated, sessionId=default, sourceCount=6, generationModel=deepseek-chat, durationMs=390832
2026-03-09 14:38:25.654 [http-nio-18080-exec-4] INFO  c.r.L.c.UnifiedChatController - 统一聊天请求处理完成，耗时: 390833 ms
2026-03-09 14:38:25.657 [http-nio-18080-exec-4] INFO  c.r.L.filter.RequestTrackingFilter - [REQUEST_END] traceId=1ab6c32f, method=POST, uri=/api/v1/chat, status=200, duration=390837ms
2026-03-09 14:38:25.888 [http-nio-18080-exec-6] INFO  c.r.L.c.UnifiedChatController - 收到统一聊天请求: message=请分析一个直播电商页面同时存在先涨价再打折和退货限制条款时的主要消费者合规风险。, modelType=UNIFIED, conversationId=null, useKnowledgeBase=true
2026-03-09 14:38:25.888 [http-nio-18080-exec-6] INFO  c.r.L.c.UnifiedChatController - Unified mode routed to Advanced Agent for complex analysis
2026-03-09 14:38:31.795 [http-nio-18080-exec-6] INFO  c.r.L.service.AgentService - 处理法律咨询请求: 请分析一个直播电商页面同时存在先涨价再打折和退货限制条款时的主要消费者合规风险。, 会话ID: default
2026-03-09 14:38:31.796 [http-nio-18080-exec-6] INFO  c.r.L.service.AgentService - ✅ 使用 DeepSeek 高级模型处理请求（详细版），会话: default
2026-03-09 14:39:40.715 [http-nio-18080-exec-6] INFO  c.r.L.service.AgentService - ✅ DeepSeek响应成功，响应长度: 2824
2026-03-09 14:39:40.715 [http-nio-18080-exec-6] INFO  c.r.L.service.AgentService - 📊 最终使用模型: DeepSeek AI Agent (deepseek-chat), 会话: default
2026-03-09 14:39:40.716 [http-nio-18080-exec-6] INFO  c.r.L.c.UnifiedChatController - 统一聊天请求处理完成，耗时: 74828 ms
2026-03-09 14:39:40.717 [http-nio-18080-exec-6] INFO  c.r.L.filter.RequestTrackingFilter - [REQUEST_END] traceId=1f4f813a, method=POST, uri=/api/v1/chat, status=200, duration=74831ms
2026-03-09 14:39:40.764 [http-nio-18080-exec-7] INFO  c.r.L.c.UnifiedChatController - 收到统一聊天请求: message=平台对商品质量争议通常有哪些先行处理义务？, modelType=ADVANCED_RAG, conversationId=null, useKnowledgeBase=true
2026-03-09 14:39:40.765 [http-nio-18080-exec-7] INFO  c.r.L.s.a.AdvancedLegalRagService - Advanced RAG chat request received, sessionId=default
2026-03-09 14:39:40.766 [http-nio-18080-exec-7] INFO  c.r.L.s.a.LegalQueryTransformer - 转换法律查询: 平台对商品质量争议通常有哪些先行处理义务？
2026-03-09 14:39:40.767 [http-nio-18080-exec-7] INFO  c.r.L.s.a.LegalQueryTransformer - 查询转换完成，原始1个查询扩展为7个查询
2026-03-09 14:39:40.768 [pool-5-thread-73] INFO  c.r.L.s.advanced.LegalQueryRouter - 路由法律查询: 平台对商品质量争议通常有哪些先行处理义务？
2026-03-09 14:39:40.769 [pool-5-thread-74] INFO  c.r.L.s.advanced.LegalQueryRouter - 路由法律查询: 平台对商品质量争议通常有哪些先行处理法定义务？
2026-03-09 14:39:40.769 [pool-5-thread-75] INFO  c.r.L.s.advanced.LegalQueryRouter - 路由法律查询: 义务 商品质量 电商消费者权益 七天无理由退货 促销规则 价格欺诈 商品质量争议 先行赔付
2026-03-09 14:39:40.769 [pool-5-thread-77] INFO  c.r.L.s.advanced.LegalQueryRouter - 路由法律查询: 促销与退货限制条款应如何真实显著披露？
2026-03-09 14:39:40.770 [pool-5-thread-76] INFO  c.r.L.s.advanced.LegalQueryRouter - 路由法律查询: 平台对消费者投诉和商品质量争议有哪些处理义务？
2026-03-09 14:39:40.770 [pool-5-thread-78] INFO  c.r.L.s.advanced.LegalQueryRouter - 路由法律查询: 消费者在该场景下通常有哪些救济路径？
2026-03-09 14:39:40.771 [pool-5-thread-79] INFO  c.r.L.s.advanced.LegalQueryRouter - 路由法律查询: 义务 处理 争议 电商消费者权益 七天无理由退货 促销规则
2026-03-09 14:41:41.004 [pool-5-thread-79] WARN  dev.langchain4j.internal.RetryUtils - A retriable exception occurred. Remaining retries: 2 of 2
dev.langchain4j.exception.TimeoutException: request timed out
	at dev.langchain4j.http.client.jdk.JdkHttpClient.execute(JdkHttpClient.java:58)
	at dev.langchain4j.model.ollama.OllamaClient.chat(OllamaClient.java:102)
	at dev.langchain4j.model.ollama.OllamaChatModel.lambda$doChat$0(OllamaChatModel.java:41)
	at dev.langchain4j.internal.ExceptionMapper.withExceptionMapper(ExceptionMapper.java:29)
	at dev.langchain4j.internal.RetryUtils.lambda$withRetryMappingExceptions$1(RetryUtils.java:322)
	at dev.langchain4j.internal.RetryUtils$RetryPolicy.withRetry(RetryUtils.java:204)
	at dev.langchain4j.internal.RetryUtils.withRetry(RetryUtils.java:259)
	at dev.langchain4j.internal.RetryUtils.withRetryMappingExceptions(RetryUtils.java:322)
	at dev.langchain4j.internal.RetryUtils.withRetryMappingExceptions(RetryUtils.java:305)
	at dev.langchain4j.model.ollama.OllamaChatModel.doChat(OllamaChatModel.java:41)
	at dev.langchain4j.model.chat.ChatModel.chat(ChatModel.java:46)
	at dev.langchain4j.model.chat.ChatModel.chat(ChatModel.java:76)
	at com.river.LegalAssistant.service.advanced.LegalQueryRouter.classifyByAI(LegalQueryRouter.java:147)
	at com.river.LegalAssistant.service.advanced.LegalQueryRouter.analyzeQuery(LegalQueryRouter.java:102)
	at com.river.LegalAssistant.service.advanced.LegalQueryRouter.route(LegalQueryRouter.java:77)
	at dev.langchain4j.rag.DefaultRetrievalAugmentor.lambda$process$1(DefaultRetrievalAugmentor.java:180)
	at java.base/java.util.concurrent.CompletableFuture$AsyncSupply.run(CompletableFuture.java:1768)
	at java.base/java.util.concurrent.ThreadPoolExecutor.runWorker(ThreadPoolExecutor.java:1144)
	at java.base/java.util.concurrent.ThreadPoolExecutor$Worker.run(ThreadPoolExecutor.java:642)
	at java.base/java.lang.Thread.run(Thread.java:1583)
Caused by: java.net.http.HttpTimeoutException: request timed out
	at java.net.http/jdk.internal.net.http.HttpClientImpl.send(HttpClientImpl.java:949)
	at java.net.http/jdk.internal.net.http.HttpClientFacade.send(HttpClientFacade.java:133)
	at dev.langchain4j.http.client.jdk.JdkHttpClient.execute(JdkHttpClient.java:50)
	... 19 common frames omitted
2026-03-09 14:41:41.004 [pool-5-thread-78] WARN  dev.langchain4j.internal.RetryUtils - A retriable exception occurred. Remaining retries: 2 of 2
dev.langchain4j.exception.TimeoutException: request timed out
	at dev.langchain4j.http.client.jdk.JdkHttpClient.execute(JdkHttpClient.java:58)
	at dev.langchain4j.model.ollama.OllamaClient.chat(OllamaClient.java:102)
	at dev.langchain4j.model.ollama.OllamaChatModel.lambda$doChat$0(OllamaChatModel.java:41)
	at dev.langchain4j.internal.ExceptionMapper.withExceptionMapper(ExceptionMapper.java:29)
	at dev.langchain4j.internal.RetryUtils.lambda$withRetryMappingExceptions$1(RetryUtils.java:322)
	at dev.langchain4j.internal.RetryUtils$RetryPolicy.withRetry(RetryUtils.java:204)
	at dev.langchain4j.internal.RetryUtils.withRetry(RetryUtils.java:259)
	at dev.langchain4j.internal.RetryUtils.withRetryMappingExceptions(RetryUtils.java:322)
	at dev.langchain4j.internal.RetryUtils.withRetryMappingExceptions(RetryUtils.java:305)
	at dev.langchain4j.model.ollama.OllamaChatModel.doChat(OllamaChatModel.java:41)
	at dev.langchain4j.model.chat.ChatModel.chat(ChatModel.java:46)
	at dev.langchain4j.model.chat.ChatModel.chat(ChatModel.java:76)
	at com.river.LegalAssistant.service.advanced.LegalQueryRouter.classifyByAI(LegalQueryRouter.java:147)
	at com.river.LegalAssistant.service.advanced.LegalQueryRouter.analyzeQuery(LegalQueryRouter.java:102)
	at com.river.LegalAssistant.service.advanced.LegalQueryRouter.route(LegalQueryRouter.java:77)
	at dev.langchain4j.rag.DefaultRetrievalAugmentor.lambda$process$1(DefaultRetrievalAugmentor.java:180)
	at java.base/java.util.concurrent.CompletableFuture$AsyncSupply.run(CompletableFuture.java:1768)
	at java.base/java.util.concurrent.ThreadPoolExecutor.runWorker(ThreadPoolExecutor.java:1144)
	at java.base/java.util.concurrent.ThreadPoolExecutor$Worker.run(ThreadPoolExecutor.java:642)
	at java.base/java.lang.Thread.run(Thread.java:1583)
Caused by: java.net.http.HttpTimeoutException: request timed out
	at java.net.http/jdk.internal.net.http.HttpClientImpl.send(HttpClientImpl.java:949)
	at java.net.http/jdk.internal.net.http.HttpClientFacade.send(HttpClientFacade.java:133)
	at dev.langchain4j.http.client.jdk.JdkHttpClient.execute(JdkHttpClient.java:50)
	... 19 common frames omitted
2026-03-09 14:41:41.004 [pool-5-thread-76] WARN  dev.langchain4j.internal.RetryUtils - A retriable exception occurred. Remaining retries: 2 of 2
dev.langchain4j.exception.TimeoutException: request timed out
	at dev.langchain4j.http.client.jdk.JdkHttpClient.execute(JdkHttpClient.java:58)
	at dev.langchain4j.model.ollama.OllamaClient.chat(OllamaClient.java:102)
	at dev.langchain4j.model.ollama.OllamaChatModel.lambda$doChat$0(OllamaChatModel.java:41)
	at dev.langchain4j.internal.ExceptionMapper.withExceptionMapper(ExceptionMapper.java:29)
	at dev.langchain4j.internal.RetryUtils.lambda$withRetryMappingExceptions$1(RetryUtils.java:322)
	at dev.langchain4j.internal.RetryUtils$RetryPolicy.withRetry(RetryUtils.java:204)
	at dev.langchain4j.internal.RetryUtils.withRetry(RetryUtils.java:259)
	at dev.langchain4j.internal.RetryUtils.withRetryMappingExceptions(RetryUtils.java:322)
	at dev.langchain4j.internal.RetryUtils.withRetryMappingExceptions(RetryUtils.java:305)
	at dev.langchain4j.model.ollama.OllamaChatModel.doChat(OllamaChatModel.java:41)
	at dev.langchain4j.model.chat.ChatModel.chat(ChatModel.java:46)
	at dev.langchain4j.model.chat.ChatModel.chat(ChatModel.java:76)
	at com.river.LegalAssistant.service.advanced.LegalQueryRouter.classifyByAI(LegalQueryRouter.java:147)
	at com.river.LegalAssistant.service.advanced.LegalQueryRouter.analyzeQuery(LegalQueryRouter.java:102)
	at com.river.LegalAssistant.service.advanced.LegalQueryRouter.route(LegalQueryRouter.java:77)
	at dev.langchain4j.rag.DefaultRetrievalAugmentor.lambda$process$1(DefaultRetrievalAugmentor.java:180)
	at java.base/java.util.concurrent.CompletableFuture$AsyncSupply.run(CompletableFuture.java:1768)
	at java.base/java.util.concurrent.ThreadPoolExecutor.runWorker(ThreadPoolExecutor.java:1144)
	at java.base/java.util.concurrent.ThreadPoolExecutor$Worker.run(ThreadPoolExecutor.java:642)
	at java.base/java.lang.Thread.run(Thread.java:1583)
Caused by: java.net.http.HttpTimeoutException: request timed out
	at java.net.http/jdk.internal.net.http.HttpClientImpl.send(HttpClientImpl.java:949)
	at java.net.http/jdk.internal.net.http.HttpClientFacade.send(HttpClientFacade.java:133)
	at dev.langchain4j.http.client.jdk.JdkHttpClient.execute(JdkHttpClient.java:50)
	... 19 common frames omitted
2026-03-09 14:41:41.004 [pool-5-thread-77] WARN  dev.langchain4j.internal.RetryUtils - A retriable exception occurred. Remaining retries: 2 of 2
dev.langchain4j.exception.TimeoutException: request timed out
	at dev.langchain4j.http.client.jdk.JdkHttpClient.execute(JdkHttpClient.java:58)
	at dev.langchain4j.model.ollama.OllamaClient.chat(OllamaClient.java:102)
	at dev.langchain4j.model.ollama.OllamaChatModel.lambda$doChat$0(OllamaChatModel.java:41)
	at dev.langchain4j.internal.ExceptionMapper.withExceptionMapper(ExceptionMapper.java:29)
	at dev.langchain4j.internal.RetryUtils.lambda$withRetryMappingExceptions$1(RetryUtils.java:322)
	at dev.langchain4j.internal.RetryUtils$RetryPolicy.withRetry(RetryUtils.java:204)
	at dev.langchain4j.internal.RetryUtils.withRetry(RetryUtils.java:259)
	at dev.langchain4j.internal.RetryUtils.withRetryMappingExceptions(RetryUtils.java:322)
	at dev.langchain4j.internal.RetryUtils.withRetryMappingExceptions(RetryUtils.java:305)
	at dev.langchain4j.model.ollama.OllamaChatModel.doChat(OllamaChatModel.java:41)
	at dev.langchain4j.model.chat.ChatModel.chat(ChatModel.java:46)
	at dev.langchain4j.model.chat.ChatModel.chat(ChatModel.java:76)
	at com.river.LegalAssistant.service.advanced.LegalQueryRouter.classifyByAI(LegalQueryRouter.java:147)
	at com.river.LegalAssistant.service.advanced.LegalQueryRouter.analyzeQuery(LegalQueryRouter.java:102)
	at com.river.LegalAssistant.service.advanced.LegalQueryRouter.route(LegalQueryRouter.java:77)
	at dev.langchain4j.rag.DefaultRetrievalAugmentor.lambda$process$1(DefaultRetrievalAugmentor.java:180)
	at java.base/java.util.concurrent.CompletableFuture$AsyncSupply.run(CompletableFuture.java:1768)
	at java.base/java.util.concurrent.ThreadPoolExecutor.runWorker(ThreadPoolExecutor.java:1144)
	at java.base/java.util.concurrent.ThreadPoolExecutor$Worker.run(ThreadPoolExecutor.java:642)
	at java.base/java.lang.Thread.run(Thread.java:1583)
Caused by: java.net.http.HttpTimeoutException: request timed out
	at java.net.http/jdk.internal.net.http.HttpClientImpl.send(HttpClientImpl.java:949)
	at java.net.http/jdk.internal.net.http.HttpClientFacade.send(HttpClientFacade.java:133)
	at dev.langchain4j.http.client.jdk.JdkHttpClient.execute(JdkHttpClient.java:50)
	... 19 common frames omitted
2026-03-09 14:41:41.004 [pool-5-thread-73] WARN  dev.langchain4j.internal.RetryUtils - A retriable exception occurred. Remaining retries: 2 of 2
dev.langchain4j.exception.TimeoutException: request timed out
	at dev.langchain4j.http.client.jdk.JdkHttpClient.execute(JdkHttpClient.java:58)
	at dev.langchain4j.model.ollama.OllamaClient.chat(OllamaClient.java:102)
	at dev.langchain4j.model.ollama.OllamaChatModel.lambda$doChat$0(OllamaChatModel.java:41)
	at dev.langchain4j.internal.ExceptionMapper.withExceptionMapper(ExceptionMapper.java:29)
	at dev.langchain4j.internal.RetryUtils.lambda$withRetryMappingExceptions$1(RetryUtils.java:322)
	at dev.langchain4j.internal.RetryUtils$RetryPolicy.withRetry(RetryUtils.java:204)
	at dev.langchain4j.internal.RetryUtils.withRetry(RetryUtils.java:259)
	at dev.langchain4j.internal.RetryUtils.withRetryMappingExceptions(RetryUtils.java:322)
	at dev.langchain4j.internal.RetryUtils.withRetryMappingExceptions(RetryUtils.java:305)
	at dev.langchain4j.model.ollama.OllamaChatModel.doChat(OllamaChatModel.java:41)
	at dev.langchain4j.model.chat.ChatModel.chat(ChatModel.java:46)
	at dev.langchain4j.model.chat.ChatModel.chat(ChatModel.java:76)
	at com.river.LegalAssistant.service.advanced.LegalQueryRouter.classifyByAI(LegalQueryRouter.java:147)
	at com.river.LegalAssistant.service.advanced.LegalQueryRouter.analyzeQuery(LegalQueryRouter.java:102)
	at com.river.LegalAssistant.service.advanced.LegalQueryRouter.route(LegalQueryRouter.java:77)
	at dev.langchain4j.rag.DefaultRetrievalAugmentor.lambda$process$1(DefaultRetrievalAugmentor.java:180)
	at java.base/java.util.concurrent.CompletableFuture$AsyncSupply.run(CompletableFuture.java:1768)
	at java.base/java.util.concurrent.ThreadPoolExecutor.runWorker(ThreadPoolExecutor.java:1144)
	at java.base/java.util.concurrent.ThreadPoolExecutor$Worker.run(ThreadPoolExecutor.java:642)
	at java.base/java.lang.Thread.run(Thread.java:1583)
Caused by: java.net.http.HttpTimeoutException: request timed out
	at java.net.http/jdk.internal.net.http.HttpClientImpl.send(HttpClientImpl.java:949)
	at java.net.http/jdk.internal.net.http.HttpClientFacade.send(HttpClientFacade.java:133)
	at dev.langchain4j.http.client.jdk.JdkHttpClient.execute(JdkHttpClient.java:50)
	... 19 common frames omitted
2026-03-09 14:41:41.004 [pool-5-thread-75] WARN  dev.langchain4j.internal.RetryUtils - A retriable exception occurred. Remaining retries: 2 of 2
dev.langchain4j.exception.TimeoutException: request timed out
	at dev.langchain4j.http.client.jdk.JdkHttpClient.execute(JdkHttpClient.java:58)
	at dev.langchain4j.model.ollama.OllamaClient.chat(OllamaClient.java:102)
	at dev.langchain4j.model.ollama.OllamaChatModel.lambda$doChat$0(OllamaChatModel.java:41)
	at dev.langchain4j.internal.ExceptionMapper.withExceptionMapper(ExceptionMapper.java:29)
	at dev.langchain4j.internal.RetryUtils.lambda$withRetryMappingExceptions$1(RetryUtils.java:322)
	at dev.langchain4j.internal.RetryUtils$RetryPolicy.withRetry(RetryUtils.java:204)
	at dev.langchain4j.internal.RetryUtils.withRetry(RetryUtils.java:259)
	at dev.langchain4j.internal.RetryUtils.withRetryMappingExceptions(RetryUtils.java:322)
	at dev.langchain4j.internal.RetryUtils.withRetryMappingExceptions(RetryUtils.java:305)
	at dev.langchain4j.model.ollama.OllamaChatModel.doChat(OllamaChatModel.java:41)
	at dev.langchain4j.model.chat.ChatModel.chat(ChatModel.java:46)
	at dev.langchain4j.model.chat.ChatModel.chat(ChatModel.java:76)
	at com.river.LegalAssistant.service.advanced.LegalQueryRouter.classifyByAI(LegalQueryRouter.java:147)
	at com.river.LegalAssistant.service.advanced.LegalQueryRouter.analyzeQuery(LegalQueryRouter.java:102)
	at com.river.LegalAssistant.service.advanced.LegalQueryRouter.route(LegalQueryRouter.java:77)
	at dev.langchain4j.rag.DefaultRetrievalAugmentor.lambda$process$1(DefaultRetrievalAugmentor.java:180)
	at java.base/java.util.concurrent.CompletableFuture$AsyncSupply.run(CompletableFuture.java:1768)
	at java.base/java.util.concurrent.ThreadPoolExecutor.runWorker(ThreadPoolExecutor.java:1144)
	at java.base/java.util.concurrent.ThreadPoolExecutor$Worker.run(ThreadPoolExecutor.java:642)
	at java.base/java.lang.Thread.run(Thread.java:1583)
Caused by: java.net.http.HttpTimeoutException: request timed out
	at java.net.http/jdk.internal.net.http.HttpClientImpl.send(HttpClientImpl.java:949)
	at java.net.http/jdk.internal.net.http.HttpClientFacade.send(HttpClientFacade.java:133)
	at dev.langchain4j.http.client.jdk.JdkHttpClient.execute(JdkHttpClient.java:50)
	... 19 common frames omitted
2026-03-09 14:41:41.004 [pool-5-thread-74] WARN  dev.langchain4j.internal.RetryUtils - A retriable exception occurred. Remaining retries: 2 of 2
dev.langchain4j.exception.TimeoutException: request timed out
	at dev.langchain4j.http.client.jdk.JdkHttpClient.execute(JdkHttpClient.java:58)
	at dev.langchain4j.model.ollama.OllamaClient.chat(OllamaClient.java:102)
	at dev.langchain4j.model.ollama.OllamaChatModel.lambda$doChat$0(OllamaChatModel.java:41)
	at dev.langchain4j.internal.ExceptionMapper.withExceptionMapper(ExceptionMapper.java:29)
	at dev.langchain4j.internal.RetryUtils.lambda$withRetryMappingExceptions$1(RetryUtils.java:322)
	at dev.langchain4j.internal.RetryUtils$RetryPolicy.withRetry(RetryUtils.java:204)
	at dev.langchain4j.internal.RetryUtils.withRetry(RetryUtils.java:259)
	at dev.langchain4j.internal.RetryUtils.withRetryMappingExceptions(RetryUtils.java:322)
	at dev.langchain4j.internal.RetryUtils.withRetryMappingExceptions(RetryUtils.java:305)
	at dev.langchain4j.model.ollama.OllamaChatModel.doChat(OllamaChatModel.java:41)
	at dev.langchain4j.model.chat.ChatModel.chat(ChatModel.java:46)
	at dev.langchain4j.model.chat.ChatModel.chat(ChatModel.java:76)
	at com.river.LegalAssistant.service.advanced.LegalQueryRouter.classifyByAI(LegalQueryRouter.java:147)
	at com.river.LegalAssistant.service.advanced.LegalQueryRouter.analyzeQuery(LegalQueryRouter.java:102)
	at com.river.LegalAssistant.service.advanced.LegalQueryRouter.route(LegalQueryRouter.java:77)
	at dev.langchain4j.rag.DefaultRetrievalAugmentor.lambda$process$1(DefaultRetrievalAugmentor.java:180)
	at java.base/java.util.concurrent.CompletableFuture$AsyncSupply.run(CompletableFuture.java:1768)
	at java.base/java.util.concurrent.ThreadPoolExecutor.runWorker(ThreadPoolExecutor.java:1144)
	at java.base/java.util.concurrent.ThreadPoolExecutor$Worker.run(ThreadPoolExecutor.java:642)
	at java.base/java.lang.Thread.run(Thread.java:1583)
Caused by: java.net.http.HttpTimeoutException: request timed out
	at java.net.http/jdk.internal.net.http.HttpClientImpl.send(HttpClientImpl.java:949)
	at java.net.http/jdk.internal.net.http.HttpClientFacade.send(HttpClientFacade.java:133)
	at dev.langchain4j.http.client.jdk.JdkHttpClient.execute(JdkHttpClient.java:50)
	... 19 common frames omitted
2026-03-09 14:43:41.765 [pool-5-thread-78] WARN  dev.langchain4j.internal.RetryUtils - A retriable exception occurred. Remaining retries: 1 of 2
dev.langchain4j.exception.TimeoutException: request timed out
	at dev.langchain4j.http.client.jdk.JdkHttpClient.execute(JdkHttpClient.java:58)
	at dev.langchain4j.model.ollama.OllamaClient.chat(OllamaClient.java:102)
	at dev.langchain4j.model.ollama.OllamaChatModel.lambda$doChat$0(OllamaChatModel.java:41)
	at dev.langchain4j.internal.ExceptionMapper.withExceptionMapper(ExceptionMapper.java:29)
	at dev.langchain4j.internal.RetryUtils.lambda$withRetryMappingExceptions$1(RetryUtils.java:322)
	at dev.langchain4j.internal.RetryUtils$RetryPolicy.withRetry(RetryUtils.java:204)
	at dev.langchain4j.internal.RetryUtils.withRetry(RetryUtils.java:259)
	at dev.langchain4j.internal.RetryUtils.withRetryMappingExceptions(RetryUtils.java:322)
	at dev.langchain4j.internal.RetryUtils.withRetryMappingExceptions(RetryUtils.java:305)
	at dev.langchain4j.model.ollama.OllamaChatModel.doChat(OllamaChatModel.java:41)
	at dev.langchain4j.model.chat.ChatModel.chat(ChatModel.java:46)
	at dev.langchain4j.model.chat.ChatModel.chat(ChatModel.java:76)
	at com.river.LegalAssistant.service.advanced.LegalQueryRouter.classifyByAI(LegalQueryRouter.java:147)
	at com.river.LegalAssistant.service.advanced.LegalQueryRouter.analyzeQuery(LegalQueryRouter.java:102)
	at com.river.LegalAssistant.service.advanced.LegalQueryRouter.route(LegalQueryRouter.java:77)
	at dev.langchain4j.rag.DefaultRetrievalAugmentor.lambda$process$1(DefaultRetrievalAugmentor.java:180)
	at java.base/java.util.concurrent.CompletableFuture$AsyncSupply.run(CompletableFuture.java:1768)
	at java.base/java.util.concurrent.ThreadPoolExecutor.runWorker(ThreadPoolExecutor.java:1144)
	at java.base/java.util.concurrent.ThreadPoolExecutor$Worker.run(ThreadPoolExecutor.java:642)
	at java.base/java.lang.Thread.run(Thread.java:1583)
Caused by: java.net.http.HttpTimeoutException: request timed out
	at java.net.http/jdk.internal.net.http.HttpClientImpl.send(HttpClientImpl.java:949)
	at java.net.http/jdk.internal.net.http.HttpClientFacade.send(HttpClientFacade.java:133)
	at dev.langchain4j.http.client.jdk.JdkHttpClient.execute(JdkHttpClient.java:50)
	... 19 common frames omitted
2026-03-09 14:43:41.765 [pool-5-thread-75] WARN  dev.langchain4j.internal.RetryUtils - A retriable exception occurred. Remaining retries: 1 of 2
dev.langchain4j.exception.TimeoutException: request timed out
	at dev.langchain4j.http.client.jdk.JdkHttpClient.execute(JdkHttpClient.java:58)
	at dev.langchain4j.model.ollama.OllamaClient.chat(OllamaClient.java:102)
	at dev.langchain4j.model.ollama.OllamaChatModel.lambda$doChat$0(OllamaChatModel.java:41)
	at dev.langchain4j.internal.ExceptionMapper.withExceptionMapper(ExceptionMapper.java:29)
	at dev.langchain4j.internal.RetryUtils.lambda$withRetryMappingExceptions$1(RetryUtils.java:322)
	at dev.langchain4j.internal.RetryUtils$RetryPolicy.withRetry(RetryUtils.java:204)
	at dev.langchain4j.internal.RetryUtils.withRetry(RetryUtils.java:259)
	at dev.langchain4j.internal.RetryUtils.withRetryMappingExceptions(RetryUtils.java:322)
	at dev.langchain4j.internal.RetryUtils.withRetryMappingExceptions(RetryUtils.java:305)
	at dev.langchain4j.model.ollama.OllamaChatModel.doChat(OllamaChatModel.java:41)
	at dev.langchain4j.model.chat.ChatModel.chat(ChatModel.java:46)
	at dev.langchain4j.model.chat.ChatModel.chat(ChatModel.java:76)
	at com.river.LegalAssistant.service.advanced.LegalQueryRouter.classifyByAI(LegalQueryRouter.java:147)
	at com.river.LegalAssistant.service.advanced.LegalQueryRouter.analyzeQuery(LegalQueryRouter.java:102)
	at com.river.LegalAssistant.service.advanced.LegalQueryRouter.route(LegalQueryRouter.java:77)
	at dev.langchain4j.rag.DefaultRetrievalAugmentor.lambda$process$1(DefaultRetrievalAugmentor.java:180)
	at java.base/java.util.concurrent.CompletableFuture$AsyncSupply.run(CompletableFuture.java:1768)
	at java.base/java.util.concurrent.ThreadPoolExecutor.runWorker(ThreadPoolExecutor.java:1144)
	at java.base/java.util.concurrent.ThreadPoolExecutor$Worker.run(ThreadPoolExecutor.java:642)
	at java.base/java.lang.Thread.run(Thread.java:1583)
Caused by: java.net.http.HttpTimeoutException: request timed out
	at java.net.http/jdk.internal.net.http.HttpClientImpl.send(HttpClientImpl.java:949)
	at java.net.http/jdk.internal.net.http.HttpClientFacade.send(HttpClientFacade.java:133)
	at dev.langchain4j.http.client.jdk.JdkHttpClient.execute(JdkHttpClient.java:50)
	... 19 common frames omitted
2026-03-09 14:43:41.765 [pool-5-thread-77] WARN  dev.langchain4j.internal.RetryUtils - A retriable exception occurred. Remaining retries: 1 of 2
dev.langchain4j.exception.TimeoutException: request timed out
	at dev.langchain4j.http.client.jdk.JdkHttpClient.execute(JdkHttpClient.java:58)
	at dev.langchain4j.model.ollama.OllamaClient.chat(OllamaClient.java:102)
	at dev.langchain4j.model.ollama.OllamaChatModel.lambda$doChat$0(OllamaChatModel.java:41)
	at dev.langchain4j.internal.ExceptionMapper.withExceptionMapper(ExceptionMapper.java:29)
	at dev.langchain4j.internal.RetryUtils.lambda$withRetryMappingExceptions$1(RetryUtils.java:322)
	at dev.langchain4j.internal.RetryUtils$RetryPolicy.withRetry(RetryUtils.java:204)
	at dev.langchain4j.internal.RetryUtils.withRetry(RetryUtils.java:259)
	at dev.langchain4j.internal.RetryUtils.withRetryMappingExceptions(RetryUtils.java:322)
	at dev.langchain4j.internal.RetryUtils.withRetryMappingExceptions(RetryUtils.java:305)
	at dev.langchain4j.model.ollama.OllamaChatModel.doChat(OllamaChatModel.java:41)
	at dev.langchain4j.model.chat.ChatModel.chat(ChatModel.java:46)
	at dev.langchain4j.model.chat.ChatModel.chat(ChatModel.java:76)
	at com.river.LegalAssistant.service.advanced.LegalQueryRouter.classifyByAI(LegalQueryRouter.java:147)
	at com.river.LegalAssistant.service.advanced.LegalQueryRouter.analyzeQuery(LegalQueryRouter.java:102)
	at com.river.LegalAssistant.service.advanced.LegalQueryRouter.route(LegalQueryRouter.java:77)
	at dev.langchain4j.rag.DefaultRetrievalAugmentor.lambda$process$1(DefaultRetrievalAugmentor.java:180)
	at java.base/java.util.concurrent.CompletableFuture$AsyncSupply.run(CompletableFuture.java:1768)
	at java.base/java.util.concurrent.ThreadPoolExecutor.runWorker(ThreadPoolExecutor.java:1144)
	at java.base/java.util.concurrent.ThreadPoolExecutor$Worker.run(ThreadPoolExecutor.java:642)
	at java.base/java.lang.Thread.run(Thread.java:1583)
Caused by: java.net.http.HttpTimeoutException: request timed out
	at java.net.http/jdk.internal.net.http.HttpClientImpl.send(HttpClientImpl.java:949)
	at java.net.http/jdk.internal.net.http.HttpClientFacade.send(HttpClientFacade.java:133)
	at dev.langchain4j.http.client.jdk.JdkHttpClient.execute(JdkHttpClient.java:50)
	... 19 common frames omitted
2026-03-09 14:43:41.765 [pool-5-thread-79] WARN  dev.langchain4j.internal.RetryUtils - A retriable exception occurred. Remaining retries: 1 of 2
dev.langchain4j.exception.TimeoutException: request timed out
	at dev.langchain4j.http.client.jdk.JdkHttpClient.execute(JdkHttpClient.java:58)
	at dev.langchain4j.model.ollama.OllamaClient.chat(OllamaClient.java:102)
	at dev.langchain4j.model.ollama.OllamaChatModel.lambda$doChat$0(OllamaChatModel.java:41)
	at dev.langchain4j.internal.ExceptionMapper.withExceptionMapper(ExceptionMapper.java:29)
	at dev.langchain4j.internal.RetryUtils.lambda$withRetryMappingExceptions$1(RetryUtils.java:322)
	at dev.langchain4j.internal.RetryUtils$RetryPolicy.withRetry(RetryUtils.java:204)
	at dev.langchain4j.internal.RetryUtils.withRetry(RetryUtils.java:259)
	at dev.langchain4j.internal.RetryUtils.withRetryMappingExceptions(RetryUtils.java:322)
	at dev.langchain4j.internal.RetryUtils.withRetryMappingExceptions(RetryUtils.java:305)
	at dev.langchain4j.model.ollama.OllamaChatModel.doChat(OllamaChatModel.java:41)
	at dev.langchain4j.model.chat.ChatModel.chat(ChatModel.java:46)
	at dev.langchain4j.model.chat.ChatModel.chat(ChatModel.java:76)
	at com.river.LegalAssistant.service.advanced.LegalQueryRouter.classifyByAI(LegalQueryRouter.java:147)
	at com.river.LegalAssistant.service.advanced.LegalQueryRouter.analyzeQuery(LegalQueryRouter.java:102)
	at com.river.LegalAssistant.service.advanced.LegalQueryRouter.route(LegalQueryRouter.java:77)
	at dev.langchain4j.rag.DefaultRetrievalAugmentor.lambda$process$1(DefaultRetrievalAugmentor.java:180)
	at java.base/java.util.concurrent.CompletableFuture$AsyncSupply.run(CompletableFuture.java:1768)
	at java.base/java.util.concurrent.ThreadPoolExecutor.runWorker(ThreadPoolExecutor.java:1144)
	at java.base/java.util.concurrent.ThreadPoolExecutor$Worker.run(ThreadPoolExecutor.java:642)
	at java.base/java.lang.Thread.run(Thread.java:1583)
Caused by: java.net.http.HttpTimeoutException: request timed out
	at java.net.http/jdk.internal.net.http.HttpClientImpl.send(HttpClientImpl.java:949)
	at java.net.http/jdk.internal.net.http.HttpClientFacade.send(HttpClientFacade.java:133)
	at dev.langchain4j.http.client.jdk.JdkHttpClient.execute(JdkHttpClient.java:50)
	... 19 common frames omitted
2026-03-09 14:43:41.766 [pool-5-thread-74] WARN  dev.langchain4j.internal.RetryUtils - A retriable exception occurred. Remaining retries: 1 of 2
dev.langchain4j.exception.TimeoutException: request timed out
	at dev.langchain4j.http.client.jdk.JdkHttpClient.execute(JdkHttpClient.java:58)
	at dev.langchain4j.model.ollama.OllamaClient.chat(OllamaClient.java:102)
	at dev.langchain4j.model.ollama.OllamaChatModel.lambda$doChat$0(OllamaChatModel.java:41)
	at dev.langchain4j.internal.ExceptionMapper.withExceptionMapper(ExceptionMapper.java:29)
	at dev.langchain4j.internal.RetryUtils.lambda$withRetryMappingExceptions$1(RetryUtils.java:322)
	at dev.langchain4j.internal.RetryUtils$RetryPolicy.withRetry(RetryUtils.java:204)
	at dev.langchain4j.internal.RetryUtils.withRetry(RetryUtils.java:259)
	at dev.langchain4j.internal.RetryUtils.withRetryMappingExceptions(RetryUtils.java:322)
	at dev.langchain4j.internal.RetryUtils.withRetryMappingExceptions(RetryUtils.java:305)
	at dev.langchain4j.model.ollama.OllamaChatModel.doChat(OllamaChatModel.java:41)
	at dev.langchain4j.model.chat.ChatModel.chat(ChatModel.java:46)
	at dev.langchain4j.model.chat.ChatModel.chat(ChatModel.java:76)
	at com.river.LegalAssistant.service.advanced.LegalQueryRouter.classifyByAI(LegalQueryRouter.java:147)
	at com.river.LegalAssistant.service.advanced.LegalQueryRouter.analyzeQuery(LegalQueryRouter.java:102)
	at com.river.LegalAssistant.service.advanced.LegalQueryRouter.route(LegalQueryRouter.java:77)
	at dev.langchain4j.rag.DefaultRetrievalAugmentor.lambda$process$1(DefaultRetrievalAugmentor.java:180)
	at java.base/java.util.concurrent.CompletableFuture$AsyncSupply.run(CompletableFuture.java:1768)
	at java.base/java.util.concurrent.ThreadPoolExecutor.runWorker(ThreadPoolExecutor.java:1144)
	at java.base/java.util.concurrent.ThreadPoolExecutor$Worker.run(ThreadPoolExecutor.java:642)
	at java.base/java.lang.Thread.run(Thread.java:1583)
Caused by: java.net.http.HttpTimeoutException: request timed out
	at java.net.http/jdk.internal.net.http.HttpClientImpl.send(HttpClientImpl.java:949)
	at java.net.http/jdk.internal.net.http.HttpClientFacade.send(HttpClientFacade.java:133)
	at dev.langchain4j.http.client.jdk.JdkHttpClient.execute(JdkHttpClient.java:50)
	... 19 common frames omitted
2026-03-09 14:43:41.766 [pool-5-thread-73] WARN  dev.langchain4j.internal.RetryUtils - A retriable exception occurred. Remaining retries: 1 of 2
dev.langchain4j.exception.TimeoutException: request timed out
	at dev.langchain4j.http.client.jdk.JdkHttpClient.execute(JdkHttpClient.java:58)
	at dev.langchain4j.model.ollama.OllamaClient.chat(OllamaClient.java:102)
	at dev.langchain4j.model.ollama.OllamaChatModel.lambda$doChat$0(OllamaChatModel.java:41)
	at dev.langchain4j.internal.ExceptionMapper.withExceptionMapper(ExceptionMapper.java:29)
	at dev.langchain4j.internal.RetryUtils.lambda$withRetryMappingExceptions$1(RetryUtils.java:322)
	at dev.langchain4j.internal.RetryUtils$RetryPolicy.withRetry(RetryUtils.java:204)
	at dev.langchain4j.internal.RetryUtils.withRetry(RetryUtils.java:259)
	at dev.langchain4j.internal.RetryUtils.withRetryMappingExceptions(RetryUtils.java:322)
	at dev.langchain4j.internal.RetryUtils.withRetryMappingExceptions(RetryUtils.java:305)
	at dev.langchain4j.model.ollama.OllamaChatModel.doChat(OllamaChatModel.java:41)
	at dev.langchain4j.model.chat.ChatModel.chat(ChatModel.java:46)
	at dev.langchain4j.model.chat.ChatModel.chat(ChatModel.java:76)
	at com.river.LegalAssistant.service.advanced.LegalQueryRouter.classifyByAI(LegalQueryRouter.java:147)
	at com.river.LegalAssistant.service.advanced.LegalQueryRouter.analyzeQuery(LegalQueryRouter.java:102)
	at com.river.LegalAssistant.service.advanced.LegalQueryRouter.route(LegalQueryRouter.java:77)
	at dev.langchain4j.rag.DefaultRetrievalAugmentor.lambda$process$1(DefaultRetrievalAugmentor.java:180)
	at java.base/java.util.concurrent.CompletableFuture$AsyncSupply.run(CompletableFuture.java:1768)
	at java.base/java.util.concurrent.ThreadPoolExecutor.runWorker(ThreadPoolExecutor.java:1144)
	at java.base/java.util.concurrent.ThreadPoolExecutor$Worker.run(ThreadPoolExecutor.java:642)
	at java.base/java.lang.Thread.run(Thread.java:1583)
Caused by: java.net.http.HttpTimeoutException: request timed out
	at java.net.http/jdk.internal.net.http.HttpClientImpl.send(HttpClientImpl.java:949)
	at java.net.http/jdk.internal.net.http.HttpClientFacade.send(HttpClientFacade.java:133)
	at dev.langchain4j.http.client.jdk.JdkHttpClient.execute(JdkHttpClient.java:50)
	... 19 common frames omitted
2026-03-09 14:43:41.765 [pool-5-thread-76] WARN  dev.langchain4j.internal.RetryUtils - A retriable exception occurred. Remaining retries: 1 of 2
dev.langchain4j.exception.TimeoutException: request timed out
	at dev.langchain4j.http.client.jdk.JdkHttpClient.execute(JdkHttpClient.java:58)
	at dev.langchain4j.model.ollama.OllamaClient.chat(OllamaClient.java:102)
	at dev.langchain4j.model.ollama.OllamaChatModel.lambda$doChat$0(OllamaChatModel.java:41)
	at dev.langchain4j.internal.ExceptionMapper.withExceptionMapper(ExceptionMapper.java:29)
	at dev.langchain4j.internal.RetryUtils.lambda$withRetryMappingExceptions$1(RetryUtils.java:322)
	at dev.langchain4j.internal.RetryUtils$RetryPolicy.withRetry(RetryUtils.java:204)
	at dev.langchain4j.internal.RetryUtils.withRetry(RetryUtils.java:259)
	at dev.langchain4j.internal.RetryUtils.withRetryMappingExceptions(RetryUtils.java:322)
	at dev.langchain4j.internal.RetryUtils.withRetryMappingExceptions(RetryUtils.java:305)
	at dev.langchain4j.model.ollama.OllamaChatModel.doChat(OllamaChatModel.java:41)
	at dev.langchain4j.model.chat.ChatModel.chat(ChatModel.java:46)
	at dev.langchain4j.model.chat.ChatModel.chat(ChatModel.java:76)
	at com.river.LegalAssistant.service.advanced.LegalQueryRouter.classifyByAI(LegalQueryRouter.java:147)
	at com.river.LegalAssistant.service.advanced.LegalQueryRouter.analyzeQuery(LegalQueryRouter.java:102)
	at com.river.LegalAssistant.service.advanced.LegalQueryRouter.route(LegalQueryRouter.java:77)
	at dev.langchain4j.rag.DefaultRetrievalAugmentor.lambda$process$1(DefaultRetrievalAugmentor.java:180)
	at java.base/java.util.concurrent.CompletableFuture$AsyncSupply.run(CompletableFuture.java:1768)
	at java.base/java.util.concurrent.ThreadPoolExecutor.runWorker(ThreadPoolExecutor.java:1144)
	at java.base/java.util.concurrent.ThreadPoolExecutor$Worker.run(ThreadPoolExecutor.java:642)
	at java.base/java.lang.Thread.run(Thread.java:1583)
Caused by: java.net.http.HttpTimeoutException: request timed out
	at java.net.http/jdk.internal.net.http.HttpClientImpl.send(HttpClientImpl.java:949)
	at java.net.http/jdk.internal.net.http.HttpClientFacade.send(HttpClientFacade.java:133)
	at dev.langchain4j.http.client.jdk.JdkHttpClient.execute(JdkHttpClient.java:50)
	... 19 common frames omitted
2026-03-09 14:45:42.651 [pool-5-thread-74] WARN  c.r.L.s.advanced.LegalQueryRouter - AI查询分类失败: request timed out
2026-03-09 14:45:42.651 [pool-5-thread-73] WARN  c.r.L.s.advanced.LegalQueryRouter - AI查询分类失败: request timed out
2026-03-09 14:45:42.651 [pool-5-thread-79] WARN  c.r.L.s.advanced.LegalQueryRouter - AI查询分类失败: request timed out
2026-03-09 14:45:42.651 [pool-5-thread-76] WARN  c.r.L.s.advanced.LegalQueryRouter - AI查询分类失败: request timed out
2026-03-09 14:45:42.651 [pool-5-thread-75] WARN  c.r.L.s.advanced.LegalQueryRouter - AI查询分类失败: request timed out
2026-03-09 14:45:42.669 [pool-5-thread-74] INFO  c.r.L.s.advanced.LegalQueryRouter - 为查询类型 DISPUTE_RESOLUTION 选择了 3 个检索器
2026-03-09 14:45:42.669 [pool-5-thread-79] INFO  c.r.L.s.advanced.LegalQueryRouter - 为查询类型 DISPUTE_RESOLUTION 选择了 3 个检索器
2026-03-09 14:45:42.671 [pool-5-thread-75] INFO  c.r.L.s.advanced.LegalQueryRouter - 为查询类型 DISPUTE_RESOLUTION 选择了 3 个检索器
2026-03-09 14:45:42.671 [pool-5-thread-73] INFO  c.r.L.s.advanced.LegalQueryRouter - 为查询类型 DISPUTE_RESOLUTION 选择了 3 个检索器
2026-03-09 14:45:42.671 [pool-5-thread-76] INFO  c.r.L.s.advanced.LegalQueryRouter - 为查询类型 DISPUTE_RESOLUTION 选择了 3 个检索器
2026-03-09 14:45:42.681 [pool-5-thread-77] WARN  c.r.L.s.advanced.LegalQueryRouter - AI查询分类失败: request timed out
2026-03-09 14:45:42.682 [pool-5-thread-78] WARN  c.r.L.s.advanced.LegalQueryRouter - AI查询分类失败: request timed out
2026-03-09 14:45:42.682 [pool-5-thread-77] INFO  c.r.L.s.advanced.LegalQueryRouter - 为查询类型 CONTRACT_ANALYSIS 选择了 2 个检索器
2026-03-09 14:45:42.682 [pool-5-thread-78] INFO  c.r.L.s.advanced.LegalQueryRouter - 为查询类型 GENERAL 选择了 1 个检索器
2026-03-09 14:45:42.682 [pool-5-thread-82] INFO  c.r.L.s.a.LegalContentRetriever - 多源检索法律内容: 义务 商品质量 电商消费者权益 七天无理由退货 促销规则 价格欺诈 商品质量争议 先行赔付
2026-03-09 14:45:42.682 [pool-5-thread-83] INFO  c.r.L.s.a.LegalContentRetriever - 多源检索法律内容: 义务 处理 争议 电商消费者权益 七天无理由退货 促销规则
2026-03-09 14:45:42.682 [pool-5-thread-84] INFO  c.r.L.s.a.LegalContentRetriever - 多源检索法律内容: 平台对商品质量争议通常有哪些先行处理法定义务？
2026-03-09 14:45:42.682 [pool-5-thread-80] INFO  c.r.L.s.a.LegalContentRetriever - 多源检索法律内容: 平台对消费者投诉和商品质量争议有哪些处理义务？
2026-03-09 14:45:42.684 [pool-5-thread-81] INFO  c.r.L.s.a.LegalContentRetriever - 多源检索法律内容: 平台对商品质量争议通常有哪些先行处理义务？
2026-03-09 14:45:42.685 [pool-5-thread-85] INFO  c.r.L.s.a.LegalContentRetriever - 多源检索法律内容: 平台对消费者投诉和商品质量争议有哪些处理义务？
2026-03-09 14:45:42.685 [pool-5-thread-86] INFO  c.r.L.s.a.LegalContentRetriever - 多源检索法律内容: 义务 商品质量 电商消费者权益 七天无理由退货 促销规则 价格欺诈 商品质量争议 先行赔付
2026-03-09 14:45:42.686 [pool-5-thread-87] INFO  c.r.L.s.a.LegalContentRetriever - 多源检索法律内容: 平台对商品质量争议通常有哪些先行处理法定义务？
2026-03-09 14:45:42.687 [pool-5-thread-88] INFO  c.r.L.s.a.LegalContentRetriever - 多源检索法律内容: 义务 处理 争议 电商消费者权益 七天无理由退货 促销规则
2026-03-09 14:45:42.689 [pool-5-thread-89] INFO  c.r.L.s.a.LegalContentRetriever - 多源检索法律内容: 促销与退货限制条款应如何真实显著披露？
2026-03-09 14:45:42.689 [pool-5-thread-90] INFO  c.r.L.s.a.LegalContentRetriever - 多源检索法律内容: 消费者在该场景下通常有哪些救济路径？
2026-03-09 14:45:42.689 [pool-5-thread-91] INFO  c.r.L.s.a.LegalContentRetriever - 多源检索法律内容: 平台对商品质量争议通常有哪些先行处理义务？
2026-03-09 14:45:42.691 [pool-5-thread-92] INFO  c.r.L.s.a.LegalContentRetriever - 多源检索法律内容: 平台对消费者投诉和商品质量争议有哪些处理义务？
2026-03-09 14:45:42.691 [pool-5-thread-93] INFO  c.r.L.s.a.LegalContentRetriever - 多源检索法律内容: 义务 商品质量 电商消费者权益 七天无理由退货 促销规则 价格欺诈 商品质量争议 先行赔付
2026-03-09 14:45:42.692 [pool-5-thread-95] INFO  c.r.L.s.a.LegalContentRetriever - 多源检索法律内容: 义务 处理 争议 电商消费者权益 七天无理由退货 促销规则
2026-03-09 14:45:42.693 [pool-5-thread-94] INFO  c.r.L.s.a.LegalContentRetriever - 多源检索法律内容: 平台对商品质量争议通常有哪些先行处理法定义务？
2026-03-09 14:45:42.695 [pool-5-thread-96] INFO  c.r.L.s.a.LegalContentRetriever - 多源检索法律内容: 促销与退货限制条款应如何真实显著披露？
2026-03-09 14:45:42.695 [pool-5-thread-97] INFO  c.r.L.s.a.LegalContentRetriever - 多源检索法律内容: 平台对商品质量争议通常有哪些先行处理义务？
2026-03-09 14:45:46.130 [pool-5-thread-92] INFO  c.r.L.s.a.LegalContentRetriever - 多源检索完成，返回 6 个结果
2026-03-09 14:45:46.130 [pool-5-thread-87] INFO  c.r.L.s.a.LegalContentRetriever - 多源检索完成，返回 6 个结果
2026-03-09 14:45:46.131 [pool-5-thread-91] INFO  c.r.L.s.a.LegalContentRetriever - 多源检索完成，返回 6 个结果
2026-03-09 14:45:46.131 [pool-5-thread-97] INFO  c.r.L.s.a.LegalContentRetriever - 多源检索完成，返回 6 个结果
2026-03-09 14:45:46.131 [pool-5-thread-95] INFO  c.r.L.s.a.LegalContentRetriever - 多源检索完成，返回 6 个结果
2026-03-09 14:45:46.131 [pool-5-thread-81] INFO  c.r.L.s.a.LegalContentRetriever - 多源检索完成，返回 6 个结果
2026-03-09 14:45:46.131 [pool-5-thread-84] INFO  c.r.L.s.a.LegalContentRetriever - 多源检索完成，返回 6 个结果
2026-03-09 14:45:46.131 [pool-5-thread-94] INFO  c.r.L.s.a.LegalContentRetriever - 多源检索完成，返回 6 个结果
2026-03-09 14:45:46.132 [pool-5-thread-93] INFO  c.r.L.s.a.LegalContentRetriever - 多源检索完成，返回 6 个结果
2026-03-09 14:45:46.140 [pool-5-thread-82] INFO  c.r.L.s.a.LegalContentRetriever - 多源检索完成，返回 6 个结果
2026-03-09 14:45:46.141 [pool-5-thread-80] INFO  c.r.L.s.a.LegalContentRetriever - 多源检索完成，返回 6 个结果
2026-03-09 14:45:46.155 [pool-5-thread-88] INFO  c.r.L.s.a.LegalContentRetriever - 多源检索完成，返回 6 个结果
2026-03-09 14:45:46.155 [pool-5-thread-83] INFO  c.r.L.s.a.LegalContentRetriever - 多源检索完成，返回 6 个结果
2026-03-09 14:45:46.164 [pool-5-thread-89] INFO  c.r.L.s.a.LegalContentRetriever - 多源检索完成，返回 6 个结果
2026-03-09 14:45:46.166 [pool-5-thread-96] INFO  c.r.L.s.a.LegalContentRetriever - 多源检索完成，返回 6 个结果
2026-03-09 14:45:46.172 [pool-5-thread-86] INFO  c.r.L.s.a.LegalContentRetriever - 多源检索完成，返回 6 个结果
2026-03-09 14:45:46.180 [pool-5-thread-85] INFO  c.r.L.s.a.LegalContentRetriever - 多源检索完成，返回 6 个结果
2026-03-09 14:45:46.193 [pool-5-thread-90] INFO  c.r.L.s.a.LegalContentRetriever - 多源检索完成，返回 6 个结果
2026-03-09 14:45:46.196 [http-nio-18080-exec-7] INFO  c.r.L.s.a.LegalContentAggregator - 开始聚合法律内容，共 7 个查询，总内容数: 108
2026-03-09 14:45:46.213 [http-nio-18080-exec-7] INFO  c.r.L.s.a.LegalContentAggregator - 内容聚合完成，返回 6 个结果
2026-03-09 14:45:46.213 [http-nio-18080-exec-7] INFO  c.r.L.s.a.LegalContentInjector - 注入法律内容到用户消息，内容数量: 6
2026-03-09 14:45:46.216 [http-nio-18080-exec-7] INFO  c.r.L.s.a.LegalContentInjector - 法律内容注入完成，增强消息长度: 264
2026-03-09 14:45:52.134 [http-nio-18080-exec-7] WARN  c.r.L.service.PromptTemplateService - 模板变量未提供: source
2026-03-09 14:46:07.791 [http-nio-18080-exec-7] INFO  c.r.L.s.a.AdvancedLegalRagService - Advanced RAG answer generated, sessionId=default, sourceCount=6, generationModel=deepseek-chat, durationMs=387025
2026-03-09 14:46:07.793 [http-nio-18080-exec-7] INFO  c.r.L.c.UnifiedChatController - 统一聊天请求处理完成，耗时: 387029 ms
2026-03-09 14:46:07.834 [http-nio-18080-exec-7] INFO  c.r.L.filter.RequestTrackingFilter - [REQUEST_END] traceId=a5bd2727, method=POST, uri=/api/v1/chat, status=200, duration=387071ms
2026-03-09 14:46:08.115 [http-nio-18080-exec-9] INFO  c.r.L.c.UnifiedChatController - 收到统一聊天请求: message=用人单位解除劳动合同通常需要满足哪些法定条件？, modelType=UNIFIED, conversationId=null, useKnowledgeBase=true
2026-03-09 14:46:08.115 [http-nio-18080-exec-9] INFO  c.r.L.c.UnifiedChatController - Unified mode routed to Advanced Agent by default
2026-03-09 14:46:11.175 [http-nio-18080-exec-9] INFO  c.r.L.service.AgentService - 处理法律咨询请求: 用人单位解除劳动合同通常需要满足哪些法定条件？, 会话ID: default
2026-03-09 14:46:11.175 [http-nio-18080-exec-9] INFO  c.r.L.service.AgentService - ✅ 使用 DeepSeek 高级模型处理请求（详细版），会话: default
2026-03-09 14:47:10.461 [http-nio-18080-exec-9] INFO  c.r.L.service.AgentService - ✅ DeepSeek响应成功，响应长度: 3083
2026-03-09 14:47:10.461 [http-nio-18080-exec-9] INFO  c.r.L.service.AgentService - 📊 最终使用模型: DeepSeek AI Agent (deepseek-chat), 会话: default
2026-03-09 14:47:10.462 [http-nio-18080-exec-9] INFO  c.r.L.c.UnifiedChatController - 统一聊天请求处理完成，耗时: 62347 ms
2026-03-09 14:47:10.464 [http-nio-18080-exec-9] INFO  c.r.L.filter.RequestTrackingFilter - [REQUEST_END] traceId=d91d3f1d, method=POST, uri=/api/v1/chat, status=200, duration=62361ms
2026-03-09 14:47:10.479 [http-nio-18080-exec-2] INFO  c.r.L.c.UnifiedChatController - 收到统一聊天请求: message=试用期员工可以随意辞退吗？, modelType=UNIFIED, conversationId=null, useKnowledgeBase=true
2026-03-09 14:47:10.480 [http-nio-18080-exec-2] INFO  c.r.L.c.UnifiedChatController - Unified mode routed to Advanced RAG for simple query
2026-03-09 14:47:10.480 [http-nio-18080-exec-2] INFO  c.r.L.s.a.AdvancedLegalRagService - Advanced RAG chat request received, sessionId=default
2026-03-09 14:47:10.481 [http-nio-18080-exec-2] INFO  c.r.L.s.a.LegalQueryTransformer - 转换法律查询: 试用期员工可以随意辞退吗？
2026-03-09 14:47:10.482 [http-nio-18080-exec-2] INFO  c.r.L.s.a.LegalQueryTransformer - 查询转换完成，原始1个查询扩展为6个查询
2026-03-09 14:47:10.483 [pool-5-thread-98] INFO  c.r.L.s.advanced.LegalQueryRouter - 路由法律查询: 试用期员工可以随意辞退吗？
2026-03-09 14:47:10.483 [pool-5-thread-100] INFO  c.r.L.s.advanced.LegalQueryRouter - 路由法律查询: 解除劳动合同前需要准备哪些证据和程序材料？
2026-03-09 14:47:10.483 [pool-5-thread-101] INFO  c.r.L.s.advanced.LegalQueryRouter - 路由法律查询: 是否需要提前通知或支付经济补偿、代通知金？
2026-03-09 14:47:10.484 [pool-5-thread-102] INFO  c.r.L.s.advanced.LegalQueryRouter - 路由法律查询: 劳动争议发生后常见的仲裁诉讼风险有哪些？
2026-03-09 14:47:10.484 [pool-5-thread-99] INFO  c.r.L.s.advanced.LegalQueryRouter - 路由法律查询: 试用期 劳动合同解除 法定条件 裁员 经济补偿 代通知金
2026-03-09 14:47:10.484 [pool-5-thread-103] INFO  c.r.L.s.advanced.LegalQueryRouter - 路由法律查询: 劳动合同解除 法定条件 试用期
2026-03-09 14:49:10.663 [pool-5-thread-102] WARN  dev.langchain4j.internal.RetryUtils - A retriable exception occurred. Remaining retries: 2 of 2
dev.langchain4j.exception.TimeoutException: request timed out
	at dev.langchain4j.http.client.jdk.JdkHttpClient.execute(JdkHttpClient.java:58)
	at dev.langchain4j.model.ollama.OllamaClient.chat(OllamaClient.java:102)
	at dev.langchain4j.model.ollama.OllamaChatModel.lambda$doChat$0(OllamaChatModel.java:41)
	at dev.langchain4j.internal.ExceptionMapper.withExceptionMapper(ExceptionMapper.java:29)
	at dev.langchain4j.internal.RetryUtils.lambda$withRetryMappingExceptions$1(RetryUtils.java:322)
	at dev.langchain4j.internal.RetryUtils$RetryPolicy.withRetry(RetryUtils.java:204)
	at dev.langchain4j.internal.RetryUtils.withRetry(RetryUtils.java:259)
	at dev.langchain4j.internal.RetryUtils.withRetryMappingExceptions(RetryUtils.java:322)
	at dev.langchain4j.internal.RetryUtils.withRetryMappingExceptions(RetryUtils.java:305)
	at dev.langchain4j.model.ollama.OllamaChatModel.doChat(OllamaChatModel.java:41)
	at dev.langchain4j.model.chat.ChatModel.chat(ChatModel.java:46)
	at dev.langchain4j.model.chat.ChatModel.chat(ChatModel.java:76)
	at com.river.LegalAssistant.service.advanced.LegalQueryRouter.classifyByAI(LegalQueryRouter.java:147)
	at com.river.LegalAssistant.service.advanced.LegalQueryRouter.analyzeQuery(LegalQueryRouter.java:102)
	at com.river.LegalAssistant.service.advanced.LegalQueryRouter.route(LegalQueryRouter.java:77)
	at dev.langchain4j.rag.DefaultRetrievalAugmentor.lambda$process$1(DefaultRetrievalAugmentor.java:180)
	at java.base/java.util.concurrent.CompletableFuture$AsyncSupply.run(CompletableFuture.java:1768)
	at java.base/java.util.concurrent.ThreadPoolExecutor.runWorker(ThreadPoolExecutor.java:1144)
	at java.base/java.util.concurrent.ThreadPoolExecutor$Worker.run(ThreadPoolExecutor.java:642)
	at java.base/java.lang.Thread.run(Thread.java:1583)
Caused by: java.net.http.HttpTimeoutException: request timed out
	at java.net.http/jdk.internal.net.http.HttpClientImpl.send(HttpClientImpl.java:949)
	at java.net.http/jdk.internal.net.http.HttpClientFacade.send(HttpClientFacade.java:133)
	at dev.langchain4j.http.client.jdk.JdkHttpClient.execute(JdkHttpClient.java:50)
	... 19 common frames omitted
2026-03-09 14:49:10.663 [pool-5-thread-100] WARN  dev.langchain4j.internal.RetryUtils - A retriable exception occurred. Remaining retries: 2 of 2
dev.langchain4j.exception.TimeoutException: request timed out
	at dev.langchain4j.http.client.jdk.JdkHttpClient.execute(JdkHttpClient.java:58)
	at dev.langchain4j.model.ollama.OllamaClient.chat(OllamaClient.java:102)
	at dev.langchain4j.model.ollama.OllamaChatModel.lambda$doChat$0(OllamaChatModel.java:41)
	at dev.langchain4j.internal.ExceptionMapper.withExceptionMapper(ExceptionMapper.java:29)
	at dev.langchain4j.internal.RetryUtils.lambda$withRetryMappingExceptions$1(RetryUtils.java:322)
	at dev.langchain4j.internal.RetryUtils$RetryPolicy.withRetry(RetryUtils.java:204)
	at dev.langchain4j.internal.RetryUtils.withRetry(RetryUtils.java:259)
	at dev.langchain4j.internal.RetryUtils.withRetryMappingExceptions(RetryUtils.java:322)
	at dev.langchain4j.internal.RetryUtils.withRetryMappingExceptions(RetryUtils.java:305)
	at dev.langchain4j.model.ollama.OllamaChatModel.doChat(OllamaChatModel.java:41)
	at dev.langchain4j.model.chat.ChatModel.chat(ChatModel.java:46)
	at dev.langchain4j.model.chat.ChatModel.chat(ChatModel.java:76)
	at com.river.LegalAssistant.service.advanced.LegalQueryRouter.classifyByAI(LegalQueryRouter.java:147)
	at com.river.LegalAssistant.service.advanced.LegalQueryRouter.analyzeQuery(LegalQueryRouter.java:102)
	at com.river.LegalAssistant.service.advanced.LegalQueryRouter.route(LegalQueryRouter.java:77)
	at dev.langchain4j.rag.DefaultRetrievalAugmentor.lambda$process$1(DefaultRetrievalAugmentor.java:180)
	at java.base/java.util.concurrent.CompletableFuture$AsyncSupply.run(CompletableFuture.java:1768)
	at java.base/java.util.concurrent.ThreadPoolExecutor.runWorker(ThreadPoolExecutor.java:1144)
	at java.base/java.util.concurrent.ThreadPoolExecutor$Worker.run(ThreadPoolExecutor.java:642)
	at java.base/java.lang.Thread.run(Thread.java:1583)
Caused by: java.net.http.HttpTimeoutException: request timed out
	at java.net.http/jdk.internal.net.http.HttpClientImpl.send(HttpClientImpl.java:949)
	at java.net.http/jdk.internal.net.http.HttpClientFacade.send(HttpClientFacade.java:133)
	at dev.langchain4j.http.client.jdk.JdkHttpClient.execute(JdkHttpClient.java:50)
	... 19 common frames omitted
2026-03-09 14:49:10.663 [pool-5-thread-99] WARN  dev.langchain4j.internal.RetryUtils - A retriable exception occurred. Remaining retries: 2 of 2
dev.langchain4j.exception.TimeoutException: request timed out
	at dev.langchain4j.http.client.jdk.JdkHttpClient.execute(JdkHttpClient.java:58)
	at dev.langchain4j.model.ollama.OllamaClient.chat(OllamaClient.java:102)
	at dev.langchain4j.model.ollama.OllamaChatModel.lambda$doChat$0(OllamaChatModel.java:41)
	at dev.langchain4j.internal.ExceptionMapper.withExceptionMapper(ExceptionMapper.java:29)
	at dev.langchain4j.internal.RetryUtils.lambda$withRetryMappingExceptions$1(RetryUtils.java:322)
	at dev.langchain4j.internal.RetryUtils$RetryPolicy.withRetry(RetryUtils.java:204)
	at dev.langchain4j.internal.RetryUtils.withRetry(RetryUtils.java:259)
	at dev.langchain4j.internal.RetryUtils.withRetryMappingExceptions(RetryUtils.java:322)
	at dev.langchain4j.internal.RetryUtils.withRetryMappingExceptions(RetryUtils.java:305)
	at dev.langchain4j.model.ollama.OllamaChatModel.doChat(OllamaChatModel.java:41)
	at dev.langchain4j.model.chat.ChatModel.chat(ChatModel.java:46)
	at dev.langchain4j.model.chat.ChatModel.chat(ChatModel.java:76)
	at com.river.LegalAssistant.service.advanced.LegalQueryRouter.classifyByAI(LegalQueryRouter.java:147)
	at com.river.LegalAssistant.service.advanced.LegalQueryRouter.analyzeQuery(LegalQueryRouter.java:102)
	at com.river.LegalAssistant.service.advanced.LegalQueryRouter.route(LegalQueryRouter.java:77)
	at dev.langchain4j.rag.DefaultRetrievalAugmentor.lambda$process$1(DefaultRetrievalAugmentor.java:180)
	at java.base/java.util.concurrent.CompletableFuture$AsyncSupply.run(CompletableFuture.java:1768)
	at java.base/java.util.concurrent.ThreadPoolExecutor.runWorker(ThreadPoolExecutor.java:1144)
	at java.base/java.util.concurrent.ThreadPoolExecutor$Worker.run(ThreadPoolExecutor.java:642)
	at java.base/java.lang.Thread.run(Thread.java:1583)
Caused by: java.net.http.HttpTimeoutException: request timed out
	at java.net.http/jdk.internal.net.http.HttpClientImpl.send(HttpClientImpl.java:949)
	at java.net.http/jdk.internal.net.http.HttpClientFacade.send(HttpClientFacade.java:133)
	at dev.langchain4j.http.client.jdk.JdkHttpClient.execute(JdkHttpClient.java:50)
	... 19 common frames omitted
2026-03-09 14:49:10.663 [pool-5-thread-101] WARN  dev.langchain4j.internal.RetryUtils - A retriable exception occurred. Remaining retries: 2 of 2
dev.langchain4j.exception.TimeoutException: request timed out
	at dev.langchain4j.http.client.jdk.JdkHttpClient.execute(JdkHttpClient.java:58)
	at dev.langchain4j.model.ollama.OllamaClient.chat(OllamaClient.java:102)
	at dev.langchain4j.model.ollama.OllamaChatModel.lambda$doChat$0(OllamaChatModel.java:41)
	at dev.langchain4j.internal.ExceptionMapper.withExceptionMapper(ExceptionMapper.java:29)
	at dev.langchain4j.internal.RetryUtils.lambda$withRetryMappingExceptions$1(RetryUtils.java:322)
	at dev.langchain4j.internal.RetryUtils$RetryPolicy.withRetry(RetryUtils.java:204)
	at dev.langchain4j.internal.RetryUtils.withRetry(RetryUtils.java:259)
	at dev.langchain4j.internal.RetryUtils.withRetryMappingExceptions(RetryUtils.java:322)
	at dev.langchain4j.internal.RetryUtils.withRetryMappingExceptions(RetryUtils.java:305)
	at dev.langchain4j.model.ollama.OllamaChatModel.doChat(OllamaChatModel.java:41)
	at dev.langchain4j.model.chat.ChatModel.chat(ChatModel.java:46)
	at dev.langchain4j.model.chat.ChatModel.chat(ChatModel.java:76)
	at com.river.LegalAssistant.service.advanced.LegalQueryRouter.classifyByAI(LegalQueryRouter.java:147)
	at com.river.LegalAssistant.service.advanced.LegalQueryRouter.analyzeQuery(LegalQueryRouter.java:102)
	at com.river.LegalAssistant.service.advanced.LegalQueryRouter.route(LegalQueryRouter.java:77)
	at dev.langchain4j.rag.DefaultRetrievalAugmentor.lambda$process$1(DefaultRetrievalAugmentor.java:180)
	at java.base/java.util.concurrent.CompletableFuture$AsyncSupply.run(CompletableFuture.java:1768)
	at java.base/java.util.concurrent.ThreadPoolExecutor.runWorker(ThreadPoolExecutor.java:1144)
	at java.base/java.util.concurrent.ThreadPoolExecutor$Worker.run(ThreadPoolExecutor.java:642)
	at java.base/java.lang.Thread.run(Thread.java:1583)
Caused by: java.net.http.HttpTimeoutException: request timed out
	at java.net.http/jdk.internal.net.http.HttpClientImpl.send(HttpClientImpl.java:949)
	at java.net.http/jdk.internal.net.http.HttpClientFacade.send(HttpClientFacade.java:133)
	at dev.langchain4j.http.client.jdk.JdkHttpClient.execute(JdkHttpClient.java:50)
	... 19 common frames omitted
2026-03-09 14:49:10.663 [pool-5-thread-98] WARN  dev.langchain4j.internal.RetryUtils - A retriable exception occurred. Remaining retries: 2 of 2
dev.langchain4j.exception.TimeoutException: request timed out
	at dev.langchain4j.http.client.jdk.JdkHttpClient.execute(JdkHttpClient.java:58)
	at dev.langchain4j.model.ollama.OllamaClient.chat(OllamaClient.java:102)
	at dev.langchain4j.model.ollama.OllamaChatModel.lambda$doChat$0(OllamaChatModel.java:41)
	at dev.langchain4j.internal.ExceptionMapper.withExceptionMapper(ExceptionMapper.java:29)
	at dev.langchain4j.internal.RetryUtils.lambda$withRetryMappingExceptions$1(RetryUtils.java:322)
	at dev.langchain4j.internal.RetryUtils$RetryPolicy.withRetry(RetryUtils.java:204)
	at dev.langchain4j.internal.RetryUtils.withRetry(RetryUtils.java:259)
	at dev.langchain4j.internal.RetryUtils.withRetryMappingExceptions(RetryUtils.java:322)
	at dev.langchain4j.internal.RetryUtils.withRetryMappingExceptions(RetryUtils.java:305)
	at dev.langchain4j.model.ollama.OllamaChatModel.doChat(OllamaChatModel.java:41)
	at dev.langchain4j.model.chat.ChatModel.chat(ChatModel.java:46)
	at dev.langchain4j.model.chat.ChatModel.chat(ChatModel.java:76)
	at com.river.LegalAssistant.service.advanced.LegalQueryRouter.classifyByAI(LegalQueryRouter.java:147)
	at com.river.LegalAssistant.service.advanced.LegalQueryRouter.analyzeQuery(LegalQueryRouter.java:102)
	at com.river.LegalAssistant.service.advanced.LegalQueryRouter.route(LegalQueryRouter.java:77)
	at dev.langchain4j.rag.DefaultRetrievalAugmentor.lambda$process$1(DefaultRetrievalAugmentor.java:180)
	at java.base/java.util.concurrent.CompletableFuture$AsyncSupply.run(CompletableFuture.java:1768)
	at java.base/java.util.concurrent.ThreadPoolExecutor.runWorker(ThreadPoolExecutor.java:1144)
	at java.base/java.util.concurrent.ThreadPoolExecutor$Worker.run(ThreadPoolExecutor.java:642)
	at java.base/java.lang.Thread.run(Thread.java:1583)
Caused by: java.net.http.HttpTimeoutException: request timed out
	at java.net.http/jdk.internal.net.http.HttpClientImpl.send(HttpClientImpl.java:949)
	at java.net.http/jdk.internal.net.http.HttpClientFacade.send(HttpClientFacade.java:133)
	at dev.langchain4j.http.client.jdk.JdkHttpClient.execute(JdkHttpClient.java:50)
	... 19 common frames omitted
2026-03-09 14:49:10.663 [pool-5-thread-103] WARN  dev.langchain4j.internal.RetryUtils - A retriable exception occurred. Remaining retries: 2 of 2
dev.langchain4j.exception.TimeoutException: request timed out
	at dev.langchain4j.http.client.jdk.JdkHttpClient.execute(JdkHttpClient.java:58)
	at dev.langchain4j.model.ollama.OllamaClient.chat(OllamaClient.java:102)
	at dev.langchain4j.model.ollama.OllamaChatModel.lambda$doChat$0(OllamaChatModel.java:41)
	at dev.langchain4j.internal.ExceptionMapper.withExceptionMapper(ExceptionMapper.java:29)
	at dev.langchain4j.internal.RetryUtils.lambda$withRetryMappingExceptions$1(RetryUtils.java:322)
	at dev.langchain4j.internal.RetryUtils$RetryPolicy.withRetry(RetryUtils.java:204)
	at dev.langchain4j.internal.RetryUtils.withRetry(RetryUtils.java:259)
	at dev.langchain4j.internal.RetryUtils.withRetryMappingExceptions(RetryUtils.java:322)
	at dev.langchain4j.internal.RetryUtils.withRetryMappingExceptions(RetryUtils.java:305)
	at dev.langchain4j.model.ollama.OllamaChatModel.doChat(OllamaChatModel.java:41)
	at dev.langchain4j.model.chat.ChatModel.chat(ChatModel.java:46)
	at dev.langchain4j.model.chat.ChatModel.chat(ChatModel.java:76)
	at com.river.LegalAssistant.service.advanced.LegalQueryRouter.classifyByAI(LegalQueryRouter.java:147)
	at com.river.LegalAssistant.service.advanced.LegalQueryRouter.analyzeQuery(LegalQueryRouter.java:102)
	at com.river.LegalAssistant.service.advanced.LegalQueryRouter.route(LegalQueryRouter.java:77)
	at dev.langchain4j.rag.DefaultRetrievalAugmentor.lambda$process$1(DefaultRetrievalAugmentor.java:180)
	at java.base/java.util.concurrent.CompletableFuture$AsyncSupply.run(CompletableFuture.java:1768)
	at java.base/java.util.concurrent.ThreadPoolExecutor.runWorker(ThreadPoolExecutor.java:1144)
	at java.base/java.util.concurrent.ThreadPoolExecutor$Worker.run(ThreadPoolExecutor.java:642)
	at java.base/java.lang.Thread.run(Thread.java:1583)
Caused by: java.net.http.HttpTimeoutException: request timed out
	at java.net.http/jdk.internal.net.http.HttpClientImpl.send(HttpClientImpl.java:949)
	at java.net.http/jdk.internal.net.http.HttpClientFacade.send(HttpClientFacade.java:133)
	at dev.langchain4j.http.client.jdk.JdkHttpClient.execute(JdkHttpClient.java:50)
	... 19 common frames omitted
2026-03-09 14:51:11.388 [pool-5-thread-101] WARN  dev.langchain4j.internal.RetryUtils - A retriable exception occurred. Remaining retries: 1 of 2
dev.langchain4j.exception.TimeoutException: request timed out
	at dev.langchain4j.http.client.jdk.JdkHttpClient.execute(JdkHttpClient.java:58)
	at dev.langchain4j.model.ollama.OllamaClient.chat(OllamaClient.java:102)
	at dev.langchain4j.model.ollama.OllamaChatModel.lambda$doChat$0(OllamaChatModel.java:41)
	at dev.langchain4j.internal.ExceptionMapper.withExceptionMapper(ExceptionMapper.java:29)
	at dev.langchain4j.internal.RetryUtils.lambda$withRetryMappingExceptions$1(RetryUtils.java:322)
	at dev.langchain4j.internal.RetryUtils$RetryPolicy.withRetry(RetryUtils.java:204)
	at dev.langchain4j.internal.RetryUtils.withRetry(RetryUtils.java:259)
	at dev.langchain4j.internal.RetryUtils.withRetryMappingExceptions(RetryUtils.java:322)
	at dev.langchain4j.internal.RetryUtils.withRetryMappingExceptions(RetryUtils.java:305)
	at dev.langchain4j.model.ollama.OllamaChatModel.doChat(OllamaChatModel.java:41)
	at dev.langchain4j.model.chat.ChatModel.chat(ChatModel.java:46)
	at dev.langchain4j.model.chat.ChatModel.chat(ChatModel.java:76)
	at com.river.LegalAssistant.service.advanced.LegalQueryRouter.classifyByAI(LegalQueryRouter.java:147)
	at com.river.LegalAssistant.service.advanced.LegalQueryRouter.analyzeQuery(LegalQueryRouter.java:102)
	at com.river.LegalAssistant.service.advanced.LegalQueryRouter.route(LegalQueryRouter.java:77)
	at dev.langchain4j.rag.DefaultRetrievalAugmentor.lambda$process$1(DefaultRetrievalAugmentor.java:180)
	at java.base/java.util.concurrent.CompletableFuture$AsyncSupply.run(CompletableFuture.java:1768)
	at java.base/java.util.concurrent.ThreadPoolExecutor.runWorker(ThreadPoolExecutor.java:1144)
	at java.base/java.util.concurrent.ThreadPoolExecutor$Worker.run(ThreadPoolExecutor.java:642)
	at java.base/java.lang.Thread.run(Thread.java:1583)
Caused by: java.net.http.HttpTimeoutException: request timed out
	at java.net.http/jdk.internal.net.http.HttpClientImpl.send(HttpClientImpl.java:949)
	at java.net.http/jdk.internal.net.http.HttpClientFacade.send(HttpClientFacade.java:133)
	at dev.langchain4j.http.client.jdk.JdkHttpClient.execute(JdkHttpClient.java:50)
	... 19 common frames omitted
2026-03-09 14:51:11.388 [pool-5-thread-103] WARN  dev.langchain4j.internal.RetryUtils - A retriable exception occurred. Remaining retries: 1 of 2
dev.langchain4j.exception.TimeoutException: request timed out
	at dev.langchain4j.http.client.jdk.JdkHttpClient.execute(JdkHttpClient.java:58)
	at dev.langchain4j.model.ollama.OllamaClient.chat(OllamaClient.java:102)
	at dev.langchain4j.model.ollama.OllamaChatModel.lambda$doChat$0(OllamaChatModel.java:41)
	at dev.langchain4j.internal.ExceptionMapper.withExceptionMapper(ExceptionMapper.java:29)
	at dev.langchain4j.internal.RetryUtils.lambda$withRetryMappingExceptions$1(RetryUtils.java:322)
	at dev.langchain4j.internal.RetryUtils$RetryPolicy.withRetry(RetryUtils.java:204)
	at dev.langchain4j.internal.RetryUtils.withRetry(RetryUtils.java:259)
	at dev.langchain4j.internal.RetryUtils.withRetryMappingExceptions(RetryUtils.java:322)
	at dev.langchain4j.internal.RetryUtils.withRetryMappingExceptions(RetryUtils.java:305)
	at dev.langchain4j.model.ollama.OllamaChatModel.doChat(OllamaChatModel.java:41)
	at dev.langchain4j.model.chat.ChatModel.chat(ChatModel.java:46)
	at dev.langchain4j.model.chat.ChatModel.chat(ChatModel.java:76)
	at com.river.LegalAssistant.service.advanced.LegalQueryRouter.classifyByAI(LegalQueryRouter.java:147)
	at com.river.LegalAssistant.service.advanced.LegalQueryRouter.analyzeQuery(LegalQueryRouter.java:102)
	at com.river.LegalAssistant.service.advanced.LegalQueryRouter.route(LegalQueryRouter.java:77)
	at dev.langchain4j.rag.DefaultRetrievalAugmentor.lambda$process$1(DefaultRetrievalAugmentor.java:180)
	at java.base/java.util.concurrent.CompletableFuture$AsyncSupply.run(CompletableFuture.java:1768)
	at java.base/java.util.concurrent.ThreadPoolExecutor.runWorker(ThreadPoolExecutor.java:1144)
	at java.base/java.util.concurrent.ThreadPoolExecutor$Worker.run(ThreadPoolExecutor.java:642)
	at java.base/java.lang.Thread.run(Thread.java:1583)
Caused by: java.net.http.HttpTimeoutException: request timed out
	at java.net.http/jdk.internal.net.http.HttpClientImpl.send(HttpClientImpl.java:949)
	at java.net.http/jdk.internal.net.http.HttpClientFacade.send(HttpClientFacade.java:133)
	at dev.langchain4j.http.client.jdk.JdkHttpClient.execute(JdkHttpClient.java:50)
	... 19 common frames omitted
2026-03-09 14:51:11.389 [pool-5-thread-99] WARN  dev.langchain4j.internal.RetryUtils - A retriable exception occurred. Remaining retries: 1 of 2
dev.langchain4j.exception.TimeoutException: request timed out
	at dev.langchain4j.http.client.jdk.JdkHttpClient.execute(JdkHttpClient.java:58)
	at dev.langchain4j.model.ollama.OllamaClient.chat(OllamaClient.java:102)
	at dev.langchain4j.model.ollama.OllamaChatModel.lambda$doChat$0(OllamaChatModel.java:41)
	at dev.langchain4j.internal.ExceptionMapper.withExceptionMapper(ExceptionMapper.java:29)
	at dev.langchain4j.internal.RetryUtils.lambda$withRetryMappingExceptions$1(RetryUtils.java:322)
	at dev.langchain4j.internal.RetryUtils$RetryPolicy.withRetry(RetryUtils.java:204)
	at dev.langchain4j.internal.RetryUtils.withRetry(RetryUtils.java:259)
	at dev.langchain4j.internal.RetryUtils.withRetryMappingExceptions(RetryUtils.java:322)
	at dev.langchain4j.internal.RetryUtils.withRetryMappingExceptions(RetryUtils.java:305)
	at dev.langchain4j.model.ollama.OllamaChatModel.doChat(OllamaChatModel.java:41)
	at dev.langchain4j.model.chat.ChatModel.chat(ChatModel.java:46)
	at dev.langchain4j.model.chat.ChatModel.chat(ChatModel.java:76)
	at com.river.LegalAssistant.service.advanced.LegalQueryRouter.classifyByAI(LegalQueryRouter.java:147)
	at com.river.LegalAssistant.service.advanced.LegalQueryRouter.analyzeQuery(LegalQueryRouter.java:102)
	at com.river.LegalAssistant.service.advanced.LegalQueryRouter.route(LegalQueryRouter.java:77)
	at dev.langchain4j.rag.DefaultRetrievalAugmentor.lambda$process$1(DefaultRetrievalAugmentor.java:180)
	at java.base/java.util.concurrent.CompletableFuture$AsyncSupply.run(CompletableFuture.java:1768)
	at java.base/java.util.concurrent.ThreadPoolExecutor.runWorker(ThreadPoolExecutor.java:1144)
	at java.base/java.util.concurrent.ThreadPoolExecutor$Worker.run(ThreadPoolExecutor.java:642)
	at java.base/java.lang.Thread.run(Thread.java:1583)
Caused by: java.net.http.HttpTimeoutException: request timed out
	at java.net.http/jdk.internal.net.http.HttpClientImpl.send(HttpClientImpl.java:949)
	at java.net.http/jdk.internal.net.http.HttpClientFacade.send(HttpClientFacade.java:133)
	at dev.langchain4j.http.client.jdk.JdkHttpClient.execute(JdkHttpClient.java:50)
	... 19 common frames omitted
2026-03-09 14:51:11.389 [pool-5-thread-98] WARN  dev.langchain4j.internal.RetryUtils - A retriable exception occurred. Remaining retries: 1 of 2
dev.langchain4j.exception.TimeoutException: request timed out
	at dev.langchain4j.http.client.jdk.JdkHttpClient.execute(JdkHttpClient.java:58)
	at dev.langchain4j.model.ollama.OllamaClient.chat(OllamaClient.java:102)
	at dev.langchain4j.model.ollama.OllamaChatModel.lambda$doChat$0(OllamaChatModel.java:41)
	at dev.langchain4j.internal.ExceptionMapper.withExceptionMapper(ExceptionMapper.java:29)
	at dev.langchain4j.internal.RetryUtils.lambda$withRetryMappingExceptions$1(RetryUtils.java:322)
	at dev.langchain4j.internal.RetryUtils$RetryPolicy.withRetry(RetryUtils.java:204)
	at dev.langchain4j.internal.RetryUtils.withRetry(RetryUtils.java:259)
	at dev.langchain4j.internal.RetryUtils.withRetryMappingExceptions(RetryUtils.java:322)
	at dev.langchain4j.internal.RetryUtils.withRetryMappingExceptions(RetryUtils.java:305)
	at dev.langchain4j.model.ollama.OllamaChatModel.doChat(OllamaChatModel.java:41)
	at dev.langchain4j.model.chat.ChatModel.chat(ChatModel.java:46)
	at dev.langchain4j.model.chat.ChatModel.chat(ChatModel.java:76)
	at com.river.LegalAssistant.service.advanced.LegalQueryRouter.classifyByAI(LegalQueryRouter.java:147)
	at com.river.LegalAssistant.service.advanced.LegalQueryRouter.analyzeQuery(LegalQueryRouter.java:102)
	at com.river.LegalAssistant.service.advanced.LegalQueryRouter.route(LegalQueryRouter.java:77)
	at dev.langchain4j.rag.DefaultRetrievalAugmentor.lambda$process$1(DefaultRetrievalAugmentor.java:180)
	at java.base/java.util.concurrent.CompletableFuture$AsyncSupply.run(CompletableFuture.java:1768)
	at java.base/java.util.concurrent.ThreadPoolExecutor.runWorker(ThreadPoolExecutor.java:1144)
	at java.base/java.util.concurrent.ThreadPoolExecutor$Worker.run(ThreadPoolExecutor.java:642)
	at java.base/java.lang.Thread.run(Thread.java:1583)
Caused by: java.net.http.HttpTimeoutException: request timed out
	at java.net.http/jdk.internal.net.http.HttpClientImpl.send(HttpClientImpl.java:949)
	at java.net.http/jdk.internal.net.http.HttpClientFacade.send(HttpClientFacade.java:133)
	at dev.langchain4j.http.client.jdk.JdkHttpClient.execute(JdkHttpClient.java:50)
	... 19 common frames omitted
2026-03-09 14:51:11.388 [pool-5-thread-100] WARN  dev.langchain4j.internal.RetryUtils - A retriable exception occurred. Remaining retries: 1 of 2
dev.langchain4j.exception.TimeoutException: request timed out
	at dev.langchain4j.http.client.jdk.JdkHttpClient.execute(JdkHttpClient.java:58)
	at dev.langchain4j.model.ollama.OllamaClient.chat(OllamaClient.java:102)
	at dev.langchain4j.model.ollama.OllamaChatModel.lambda$doChat$0(OllamaChatModel.java:41)
	at dev.langchain4j.internal.ExceptionMapper.withExceptionMapper(ExceptionMapper.java:29)
	at dev.langchain4j.internal.RetryUtils.lambda$withRetryMappingExceptions$1(RetryUtils.java:322)
	at dev.langchain4j.internal.RetryUtils$RetryPolicy.withRetry(RetryUtils.java:204)
	at dev.langchain4j.internal.RetryUtils.withRetry(RetryUtils.java:259)
	at dev.langchain4j.internal.RetryUtils.withRetryMappingExceptions(RetryUtils.java:322)
	at dev.langchain4j.internal.RetryUtils.withRetryMappingExceptions(RetryUtils.java:305)
	at dev.langchain4j.model.ollama.OllamaChatModel.doChat(OllamaChatModel.java:41)
	at dev.langchain4j.model.chat.ChatModel.chat(ChatModel.java:46)
	at dev.langchain4j.model.chat.ChatModel.chat(ChatModel.java:76)
	at com.river.LegalAssistant.service.advanced.LegalQueryRouter.classifyByAI(LegalQueryRouter.java:147)
	at com.river.LegalAssistant.service.advanced.LegalQueryRouter.analyzeQuery(LegalQueryRouter.java:102)
	at com.river.LegalAssistant.service.advanced.LegalQueryRouter.route(LegalQueryRouter.java:77)
	at dev.langchain4j.rag.DefaultRetrievalAugmentor.lambda$process$1(DefaultRetrievalAugmentor.java:180)
	at java.base/java.util.concurrent.CompletableFuture$AsyncSupply.run(CompletableFuture.java:1768)
	at java.base/java.util.concurrent.ThreadPoolExecutor.runWorker(ThreadPoolExecutor.java:1144)
	at java.base/java.util.concurrent.ThreadPoolExecutor$Worker.run(ThreadPoolExecutor.java:642)
	at java.base/java.lang.Thread.run(Thread.java:1583)
Caused by: java.net.http.HttpTimeoutException: request timed out
	at java.net.http/jdk.internal.net.http.HttpClientImpl.send(HttpClientImpl.java:949)
	at java.net.http/jdk.internal.net.http.HttpClientFacade.send(HttpClientFacade.java:133)
	at dev.langchain4j.http.client.jdk.JdkHttpClient.execute(JdkHttpClient.java:50)
	... 19 common frames omitted
2026-03-09 14:51:11.388 [pool-5-thread-102] WARN  dev.langchain4j.internal.RetryUtils - A retriable exception occurred. Remaining retries: 1 of 2
dev.langchain4j.exception.TimeoutException: request timed out
	at dev.langchain4j.http.client.jdk.JdkHttpClient.execute(JdkHttpClient.java:58)
	at dev.langchain4j.model.ollama.OllamaClient.chat(OllamaClient.java:102)
	at dev.langchain4j.model.ollama.OllamaChatModel.lambda$doChat$0(OllamaChatModel.java:41)
	at dev.langchain4j.internal.ExceptionMapper.withExceptionMapper(ExceptionMapper.java:29)
	at dev.langchain4j.internal.RetryUtils.lambda$withRetryMappingExceptions$1(RetryUtils.java:322)
	at dev.langchain4j.internal.RetryUtils$RetryPolicy.withRetry(RetryUtils.java:204)
	at dev.langchain4j.internal.RetryUtils.withRetry(RetryUtils.java:259)
	at dev.langchain4j.internal.RetryUtils.withRetryMappingExceptions(RetryUtils.java:322)
	at dev.langchain4j.internal.RetryUtils.withRetryMappingExceptions(RetryUtils.java:305)
	at dev.langchain4j.model.ollama.OllamaChatModel.doChat(OllamaChatModel.java:41)
	at dev.langchain4j.model.chat.ChatModel.chat(ChatModel.java:46)
	at dev.langchain4j.model.chat.ChatModel.chat(ChatModel.java:76)
	at com.river.LegalAssistant.service.advanced.LegalQueryRouter.classifyByAI(LegalQueryRouter.java:147)
	at com.river.LegalAssistant.service.advanced.LegalQueryRouter.analyzeQuery(LegalQueryRouter.java:102)
	at com.river.LegalAssistant.service.advanced.LegalQueryRouter.route(LegalQueryRouter.java:77)
	at dev.langchain4j.rag.DefaultRetrievalAugmentor.lambda$process$1(DefaultRetrievalAugmentor.java:180)
	at java.base/java.util.concurrent.CompletableFuture$AsyncSupply.run(CompletableFuture.java:1768)
	at java.base/java.util.concurrent.ThreadPoolExecutor.runWorker(ThreadPoolExecutor.java:1144)
	at java.base/java.util.concurrent.ThreadPoolExecutor$Worker.run(ThreadPoolExecutor.java:642)
	at java.base/java.lang.Thread.run(Thread.java:1583)
Caused by: java.net.http.HttpTimeoutException: request timed out
	at java.net.http/jdk.internal.net.http.HttpClientImpl.send(HttpClientImpl.java:949)
	at java.net.http/jdk.internal.net.http.HttpClientFacade.send(HttpClientFacade.java:133)
	at dev.langchain4j.http.client.jdk.JdkHttpClient.execute(JdkHttpClient.java:50)
	... 19 common frames omitted
2026-03-09 14:53:12.264 [pool-5-thread-99] WARN  c.r.L.s.advanced.LegalQueryRouter - AI查询分类失败: request timed out
2026-03-09 14:53:12.264 [pool-5-thread-101] WARN  c.r.L.s.advanced.LegalQueryRouter - AI查询分类失败: request timed out
2026-03-09 14:53:12.264 [pool-5-thread-102] WARN  c.r.L.s.advanced.LegalQueryRouter - AI查询分类失败: request timed out
2026-03-09 14:53:12.264 [pool-5-thread-100] WARN  c.r.L.s.advanced.LegalQueryRouter - AI查询分类失败: request timed out
2026-03-09 14:53:12.264 [pool-5-thread-103] WARN  c.r.L.s.advanced.LegalQueryRouter - AI查询分类失败: request timed out
2026-03-09 14:53:12.278 [pool-5-thread-99] INFO  c.r.L.s.advanced.LegalQueryRouter - 为查询类型 CONTRACT_ANALYSIS 选择了 2 个检索器
2026-03-09 14:53:12.278 [pool-5-thread-103] INFO  c.r.L.s.advanced.LegalQueryRouter - 为查询类型 CONTRACT_ANALYSIS 选择了 2 个检索器
2026-03-09 14:53:12.278 [pool-5-thread-100] INFO  c.r.L.s.advanced.LegalQueryRouter - 为查询类型 CONTRACT_ANALYSIS 选择了 2 个检索器
2026-03-09 14:53:12.279 [pool-5-thread-101] INFO  c.r.L.s.advanced.LegalQueryRouter - 为查询类型 GENERAL 选择了 1 个检索器
2026-03-09 14:53:12.279 [pool-5-thread-102] INFO  c.r.L.s.advanced.LegalQueryRouter - 为查询类型 DISPUTE_RESOLUTION 选择了 3 个检索器
2026-03-09 14:53:12.287 [pool-5-thread-104] INFO  c.r.L.s.a.LegalContentRetriever - 多源检索法律内容: 是否需要提前通知或支付经济补偿、代通知金？
2026-03-09 14:53:12.287 [pool-5-thread-107] INFO  c.r.L.s.a.LegalContentRetriever - 多源检索法律内容: 劳动争议发生后常见的仲裁诉讼风险有哪些？
2026-03-09 14:53:12.288 [pool-5-thread-101] INFO  c.r.L.s.a.LegalContentRetriever - 多源检索法律内容: 劳动合同解除 法定条件 试用期
2026-03-09 14:53:12.288 [pool-5-thread-108] INFO  c.r.L.s.a.LegalContentRetriever - 多源检索法律内容: 劳动合同解除 法定条件 试用期
2026-03-09 14:53:12.288 [pool-5-thread-98] WARN  c.r.L.s.advanced.LegalQueryRouter - AI查询分类失败: request timed out
2026-03-09 14:53:12.288 [pool-5-thread-103] INFO  c.r.L.s.a.LegalContentRetriever - 多源检索法律内容: 试用期 劳动合同解除 法定条件 裁员 经济补偿 代通知金
2026-03-09 14:53:12.288 [pool-5-thread-98] INFO  c.r.L.s.advanced.LegalQueryRouter - 为查询类型 GENERAL 选择了 1 个检索器
2026-03-09 14:53:12.288 [pool-5-thread-99] INFO  c.r.L.s.a.LegalContentRetriever - 多源检索法律内容: 试用期员工可以随意辞退吗？
2026-03-09 14:53:12.288 [pool-5-thread-106] INFO  c.r.L.s.a.LegalContentRetriever - 多源检索法律内容: 试用期 劳动合同解除 法定条件 裁员 经济补偿 代通知金
2026-03-09 14:53:12.288 [pool-5-thread-98] INFO  c.r.L.s.a.LegalContentRetriever - 多源检索法律内容: 解除劳动合同前需要准备哪些证据和程序材料？
2026-03-09 14:53:12.288 [pool-5-thread-100] INFO  c.r.L.s.a.LegalContentRetriever - 多源检索法律内容: 劳动争议发生后常见的仲裁诉讼风险有哪些？
2026-03-09 14:53:12.288 [pool-5-thread-109] INFO  c.r.L.s.a.LegalContentRetriever - 多源检索法律内容: 劳动争议发生后常见的仲裁诉讼风险有哪些？
2026-03-09 14:53:12.289 [pool-5-thread-105] INFO  c.r.L.s.a.LegalContentRetriever - 多源检索法律内容: 解除劳动合同前需要准备哪些证据和程序材料？
2026-03-09 14:53:15.774 [pool-5-thread-106] INFO  c.r.L.s.a.LegalContentRetriever - 多源检索完成，返回 7 个结果
2026-03-09 14:53:15.775 [pool-5-thread-107] INFO  c.r.L.s.a.LegalContentRetriever - 多源检索完成，返回 6 个结果
2026-03-09 14:53:15.774 [pool-5-thread-105] INFO  c.r.L.s.a.LegalContentRetriever - 多源检索完成，返回 6 个结果
2026-03-09 14:53:15.775 [pool-5-thread-109] INFO  c.r.L.s.a.LegalContentRetriever - 多源检索完成，返回 6 个结果
2026-03-09 14:53:15.775 [pool-5-thread-98] INFO  c.r.L.s.a.LegalContentRetriever - 多源检索完成，返回 6 个结果
2026-03-09 14:53:15.774 [pool-5-thread-100] INFO  c.r.L.s.a.LegalContentRetriever - 多源检索完成，返回 6 个结果
2026-03-09 14:53:15.845 [pool-5-thread-108] INFO  c.r.L.s.a.LegalContentRetriever - 多源检索完成，返回 7 个结果
2026-03-09 14:53:15.885 [pool-5-thread-99] INFO  c.r.L.s.a.LegalContentRetriever - 多源检索完成，返回 6 个结果
2026-03-09 14:53:15.916 [pool-5-thread-104] INFO  c.r.L.s.a.LegalContentRetriever - 多源检索完成，返回 6 个结果
2026-03-09 14:53:15.917 [pool-5-thread-101] INFO  c.r.L.s.a.LegalContentRetriever - 多源检索完成，返回 7 个结果
2026-03-09 14:53:15.979 [pool-5-thread-103] INFO  c.r.L.s.a.LegalContentRetriever - 多源检索完成，返回 7 个结果
2026-03-09 14:53:15.983 [http-nio-18080-exec-2] INFO  c.r.L.s.a.LegalContentAggregator - 开始聚合法律内容，共 6 个查询，总内容数: 70
2026-03-09 14:53:15.994 [http-nio-18080-exec-2] INFO  c.r.L.s.a.LegalContentAggregator - 内容聚合完成，返回 7 个结果
2026-03-09 14:53:15.995 [http-nio-18080-exec-2] INFO  c.r.L.s.a.LegalContentInjector - 注入法律内容到用户消息，内容数量: 7
2026-03-09 14:53:15.997 [http-nio-18080-exec-2] INFO  c.r.L.s.a.LegalContentInjector - 法律内容注入完成，增强消息长度: 215
2026-03-09 14:53:21.464 [http-nio-18080-exec-2] WARN  c.r.L.service.PromptTemplateService - 模板变量未提供: source
2026-03-09 14:53:40.199 [http-nio-18080-exec-2] INFO  c.r.L.s.a.AdvancedLegalRagService - Advanced RAG answer generated, sessionId=default, sourceCount=7, generationModel=deepseek-chat, durationMs=389719
2026-03-09 14:53:40.200 [http-nio-18080-exec-2] INFO  c.r.L.c.UnifiedChatController - 统一聊天请求处理完成，耗时: 389721 ms
2026-03-09 14:53:40.215 [http-nio-18080-exec-2] INFO  c.r.L.filter.RequestTrackingFilter - [REQUEST_END] traceId=627c6c04, method=POST, uri=/api/v1/chat, status=200, duration=389737ms
2026-03-09 14:53:40.454 [http-nio-18080-exec-5] INFO  c.r.L.c.UnifiedChatController - 收到统一聊天请求: message=请从证据、程序和补偿三方面分析企业批量优化裁员时的主要劳动法风险。, modelType=UNIFIED, conversationId=null, useKnowledgeBase=true
2026-03-09 14:53:40.454 [http-nio-18080-exec-5] INFO  c.r.L.c.UnifiedChatController - Unified mode routed to Advanced Agent for complex analysis
2026-03-09 14:53:48.699 [http-nio-18080-exec-5] INFO  c.r.L.service.AgentService - 处理法律咨询请求: 请从证据、程序和补偿三方面分析企业批量优化裁员时的主要劳动法风险。, 会话ID: default
2026-03-09 14:53:48.699 [http-nio-18080-exec-5] INFO  c.r.L.service.AgentService - ✅ 使用 DeepSeek 高级模型处理请求（详细版），会话: default
2026-03-09 14:54:44.712 [http-nio-18080-exec-5] INFO  c.r.L.service.AgentService - ✅ DeepSeek响应成功，响应长度: 2383
2026-03-09 14:54:44.712 [http-nio-18080-exec-5] INFO  c.r.L.service.AgentService - 📊 最终使用模型: DeepSeek AI Agent (deepseek-chat), 会话: default
2026-03-09 14:54:44.713 [http-nio-18080-exec-5] INFO  c.r.L.c.UnifiedChatController - 统一聊天请求处理完成，耗时: 64259 ms
2026-03-09 14:54:44.715 [http-nio-18080-exec-5] INFO  c.r.L.filter.RequestTrackingFilter - [REQUEST_END] traceId=6ba2a975, method=POST, uri=/api/v1/chat, status=200, duration=64266ms
2026-03-09 14:54:44.733 [http-nio-18080-exec-8] INFO  c.r.L.c.UnifiedChatController - 收到统一聊天请求: message=未提前通知解除劳动合同通常会带来哪些后果？, modelType=ADVANCED_RAG, conversationId=null, useKnowledgeBase=true
2026-03-09 14:54:44.733 [http-nio-18080-exec-8] INFO  c.r.L.s.a.AdvancedLegalRagService - Advanced RAG chat request received, sessionId=default
2026-03-09 14:54:44.734 [http-nio-18080-exec-8] INFO  c.r.L.s.a.LegalQueryTransformer - 转换法律查询: 未提前通知解除劳动合同通常会带来哪些后果？
2026-03-09 14:54:44.734 [http-nio-18080-exec-8] INFO  c.r.L.s.a.LegalQueryTransformer - 查询转换完成，原始1个查询扩展为7个查询
2026-03-09 14:54:44.735 [pool-5-thread-110] INFO  c.r.L.s.advanced.LegalQueryRouter - 路由法律查询: 未提前通知解除劳动合同通常会带来哪些后果？
2026-03-09 14:54:44.736 [pool-5-thread-111] INFO  c.r.L.s.advanced.LegalQueryRouter - 路由法律查询: 未提前通知解除劳动合同协议通常会带来哪些后果？
2026-03-09 14:54:44.736 [pool-5-thread-113] INFO  c.r.L.s.advanced.LegalQueryRouter - 路由法律查询: 解除劳动合同前需要准备哪些证据和程序材料？
2026-03-09 14:54:44.736 [pool-5-thread-112] INFO  c.r.L.s.advanced.LegalQueryRouter - 路由法律查询: 劳动 合同 劳动合同 解除 劳动合同解除 法定条件 试用期 裁员 经济补偿 代通知金
2026-03-09 14:54:44.737 [pool-5-thread-115] INFO  c.r.L.s.advanced.LegalQueryRouter - 路由法律查询: 劳动争议发生后常见的仲裁诉讼风险有哪些？
2026-03-09 14:54:44.737 [pool-5-thread-114] INFO  c.r.L.s.advanced.LegalQueryRouter - 路由法律查询: 是否需要提前通知或支付经济补偿、代通知金？
2026-03-09 14:54:44.737 [pool-5-thread-116] INFO  c.r.L.s.advanced.LegalQueryRouter - 路由法律查询: 劳动 合同 劳动合同解除 法定条件 试用期
2026-03-09 14:56:44.847 [pool-5-thread-115] WARN  dev.langchain4j.internal.RetryUtils - A retriable exception occurred. Remaining retries: 2 of 2
dev.langchain4j.exception.TimeoutException: request timed out
	at dev.langchain4j.http.client.jdk.JdkHttpClient.execute(JdkHttpClient.java:58)
	at dev.langchain4j.model.ollama.OllamaClient.chat(OllamaClient.java:102)
	at dev.langchain4j.model.ollama.OllamaChatModel.lambda$doChat$0(OllamaChatModel.java:41)
	at dev.langchain4j.internal.ExceptionMapper.withExceptionMapper(ExceptionMapper.java:29)
	at dev.langchain4j.internal.RetryUtils.lambda$withRetryMappingExceptions$1(RetryUtils.java:322)
	at dev.langchain4j.internal.RetryUtils$RetryPolicy.withRetry(RetryUtils.java:204)
	at dev.langchain4j.internal.RetryUtils.withRetry(RetryUtils.java:259)
	at dev.langchain4j.internal.RetryUtils.withRetryMappingExceptions(RetryUtils.java:322)
	at dev.langchain4j.internal.RetryUtils.withRetryMappingExceptions(RetryUtils.java:305)
	at dev.langchain4j.model.ollama.OllamaChatModel.doChat(OllamaChatModel.java:41)
	at dev.langchain4j.model.chat.ChatModel.chat(ChatModel.java:46)
	at dev.langchain4j.model.chat.ChatModel.chat(ChatModel.java:76)
	at com.river.LegalAssistant.service.advanced.LegalQueryRouter.classifyByAI(LegalQueryRouter.java:147)
	at com.river.LegalAssistant.service.advanced.LegalQueryRouter.analyzeQuery(LegalQueryRouter.java:102)
	at com.river.LegalAssistant.service.advanced.LegalQueryRouter.route(LegalQueryRouter.java:77)
	at dev.langchain4j.rag.DefaultRetrievalAugmentor.lambda$process$1(DefaultRetrievalAugmentor.java:180)
	at java.base/java.util.concurrent.CompletableFuture$AsyncSupply.run(CompletableFuture.java:1768)
	at java.base/java.util.concurrent.ThreadPoolExecutor.runWorker(ThreadPoolExecutor.java:1144)
	at java.base/java.util.concurrent.ThreadPoolExecutor$Worker.run(ThreadPoolExecutor.java:642)
	at java.base/java.lang.Thread.run(Thread.java:1583)
Caused by: java.net.http.HttpTimeoutException: request timed out
	at java.net.http/jdk.internal.net.http.HttpClientImpl.send(HttpClientImpl.java:949)
	at java.net.http/jdk.internal.net.http.HttpClientFacade.send(HttpClientFacade.java:133)
	at dev.langchain4j.http.client.jdk.JdkHttpClient.execute(JdkHttpClient.java:50)
	... 19 common frames omitted
2026-03-09 14:56:44.847 [pool-5-thread-113] WARN  dev.langchain4j.internal.RetryUtils - A retriable exception occurred. Remaining retries: 2 of 2
dev.langchain4j.exception.TimeoutException: request timed out
	at dev.langchain4j.http.client.jdk.JdkHttpClient.execute(JdkHttpClient.java:58)
	at dev.langchain4j.model.ollama.OllamaClient.chat(OllamaClient.java:102)
	at dev.langchain4j.model.ollama.OllamaChatModel.lambda$doChat$0(OllamaChatModel.java:41)
	at dev.langchain4j.internal.ExceptionMapper.withExceptionMapper(ExceptionMapper.java:29)
	at dev.langchain4j.internal.RetryUtils.lambda$withRetryMappingExceptions$1(RetryUtils.java:322)
	at dev.langchain4j.internal.RetryUtils$RetryPolicy.withRetry(RetryUtils.java:204)
	at dev.langchain4j.internal.RetryUtils.withRetry(RetryUtils.java:259)
	at dev.langchain4j.internal.RetryUtils.withRetryMappingExceptions(RetryUtils.java:322)
	at dev.langchain4j.internal.RetryUtils.withRetryMappingExceptions(RetryUtils.java:305)
	at dev.langchain4j.model.ollama.OllamaChatModel.doChat(OllamaChatModel.java:41)
	at dev.langchain4j.model.chat.ChatModel.chat(ChatModel.java:46)
	at dev.langchain4j.model.chat.ChatModel.chat(ChatModel.java:76)
	at com.river.LegalAssistant.service.advanced.LegalQueryRouter.classifyByAI(LegalQueryRouter.java:147)
	at com.river.LegalAssistant.service.advanced.LegalQueryRouter.analyzeQuery(LegalQueryRouter.java:102)
	at com.river.LegalAssistant.service.advanced.LegalQueryRouter.route(LegalQueryRouter.java:77)
	at dev.langchain4j.rag.DefaultRetrievalAugmentor.lambda$process$1(DefaultRetrievalAugmentor.java:180)
	at java.base/java.util.concurrent.CompletableFuture$AsyncSupply.run(CompletableFuture.java:1768)
	at java.base/java.util.concurrent.ThreadPoolExecutor.runWorker(ThreadPoolExecutor.java:1144)
	at java.base/java.util.concurrent.ThreadPoolExecutor$Worker.run(ThreadPoolExecutor.java:642)
	at java.base/java.lang.Thread.run(Thread.java:1583)
Caused by: java.net.http.HttpTimeoutException: request timed out
	at java.net.http/jdk.internal.net.http.HttpClientImpl.send(HttpClientImpl.java:949)
	at java.net.http/jdk.internal.net.http.HttpClientFacade.send(HttpClientFacade.java:133)
	at dev.langchain4j.http.client.jdk.JdkHttpClient.execute(JdkHttpClient.java:50)
	... 19 common frames omitted
2026-03-09 14:56:44.847 [pool-5-thread-112] WARN  dev.langchain4j.internal.RetryUtils - A retriable exception occurred. Remaining retries: 2 of 2
dev.langchain4j.exception.TimeoutException: request timed out
	at dev.langchain4j.http.client.jdk.JdkHttpClient.execute(JdkHttpClient.java:58)
	at dev.langchain4j.model.ollama.OllamaClient.chat(OllamaClient.java:102)
	at dev.langchain4j.model.ollama.OllamaChatModel.lambda$doChat$0(OllamaChatModel.java:41)
	at dev.langchain4j.internal.ExceptionMapper.withExceptionMapper(ExceptionMapper.java:29)
	at dev.langchain4j.internal.RetryUtils.lambda$withRetryMappingExceptions$1(RetryUtils.java:322)
	at dev.langchain4j.internal.RetryUtils$RetryPolicy.withRetry(RetryUtils.java:204)
	at dev.langchain4j.internal.RetryUtils.withRetry(RetryUtils.java:259)
	at dev.langchain4j.internal.RetryUtils.withRetryMappingExceptions(RetryUtils.java:322)
	at dev.langchain4j.internal.RetryUtils.withRetryMappingExceptions(RetryUtils.java:305)
	at dev.langchain4j.model.ollama.OllamaChatModel.doChat(OllamaChatModel.java:41)
	at dev.langchain4j.model.chat.ChatModel.chat(ChatModel.java:46)
	at dev.langchain4j.model.chat.ChatModel.chat(ChatModel.java:76)
	at com.river.LegalAssistant.service.advanced.LegalQueryRouter.classifyByAI(LegalQueryRouter.java:147)
	at com.river.LegalAssistant.service.advanced.LegalQueryRouter.analyzeQuery(LegalQueryRouter.java:102)
	at com.river.LegalAssistant.service.advanced.LegalQueryRouter.route(LegalQueryRouter.java:77)
	at dev.langchain4j.rag.DefaultRetrievalAugmentor.lambda$process$1(DefaultRetrievalAugmentor.java:180)
	at java.base/java.util.concurrent.CompletableFuture$AsyncSupply.run(CompletableFuture.java:1768)
	at java.base/java.util.concurrent.ThreadPoolExecutor.runWorker(ThreadPoolExecutor.java:1144)
	at java.base/java.util.concurrent.ThreadPoolExecutor$Worker.run(ThreadPoolExecutor.java:642)
	at java.base/java.lang.Thread.run(Thread.java:1583)
Caused by: java.net.http.HttpTimeoutException: request timed out
	at java.net.http/jdk.internal.net.http.HttpClientImpl.send(HttpClientImpl.java:949)
	at java.net.http/jdk.internal.net.http.HttpClientFacade.send(HttpClientFacade.java:133)
	at dev.langchain4j.http.client.jdk.JdkHttpClient.execute(JdkHttpClient.java:50)
	... 19 common frames omitted
2026-03-09 14:56:44.847 [pool-5-thread-111] WARN  dev.langchain4j.internal.RetryUtils - A retriable exception occurred. Remaining retries: 2 of 2
dev.langchain4j.exception.TimeoutException: request timed out
	at dev.langchain4j.http.client.jdk.JdkHttpClient.execute(JdkHttpClient.java:58)
	at dev.langchain4j.model.ollama.OllamaClient.chat(OllamaClient.java:102)
	at dev.langchain4j.model.ollama.OllamaChatModel.lambda$doChat$0(OllamaChatModel.java:41)
	at dev.langchain4j.internal.ExceptionMapper.withExceptionMapper(ExceptionMapper.java:29)
	at dev.langchain4j.internal.RetryUtils.lambda$withRetryMappingExceptions$1(RetryUtils.java:322)
	at dev.langchain4j.internal.RetryUtils$RetryPolicy.withRetry(RetryUtils.java:204)
	at dev.langchain4j.internal.RetryUtils.withRetry(RetryUtils.java:259)
	at dev.langchain4j.internal.RetryUtils.withRetryMappingExceptions(RetryUtils.java:322)
	at dev.langchain4j.internal.RetryUtils.withRetryMappingExceptions(RetryUtils.java:305)
	at dev.langchain4j.model.ollama.OllamaChatModel.doChat(OllamaChatModel.java:41)
	at dev.langchain4j.model.chat.ChatModel.chat(ChatModel.java:46)
	at dev.langchain4j.model.chat.ChatModel.chat(ChatModel.java:76)
	at com.river.LegalAssistant.service.advanced.LegalQueryRouter.classifyByAI(LegalQueryRouter.java:147)
	at com.river.LegalAssistant.service.advanced.LegalQueryRouter.analyzeQuery(LegalQueryRouter.java:102)
	at com.river.LegalAssistant.service.advanced.LegalQueryRouter.route(LegalQueryRouter.java:77)
	at dev.langchain4j.rag.DefaultRetrievalAugmentor.lambda$process$1(DefaultRetrievalAugmentor.java:180)
	at java.base/java.util.concurrent.CompletableFuture$AsyncSupply.run(CompletableFuture.java:1768)
	at java.base/java.util.concurrent.ThreadPoolExecutor.runWorker(ThreadPoolExecutor.java:1144)
	at java.base/java.util.concurrent.ThreadPoolExecutor$Worker.run(ThreadPoolExecutor.java:642)
	at java.base/java.lang.Thread.run(Thread.java:1583)
Caused by: java.net.http.HttpTimeoutException: request timed out
	at java.net.http/jdk.internal.net.http.HttpClientImpl.send(HttpClientImpl.java:949)
	at java.net.http/jdk.internal.net.http.HttpClientFacade.send(HttpClientFacade.java:133)
	at dev.langchain4j.http.client.jdk.JdkHttpClient.execute(JdkHttpClient.java:50)
	... 19 common frames omitted
2026-03-09 14:56:44.847 [pool-5-thread-110] WARN  dev.langchain4j.internal.RetryUtils - A retriable exception occurred. Remaining retries: 2 of 2
dev.langchain4j.exception.TimeoutException: request timed out
	at dev.langchain4j.http.client.jdk.JdkHttpClient.execute(JdkHttpClient.java:58)
	at dev.langchain4j.model.ollama.OllamaClient.chat(OllamaClient.java:102)
	at dev.langchain4j.model.ollama.OllamaChatModel.lambda$doChat$0(OllamaChatModel.java:41)
	at dev.langchain4j.internal.ExceptionMapper.withExceptionMapper(ExceptionMapper.java:29)
	at dev.langchain4j.internal.RetryUtils.lambda$withRetryMappingExceptions$1(RetryUtils.java:322)
	at dev.langchain4j.internal.RetryUtils$RetryPolicy.withRetry(RetryUtils.java:204)
	at dev.langchain4j.internal.RetryUtils.withRetry(RetryUtils.java:259)
	at dev.langchain4j.internal.RetryUtils.withRetryMappingExceptions(RetryUtils.java:322)
	at dev.langchain4j.internal.RetryUtils.withRetryMappingExceptions(RetryUtils.java:305)
	at dev.langchain4j.model.ollama.OllamaChatModel.doChat(OllamaChatModel.java:41)
	at dev.langchain4j.model.chat.ChatModel.chat(ChatModel.java:46)
	at dev.langchain4j.model.chat.ChatModel.chat(ChatModel.java:76)
	at com.river.LegalAssistant.service.advanced.LegalQueryRouter.classifyByAI(LegalQueryRouter.java:147)
	at com.river.LegalAssistant.service.advanced.LegalQueryRouter.analyzeQuery(LegalQueryRouter.java:102)
	at com.river.LegalAssistant.service.advanced.LegalQueryRouter.route(LegalQueryRouter.java:77)
	at dev.langchain4j.rag.DefaultRetrievalAugmentor.lambda$process$1(DefaultRetrievalAugmentor.java:180)
	at java.base/java.util.concurrent.CompletableFuture$AsyncSupply.run(CompletableFuture.java:1768)
	at java.base/java.util.concurrent.ThreadPoolExecutor.runWorker(ThreadPoolExecutor.java:1144)
	at java.base/java.util.concurrent.ThreadPoolExecutor$Worker.run(ThreadPoolExecutor.java:642)
	at java.base/java.lang.Thread.run(Thread.java:1583)
Caused by: java.net.http.HttpTimeoutException: request timed out
	at java.net.http/jdk.internal.net.http.HttpClientImpl.send(HttpClientImpl.java:949)
	at java.net.http/jdk.internal.net.http.HttpClientFacade.send(HttpClientFacade.java:133)
	at dev.langchain4j.http.client.jdk.JdkHttpClient.execute(JdkHttpClient.java:50)
	... 19 common frames omitted
2026-03-09 14:56:44.847 [pool-5-thread-116] WARN  dev.langchain4j.internal.RetryUtils - A retriable exception occurred. Remaining retries: 2 of 2
dev.langchain4j.exception.TimeoutException: request timed out
	at dev.langchain4j.http.client.jdk.JdkHttpClient.execute(JdkHttpClient.java:58)
	at dev.langchain4j.model.ollama.OllamaClient.chat(OllamaClient.java:102)
	at dev.langchain4j.model.ollama.OllamaChatModel.lambda$doChat$0(OllamaChatModel.java:41)
	at dev.langchain4j.internal.ExceptionMapper.withExceptionMapper(ExceptionMapper.java:29)
	at dev.langchain4j.internal.RetryUtils.lambda$withRetryMappingExceptions$1(RetryUtils.java:322)
	at dev.langchain4j.internal.RetryUtils$RetryPolicy.withRetry(RetryUtils.java:204)
	at dev.langchain4j.internal.RetryUtils.withRetry(RetryUtils.java:259)
	at dev.langchain4j.internal.RetryUtils.withRetryMappingExceptions(RetryUtils.java:322)
	at dev.langchain4j.internal.RetryUtils.withRetryMappingExceptions(RetryUtils.java:305)
	at dev.langchain4j.model.ollama.OllamaChatModel.doChat(OllamaChatModel.java:41)
	at dev.langchain4j.model.chat.ChatModel.chat(ChatModel.java:46)
	at dev.langchain4j.model.chat.ChatModel.chat(ChatModel.java:76)
	at com.river.LegalAssistant.service.advanced.LegalQueryRouter.classifyByAI(LegalQueryRouter.java:147)
	at com.river.LegalAssistant.service.advanced.LegalQueryRouter.analyzeQuery(LegalQueryRouter.java:102)
	at com.river.LegalAssistant.service.advanced.LegalQueryRouter.route(LegalQueryRouter.java:77)
	at dev.langchain4j.rag.DefaultRetrievalAugmentor.lambda$process$1(DefaultRetrievalAugmentor.java:180)
	at java.base/java.util.concurrent.CompletableFuture$AsyncSupply.run(CompletableFuture.java:1768)
	at java.base/java.util.concurrent.ThreadPoolExecutor.runWorker(ThreadPoolExecutor.java:1144)
	at java.base/java.util.concurrent.ThreadPoolExecutor$Worker.run(ThreadPoolExecutor.java:642)
	at java.base/java.lang.Thread.run(Thread.java:1583)
Caused by: java.net.http.HttpTimeoutException: request timed out
	at java.net.http/jdk.internal.net.http.HttpClientImpl.send(HttpClientImpl.java:949)
	at java.net.http/jdk.internal.net.http.HttpClientFacade.send(HttpClientFacade.java:133)
	at dev.langchain4j.http.client.jdk.JdkHttpClient.execute(JdkHttpClient.java:50)
	... 19 common frames omitted
2026-03-09 14:56:44.847 [pool-5-thread-114] WARN  dev.langchain4j.internal.RetryUtils - A retriable exception occurred. Remaining retries: 2 of 2
dev.langchain4j.exception.TimeoutException: request timed out
	at dev.langchain4j.http.client.jdk.JdkHttpClient.execute(JdkHttpClient.java:58)
	at dev.langchain4j.model.ollama.OllamaClient.chat(OllamaClient.java:102)
	at dev.langchain4j.model.ollama.OllamaChatModel.lambda$doChat$0(OllamaChatModel.java:41)
	at dev.langchain4j.internal.ExceptionMapper.withExceptionMapper(ExceptionMapper.java:29)
	at dev.langchain4j.internal.RetryUtils.lambda$withRetryMappingExceptions$1(RetryUtils.java:322)
	at dev.langchain4j.internal.RetryUtils$RetryPolicy.withRetry(RetryUtils.java:204)
	at dev.langchain4j.internal.RetryUtils.withRetry(RetryUtils.java:259)
	at dev.langchain4j.internal.RetryUtils.withRetryMappingExceptions(RetryUtils.java:322)
	at dev.langchain4j.internal.RetryUtils.withRetryMappingExceptions(RetryUtils.java:305)
	at dev.langchain4j.model.ollama.OllamaChatModel.doChat(OllamaChatModel.java:41)
	at dev.langchain4j.model.chat.ChatModel.chat(ChatModel.java:46)
	at dev.langchain4j.model.chat.ChatModel.chat(ChatModel.java:76)
	at com.river.LegalAssistant.service.advanced.LegalQueryRouter.classifyByAI(LegalQueryRouter.java:147)
	at com.river.LegalAssistant.service.advanced.LegalQueryRouter.analyzeQuery(LegalQueryRouter.java:102)
	at com.river.LegalAssistant.service.advanced.LegalQueryRouter.route(LegalQueryRouter.java:77)
	at dev.langchain4j.rag.DefaultRetrievalAugmentor.lambda$process$1(DefaultRetrievalAugmentor.java:180)
	at java.base/java.util.concurrent.CompletableFuture$AsyncSupply.run(CompletableFuture.java:1768)
	at java.base/java.util.concurrent.ThreadPoolExecutor.runWorker(ThreadPoolExecutor.java:1144)
	at java.base/java.util.concurrent.ThreadPoolExecutor$Worker.run(ThreadPoolExecutor.java:642)
	at java.base/java.lang.Thread.run(Thread.java:1583)
Caused by: java.net.http.HttpTimeoutException: request timed out
	at java.net.http/jdk.internal.net.http.HttpClientImpl.send(HttpClientImpl.java:949)
	at java.net.http/jdk.internal.net.http.HttpClientFacade.send(HttpClientFacade.java:133)
	at dev.langchain4j.http.client.jdk.JdkHttpClient.execute(JdkHttpClient.java:50)
	... 19 common frames omitted
2026-03-09 14:58:45.522 [pool-5-thread-112] WARN  dev.langchain4j.internal.RetryUtils - A retriable exception occurred. Remaining retries: 1 of 2
dev.langchain4j.exception.TimeoutException: request timed out
	at dev.langchain4j.http.client.jdk.JdkHttpClient.execute(JdkHttpClient.java:58)
	at dev.langchain4j.model.ollama.OllamaClient.chat(OllamaClient.java:102)
	at dev.langchain4j.model.ollama.OllamaChatModel.lambda$doChat$0(OllamaChatModel.java:41)
	at dev.langchain4j.internal.ExceptionMapper.withExceptionMapper(ExceptionMapper.java:29)
	at dev.langchain4j.internal.RetryUtils.lambda$withRetryMappingExceptions$1(RetryUtils.java:322)
	at dev.langchain4j.internal.RetryUtils$RetryPolicy.withRetry(RetryUtils.java:204)
	at dev.langchain4j.internal.RetryUtils.withRetry(RetryUtils.java:259)
	at dev.langchain4j.internal.RetryUtils.withRetryMappingExceptions(RetryUtils.java:322)
	at dev.langchain4j.internal.RetryUtils.withRetryMappingExceptions(RetryUtils.java:305)
	at dev.langchain4j.model.ollama.OllamaChatModel.doChat(OllamaChatModel.java:41)
	at dev.langchain4j.model.chat.ChatModel.chat(ChatModel.java:46)
	at dev.langchain4j.model.chat.ChatModel.chat(ChatModel.java:76)
	at com.river.LegalAssistant.service.advanced.LegalQueryRouter.classifyByAI(LegalQueryRouter.java:147)
	at com.river.LegalAssistant.service.advanced.LegalQueryRouter.analyzeQuery(LegalQueryRouter.java:102)
	at com.river.LegalAssistant.service.advanced.LegalQueryRouter.route(LegalQueryRouter.java:77)
	at dev.langchain4j.rag.DefaultRetrievalAugmentor.lambda$process$1(DefaultRetrievalAugmentor.java:180)
	at java.base/java.util.concurrent.CompletableFuture$AsyncSupply.run(CompletableFuture.java:1768)
	at java.base/java.util.concurrent.ThreadPoolExecutor.runWorker(ThreadPoolExecutor.java:1144)
	at java.base/java.util.concurrent.ThreadPoolExecutor$Worker.run(ThreadPoolExecutor.java:642)
	at java.base/java.lang.Thread.run(Thread.java:1583)
Caused by: java.net.http.HttpTimeoutException: request timed out
	at java.net.http/jdk.internal.net.http.HttpClientImpl.send(HttpClientImpl.java:949)
	at java.net.http/jdk.internal.net.http.HttpClientFacade.send(HttpClientFacade.java:133)
	at dev.langchain4j.http.client.jdk.JdkHttpClient.execute(JdkHttpClient.java:50)
	... 19 common frames omitted
2026-03-09 14:58:45.522 [pool-5-thread-114] WARN  dev.langchain4j.internal.RetryUtils - A retriable exception occurred. Remaining retries: 1 of 2
dev.langchain4j.exception.TimeoutException: request timed out
	at dev.langchain4j.http.client.jdk.JdkHttpClient.execute(JdkHttpClient.java:58)
	at dev.langchain4j.model.ollama.OllamaClient.chat(OllamaClient.java:102)
	at dev.langchain4j.model.ollama.OllamaChatModel.lambda$doChat$0(OllamaChatModel.java:41)
	at dev.langchain4j.internal.ExceptionMapper.withExceptionMapper(ExceptionMapper.java:29)
	at dev.langchain4j.internal.RetryUtils.lambda$withRetryMappingExceptions$1(RetryUtils.java:322)
	at dev.langchain4j.internal.RetryUtils$RetryPolicy.withRetry(RetryUtils.java:204)
	at dev.langchain4j.internal.RetryUtils.withRetry(RetryUtils.java:259)
	at dev.langchain4j.internal.RetryUtils.withRetryMappingExceptions(RetryUtils.java:322)
	at dev.langchain4j.internal.RetryUtils.withRetryMappingExceptions(RetryUtils.java:305)
	at dev.langchain4j.model.ollama.OllamaChatModel.doChat(OllamaChatModel.java:41)
	at dev.langchain4j.model.chat.ChatModel.chat(ChatModel.java:46)
	at dev.langchain4j.model.chat.ChatModel.chat(ChatModel.java:76)
	at com.river.LegalAssistant.service.advanced.LegalQueryRouter.classifyByAI(LegalQueryRouter.java:147)
	at com.river.LegalAssistant.service.advanced.LegalQueryRouter.analyzeQuery(LegalQueryRouter.java:102)
	at com.river.LegalAssistant.service.advanced.LegalQueryRouter.route(LegalQueryRouter.java:77)
	at dev.langchain4j.rag.DefaultRetrievalAugmentor.lambda$process$1(DefaultRetrievalAugmentor.java:180)
	at java.base/java.util.concurrent.CompletableFuture$AsyncSupply.run(CompletableFuture.java:1768)
	at java.base/java.util.concurrent.ThreadPoolExecutor.runWorker(ThreadPoolExecutor.java:1144)
	at java.base/java.util.concurrent.ThreadPoolExecutor$Worker.run(ThreadPoolExecutor.java:642)
	at java.base/java.lang.Thread.run(Thread.java:1583)
Caused by: java.net.http.HttpTimeoutException: request timed out
	at java.net.http/jdk.internal.net.http.HttpClientImpl.send(HttpClientImpl.java:949)
	at java.net.http/jdk.internal.net.http.HttpClientFacade.send(HttpClientFacade.java:133)
	at dev.langchain4j.http.client.jdk.JdkHttpClient.execute(JdkHttpClient.java:50)
	... 19 common frames omitted
2026-03-09 14:58:45.522 [pool-5-thread-113] WARN  dev.langchain4j.internal.RetryUtils - A retriable exception occurred. Remaining retries: 1 of 2
dev.langchain4j.exception.TimeoutException: request timed out
	at dev.langchain4j.http.client.jdk.JdkHttpClient.execute(JdkHttpClient.java:58)
	at dev.langchain4j.model.ollama.OllamaClient.chat(OllamaClient.java:102)
	at dev.langchain4j.model.ollama.OllamaChatModel.lambda$doChat$0(OllamaChatModel.java:41)
	at dev.langchain4j.internal.ExceptionMapper.withExceptionMapper(ExceptionMapper.java:29)
	at dev.langchain4j.internal.RetryUtils.lambda$withRetryMappingExceptions$1(RetryUtils.java:322)
	at dev.langchain4j.internal.RetryUtils$RetryPolicy.withRetry(RetryUtils.java:204)
	at dev.langchain4j.internal.RetryUtils.withRetry(RetryUtils.java:259)
	at dev.langchain4j.internal.RetryUtils.withRetryMappingExceptions(RetryUtils.java:322)
	at dev.langchain4j.internal.RetryUtils.withRetryMappingExceptions(RetryUtils.java:305)
	at dev.langchain4j.model.ollama.OllamaChatModel.doChat(OllamaChatModel.java:41)
	at dev.langchain4j.model.chat.ChatModel.chat(ChatModel.java:46)
	at dev.langchain4j.model.chat.ChatModel.chat(ChatModel.java:76)
	at com.river.LegalAssistant.service.advanced.LegalQueryRouter.classifyByAI(LegalQueryRouter.java:147)
	at com.river.LegalAssistant.service.advanced.LegalQueryRouter.analyzeQuery(LegalQueryRouter.java:102)
	at com.river.LegalAssistant.service.advanced.LegalQueryRouter.route(LegalQueryRouter.java:77)
	at dev.langchain4j.rag.DefaultRetrievalAugmentor.lambda$process$1(DefaultRetrievalAugmentor.java:180)
	at java.base/java.util.concurrent.CompletableFuture$AsyncSupply.run(CompletableFuture.java:1768)
	at java.base/java.util.concurrent.ThreadPoolExecutor.runWorker(ThreadPoolExecutor.java:1144)
	at java.base/java.util.concurrent.ThreadPoolExecutor$Worker.run(ThreadPoolExecutor.java:642)
	at java.base/java.lang.Thread.run(Thread.java:1583)
Caused by: java.net.http.HttpTimeoutException: request timed out
	at java.net.http/jdk.internal.net.http.HttpClientImpl.send(HttpClientImpl.java:949)
	at java.net.http/jdk.internal.net.http.HttpClientFacade.send(HttpClientFacade.java:133)
	at dev.langchain4j.http.client.jdk.JdkHttpClient.execute(JdkHttpClient.java:50)
	... 19 common frames omitted
2026-03-09 14:58:45.522 [pool-5-thread-115] WARN  dev.langchain4j.internal.RetryUtils - A retriable exception occurred. Remaining retries: 1 of 2
dev.langchain4j.exception.TimeoutException: request timed out
	at dev.langchain4j.http.client.jdk.JdkHttpClient.execute(JdkHttpClient.java:58)
	at dev.langchain4j.model.ollama.OllamaClient.chat(OllamaClient.java:102)
	at dev.langchain4j.model.ollama.OllamaChatModel.lambda$doChat$0(OllamaChatModel.java:41)
	at dev.langchain4j.internal.ExceptionMapper.withExceptionMapper(ExceptionMapper.java:29)
	at dev.langchain4j.internal.RetryUtils.lambda$withRetryMappingExceptions$1(RetryUtils.java:322)
	at dev.langchain4j.internal.RetryUtils$RetryPolicy.withRetry(RetryUtils.java:204)
	at dev.langchain4j.internal.RetryUtils.withRetry(RetryUtils.java:259)
	at dev.langchain4j.internal.RetryUtils.withRetryMappingExceptions(RetryUtils.java:322)
	at dev.langchain4j.internal.RetryUtils.withRetryMappingExceptions(RetryUtils.java:305)
	at dev.langchain4j.model.ollama.OllamaChatModel.doChat(OllamaChatModel.java:41)
	at dev.langchain4j.model.chat.ChatModel.chat(ChatModel.java:46)
	at dev.langchain4j.model.chat.ChatModel.chat(ChatModel.java:76)
	at com.river.LegalAssistant.service.advanced.LegalQueryRouter.classifyByAI(LegalQueryRouter.java:147)
	at com.river.LegalAssistant.service.advanced.LegalQueryRouter.analyzeQuery(LegalQueryRouter.java:102)
	at com.river.LegalAssistant.service.advanced.LegalQueryRouter.route(LegalQueryRouter.java:77)
	at dev.langchain4j.rag.DefaultRetrievalAugmentor.lambda$process$1(DefaultRetrievalAugmentor.java:180)
	at java.base/java.util.concurrent.CompletableFuture$AsyncSupply.run(CompletableFuture.java:1768)
	at java.base/java.util.concurrent.ThreadPoolExecutor.runWorker(ThreadPoolExecutor.java:1144)
	at java.base/java.util.concurrent.ThreadPoolExecutor$Worker.run(ThreadPoolExecutor.java:642)
	at java.base/java.lang.Thread.run(Thread.java:1583)
Caused by: java.net.http.HttpTimeoutException: request timed out
	at java.net.http/jdk.internal.net.http.HttpClientImpl.send(HttpClientImpl.java:949)
	at java.net.http/jdk.internal.net.http.HttpClientFacade.send(HttpClientFacade.java:133)
	at dev.langchain4j.http.client.jdk.JdkHttpClient.execute(JdkHttpClient.java:50)
	... 19 common frames omitted
2026-03-09 14:58:45.522 [pool-5-thread-110] WARN  dev.langchain4j.internal.RetryUtils - A retriable exception occurred. Remaining retries: 1 of 2
dev.langchain4j.exception.TimeoutException: request timed out
	at dev.langchain4j.http.client.jdk.JdkHttpClient.execute(JdkHttpClient.java:58)
	at dev.langchain4j.model.ollama.OllamaClient.chat(OllamaClient.java:102)
	at dev.langchain4j.model.ollama.OllamaChatModel.lambda$doChat$0(OllamaChatModel.java:41)
	at dev.langchain4j.internal.ExceptionMapper.withExceptionMapper(ExceptionMapper.java:29)
	at dev.langchain4j.internal.RetryUtils.lambda$withRetryMappingExceptions$1(RetryUtils.java:322)
	at dev.langchain4j.internal.RetryUtils$RetryPolicy.withRetry(RetryUtils.java:204)
	at dev.langchain4j.internal.RetryUtils.withRetry(RetryUtils.java:259)
	at dev.langchain4j.internal.RetryUtils.withRetryMappingExceptions(RetryUtils.java:322)
	at dev.langchain4j.internal.RetryUtils.withRetryMappingExceptions(RetryUtils.java:305)
	at dev.langchain4j.model.ollama.OllamaChatModel.doChat(OllamaChatModel.java:41)
	at dev.langchain4j.model.chat.ChatModel.chat(ChatModel.java:46)
	at dev.langchain4j.model.chat.ChatModel.chat(ChatModel.java:76)
	at com.river.LegalAssistant.service.advanced.LegalQueryRouter.classifyByAI(LegalQueryRouter.java:147)
	at com.river.LegalAssistant.service.advanced.LegalQueryRouter.analyzeQuery(LegalQueryRouter.java:102)
	at com.river.LegalAssistant.service.advanced.LegalQueryRouter.route(LegalQueryRouter.java:77)
	at dev.langchain4j.rag.DefaultRetrievalAugmentor.lambda$process$1(DefaultRetrievalAugmentor.java:180)
	at java.base/java.util.concurrent.CompletableFuture$AsyncSupply.run(CompletableFuture.java:1768)
	at java.base/java.util.concurrent.ThreadPoolExecutor.runWorker(ThreadPoolExecutor.java:1144)
	at java.base/java.util.concurrent.ThreadPoolExecutor$Worker.run(ThreadPoolExecutor.java:642)
	at java.base/java.lang.Thread.run(Thread.java:1583)
Caused by: java.net.http.HttpTimeoutException: request timed out
	at java.net.http/jdk.internal.net.http.HttpClientImpl.send(HttpClientImpl.java:949)
	at java.net.http/jdk.internal.net.http.HttpClientFacade.send(HttpClientFacade.java:133)
	at dev.langchain4j.http.client.jdk.JdkHttpClient.execute(JdkHttpClient.java:50)
	... 19 common frames omitted
2026-03-09 14:58:45.522 [pool-5-thread-116] WARN  dev.langchain4j.internal.RetryUtils - A retriable exception occurred. Remaining retries: 1 of 2
dev.langchain4j.exception.TimeoutException: request timed out
	at dev.langchain4j.http.client.jdk.JdkHttpClient.execute(JdkHttpClient.java:58)
	at dev.langchain4j.model.ollama.OllamaClient.chat(OllamaClient.java:102)
	at dev.langchain4j.model.ollama.OllamaChatModel.lambda$doChat$0(OllamaChatModel.java:41)
	at dev.langchain4j.internal.ExceptionMapper.withExceptionMapper(ExceptionMapper.java:29)
	at dev.langchain4j.internal.RetryUtils.lambda$withRetryMappingExceptions$1(RetryUtils.java:322)
	at dev.langchain4j.internal.RetryUtils$RetryPolicy.withRetry(RetryUtils.java:204)
	at dev.langchain4j.internal.RetryUtils.withRetry(RetryUtils.java:259)
	at dev.langchain4j.internal.RetryUtils.withRetryMappingExceptions(RetryUtils.java:322)
	at dev.langchain4j.internal.RetryUtils.withRetryMappingExceptions(RetryUtils.java:305)
	at dev.langchain4j.model.ollama.OllamaChatModel.doChat(OllamaChatModel.java:41)
	at dev.langchain4j.model.chat.ChatModel.chat(ChatModel.java:46)
	at dev.langchain4j.model.chat.ChatModel.chat(ChatModel.java:76)
	at com.river.LegalAssistant.service.advanced.LegalQueryRouter.classifyByAI(LegalQueryRouter.java:147)
	at com.river.LegalAssistant.service.advanced.LegalQueryRouter.analyzeQuery(LegalQueryRouter.java:102)
	at com.river.LegalAssistant.service.advanced.LegalQueryRouter.route(LegalQueryRouter.java:77)
	at dev.langchain4j.rag.DefaultRetrievalAugmentor.lambda$process$1(DefaultRetrievalAugmentor.java:180)
	at java.base/java.util.concurrent.CompletableFuture$AsyncSupply.run(CompletableFuture.java:1768)
	at java.base/java.util.concurrent.ThreadPoolExecutor.runWorker(ThreadPoolExecutor.java:1144)
	at java.base/java.util.concurrent.ThreadPoolExecutor$Worker.run(ThreadPoolExecutor.java:642)
	at java.base/java.lang.Thread.run(Thread.java:1583)
Caused by: java.net.http.HttpTimeoutException: request timed out
	at java.net.http/jdk.internal.net.http.HttpClientImpl.send(HttpClientImpl.java:949)
	at java.net.http/jdk.internal.net.http.HttpClientFacade.send(HttpClientFacade.java:133)
	at dev.langchain4j.http.client.jdk.JdkHttpClient.execute(JdkHttpClient.java:50)
	... 19 common frames omitted
2026-03-09 14:58:45.526 [pool-5-thread-111] WARN  dev.langchain4j.internal.RetryUtils - A retriable exception occurred. Remaining retries: 1 of 2
dev.langchain4j.exception.TimeoutException: request timed out
	at dev.langchain4j.http.client.jdk.JdkHttpClient.execute(JdkHttpClient.java:58)
	at dev.langchain4j.model.ollama.OllamaClient.chat(OllamaClient.java:102)
	at dev.langchain4j.model.ollama.OllamaChatModel.lambda$doChat$0(OllamaChatModel.java:41)
	at dev.langchain4j.internal.ExceptionMapper.withExceptionMapper(ExceptionMapper.java:29)
	at dev.langchain4j.internal.RetryUtils.lambda$withRetryMappingExceptions$1(RetryUtils.java:322)
	at dev.langchain4j.internal.RetryUtils$RetryPolicy.withRetry(RetryUtils.java:204)
	at dev.langchain4j.internal.RetryUtils.withRetry(RetryUtils.java:259)
	at dev.langchain4j.internal.RetryUtils.withRetryMappingExceptions(RetryUtils.java:322)
	at dev.langchain4j.internal.RetryUtils.withRetryMappingExceptions(RetryUtils.java:305)
	at dev.langchain4j.model.ollama.OllamaChatModel.doChat(OllamaChatModel.java:41)
	at dev.langchain4j.model.chat.ChatModel.chat(ChatModel.java:46)
	at dev.langchain4j.model.chat.ChatModel.chat(ChatModel.java:76)
	at com.river.LegalAssistant.service.advanced.LegalQueryRouter.classifyByAI(LegalQueryRouter.java:147)
	at com.river.LegalAssistant.service.advanced.LegalQueryRouter.analyzeQuery(LegalQueryRouter.java:102)
	at com.river.LegalAssistant.service.advanced.LegalQueryRouter.route(LegalQueryRouter.java:77)
	at dev.langchain4j.rag.DefaultRetrievalAugmentor.lambda$process$1(DefaultRetrievalAugmentor.java:180)
	at java.base/java.util.concurrent.CompletableFuture$AsyncSupply.run(CompletableFuture.java:1768)
	at java.base/java.util.concurrent.ThreadPoolExecutor.runWorker(ThreadPoolExecutor.java:1144)
	at java.base/java.util.concurrent.ThreadPoolExecutor$Worker.run(ThreadPoolExecutor.java:642)
	at java.base/java.lang.Thread.run(Thread.java:1583)
Caused by: java.net.http.HttpTimeoutException: request timed out
	at java.net.http/jdk.internal.net.http.HttpClientImpl.send(HttpClientImpl.java:949)
	at java.net.http/jdk.internal.net.http.HttpClientFacade.send(HttpClientFacade.java:133)
	at dev.langchain4j.http.client.jdk.JdkHttpClient.execute(JdkHttpClient.java:50)
	... 19 common frames omitted
2026-03-09 15:00:46.465 [pool-5-thread-111] WARN  c.r.L.s.advanced.LegalQueryRouter - AI查询分类失败: request timed out
2026-03-09 15:00:46.465 [pool-5-thread-110] WARN  c.r.L.s.advanced.LegalQueryRouter - AI查询分类失败: request timed out
2026-03-09 15:00:46.465 [pool-5-thread-114] WARN  c.r.L.s.advanced.LegalQueryRouter - AI查询分类失败: request timed out
2026-03-09 15:00:46.465 [pool-5-thread-112] WARN  c.r.L.s.advanced.LegalQueryRouter - AI查询分类失败: request timed out
2026-03-09 15:00:46.465 [pool-5-thread-113] WARN  c.r.L.s.advanced.LegalQueryRouter - AI查询分类失败: request timed out
2026-03-09 15:00:46.465 [pool-5-thread-116] WARN  c.r.L.s.advanced.LegalQueryRouter - AI查询分类失败: request timed out
2026-03-09 15:00:46.465 [pool-5-thread-115] WARN  c.r.L.s.advanced.LegalQueryRouter - AI查询分类失败: request timed out
2026-03-09 15:00:46.499 [pool-5-thread-113] INFO  c.r.L.s.advanced.LegalQueryRouter - 为查询类型 CONTRACT_ANALYSIS 选择了 2 个检索器
2026-03-09 15:00:46.499 [pool-5-thread-114] INFO  c.r.L.s.advanced.LegalQueryRouter - 为查询类型 GENERAL 选择了 1 个检索器
2026-03-09 15:00:46.499 [pool-5-thread-110] INFO  c.r.L.s.advanced.LegalQueryRouter - 为查询类型 CONTRACT_ANALYSIS 选择了 2 个检索器
2026-03-09 15:00:46.499 [pool-5-thread-111] INFO  c.r.L.s.advanced.LegalQueryRouter - 为查询类型 CONTRACT_ANALYSIS 选择了 2 个检索器
2026-03-09 15:00:46.499 [pool-5-thread-112] INFO  c.r.L.s.advanced.LegalQueryRouter - 为查询类型 CONTRACT_ANALYSIS 选择了 2 个检索器
2026-03-09 15:00:46.499 [pool-5-thread-115] INFO  c.r.L.s.advanced.LegalQueryRouter - 为查询类型 DISPUTE_RESOLUTION 选择了 3 个检索器
2026-03-09 15:00:46.499 [pool-5-thread-116] INFO  c.r.L.s.advanced.LegalQueryRouter - 为查询类型 CONTRACT_ANALYSIS 选择了 2 个检索器
2026-03-09 15:00:46.525 [pool-5-thread-117] INFO  c.r.L.s.a.LegalContentRetriever - 多源检索法律内容: 未提前通知解除劳动合同协议通常会带来哪些后果？
2026-03-09 15:00:46.526 [pool-5-thread-122] INFO  c.r.L.s.a.LegalContentRetriever - 多源检索法律内容: 劳动 合同 劳动合同 解除 劳动合同解除 法定条件 试用期 裁员 经济补偿 代通知金
2026-03-09 15:00:46.528 [pool-5-thread-118] INFO  c.r.L.s.a.LegalContentRetriever - 多源检索法律内容: 劳动争议发生后常见的仲裁诉讼风险有哪些？
2026-03-09 15:00:46.529 [pool-5-thread-120] INFO  c.r.L.s.a.LegalContentRetriever - 多源检索法律内容: 劳动 合同 劳动合同解除 法定条件 试用期
2026-03-09 15:00:46.530 [pool-5-thread-119] INFO  c.r.L.s.a.LegalContentRetriever - 多源检索法律内容: 是否需要提前通知或支付经济补偿、代通知金？
2026-03-09 15:00:46.532 [pool-5-thread-114] INFO  c.r.L.s.a.LegalContentRetriever - 多源检索法律内容: 未提前通知解除劳动合同通常会带来哪些后果？
2026-03-09 15:00:46.532 [pool-5-thread-121] INFO  c.r.L.s.a.LegalContentRetriever - 多源检索法律内容: 解除劳动合同前需要准备哪些证据和程序材料？
2026-03-09 15:00:46.533 [pool-5-thread-123] INFO  c.r.L.s.a.LegalContentRetriever - 多源检索法律内容: 未提前通知解除劳动合同通常会带来哪些后果？
2026-03-09 15:00:46.533 [pool-5-thread-124] INFO  c.r.L.s.a.LegalContentRetriever - 多源检索法律内容: 未提前通知解除劳动合同协议通常会带来哪些后果？
2026-03-09 15:00:46.534 [pool-5-thread-125] INFO  c.r.L.s.a.LegalContentRetriever - 多源检索法律内容: 劳动 合同 劳动合同 解除 劳动合同解除 法定条件 试用期 裁员 经济补偿 代通知金
2026-03-09 15:00:46.536 [pool-5-thread-112] INFO  c.r.L.s.a.LegalContentRetriever - 多源检索法律内容: 劳动争议发生后常见的仲裁诉讼风险有哪些？
2026-03-09 15:00:46.537 [pool-5-thread-126] INFO  c.r.L.s.a.LegalContentRetriever - 多源检索法律内容: 劳动争议发生后常见的仲裁诉讼风险有哪些？
2026-03-09 15:00:46.756 [pool-5-thread-128] INFO  c.r.L.s.a.LegalContentRetriever - 多源检索法律内容: 解除劳动合同前需要准备哪些证据和程序材料？
2026-03-09 15:00:46.756 [pool-5-thread-127] INFO  c.r.L.s.a.LegalContentRetriever - 多源检索法律内容: 劳动 合同 劳动合同解除 法定条件 试用期
2026-03-09 15:00:50.936 [pool-5-thread-128] INFO  c.r.L.s.a.LegalContentRetriever - 多源检索完成，返回 6 个结果
2026-03-09 15:00:50.943 [pool-5-thread-123] INFO  c.r.L.s.a.LegalContentRetriever - 多源检索完成，返回 6 个结果
2026-03-09 15:00:50.943 [pool-5-thread-114] INFO  c.r.L.s.a.LegalContentRetriever - 多源检索完成，返回 6 个结果
2026-03-09 15:00:50.943 [pool-5-thread-125] INFO  c.r.L.s.a.LegalContentRetriever - 多源检索完成，返回 7 个结果
2026-03-09 15:00:50.944 [pool-5-thread-117] INFO  c.r.L.s.a.LegalContentRetriever - 多源检索完成，返回 6 个结果
2026-03-09 15:00:50.945 [pool-5-thread-120] INFO  c.r.L.s.a.LegalContentRetriever - 多源检索完成，返回 7 个结果
2026-03-09 15:00:50.948 [pool-5-thread-122] INFO  c.r.L.s.a.LegalContentRetriever - 多源检索完成，返回 7 个结果
2026-03-09 15:00:50.949 [pool-5-thread-121] INFO  c.r.L.s.a.LegalContentRetriever - 多源检索完成，返回 6 个结果
2026-03-09 15:00:50.951 [pool-5-thread-112] INFO  c.r.L.s.a.LegalContentRetriever - 多源检索完成，返回 6 个结果
2026-03-09 15:00:50.952 [pool-5-thread-118] INFO  c.r.L.s.a.LegalContentRetriever - 多源检索完成，返回 6 个结果
2026-03-09 15:00:50.996 [pool-5-thread-124] INFO  c.r.L.s.a.LegalContentRetriever - 多源检索完成，返回 6 个结果
2026-03-09 15:00:51.005 [pool-5-thread-119] INFO  c.r.L.s.a.LegalContentRetriever - 多源检索完成，返回 6 个结果
2026-03-09 15:00:51.016 [pool-5-thread-127] INFO  c.r.L.s.a.LegalContentRetriever - 多源检索完成，返回 7 个结果
2026-03-09 15:00:51.019 [pool-5-thread-126] INFO  c.r.L.s.a.LegalContentRetriever - 多源检索完成，返回 6 个结果
2026-03-09 15:00:51.022 [http-nio-18080-exec-8] INFO  c.r.L.s.a.LegalContentAggregator - 开始聚合法律内容，共 7 个查询，总内容数: 88
2026-03-09 15:00:51.047 [http-nio-18080-exec-8] INFO  c.r.L.s.a.LegalContentAggregator - 内容聚合完成，返回 7 个结果
2026-03-09 15:00:51.048 [http-nio-18080-exec-8] INFO  c.r.L.s.a.LegalContentInjector - 注入法律内容到用户消息，内容数量: 7
2026-03-09 15:00:51.053 [http-nio-18080-exec-8] INFO  c.r.L.s.a.LegalContentInjector - 法律内容注入完成，增强消息长度: 223
2026-03-09 15:00:56.639 [http-nio-18080-exec-8] WARN  c.r.L.service.PromptTemplateService - 模板变量未提供: source
2026-03-09 15:01:25.407 [http-nio-18080-exec-8] INFO  c.r.L.s.a.AdvancedLegalRagService - Advanced RAG answer generated, sessionId=default, sourceCount=7, generationModel=deepseek-chat, durationMs=400673
2026-03-09 15:01:25.407 [http-nio-18080-exec-8] INFO  c.r.L.c.UnifiedChatController - 统一聊天请求处理完成，耗时: 400674 ms
2026-03-09 15:01:25.420 [http-nio-18080-exec-8] INFO  c.r.L.filter.RequestTrackingFilter - [REQUEST_END] traceId=2dcda5bf, method=POST, uri=/api/v1/chat, status=200, duration=400688ms
2026-03-09 15:01:25.814 [http-nio-18080-exec-10] INFO  c.r.L.c.UnifiedChatController - 收到统一聊天请求: message=企业向境外提供个人信息前通常要做哪些准备？, modelType=UNIFIED, conversationId=null, useKnowledgeBase=true
2026-03-09 15:01:25.815 [http-nio-18080-exec-10] INFO  c.r.L.c.UnifiedChatController - Unified mode routed to Advanced Agent by default
2026-03-09 15:01:31.190 [http-nio-18080-exec-10] INFO  c.r.L.service.AgentService - 处理法律咨询请求: 企业向境外提供个人信息前通常要做哪些准备？, 会话ID: default
2026-03-09 15:01:31.192 [http-nio-18080-exec-10] INFO  c.r.L.service.AgentService - ✅ 使用 DeepSeek 高级模型处理请求（详细版），会话: default
2026-03-09 15:02:16.004 [http-nio-18080-exec-10] INFO  c.r.L.service.AgentService - ✅ DeepSeek响应成功，响应长度: 1889
2026-03-09 15:02:16.005 [http-nio-18080-exec-10] INFO  c.r.L.service.AgentService - 📊 最终使用模型: DeepSeek AI Agent (deepseek-chat), 会话: default
2026-03-09 15:02:16.005 [http-nio-18080-exec-10] INFO  c.r.L.c.UnifiedChatController - 统一聊天请求处理完成，耗时: 50191 ms
2026-03-09 15:02:16.006 [http-nio-18080-exec-10] INFO  c.r.L.filter.RequestTrackingFilter - [REQUEST_END] traceId=0e4efc62, method=POST, uri=/api/v1/chat, status=200, duration=50195ms
2026-03-09 15:02:16.022 [http-nio-18080-exec-1] INFO  c.r.L.c.UnifiedChatController - 收到统一聊天请求: message=跨境数据传输里，哪些信息主体告知事项最关键？, modelType=UNIFIED, conversationId=null, useKnowledgeBase=true
2026-03-09 15:02:16.023 [http-nio-18080-exec-1] INFO  c.r.L.c.UnifiedChatController - Unified mode routed to Advanced Agent by default
2026-03-09 15:02:21.624 [http-nio-18080-exec-1] INFO  c.r.L.service.AgentService - 处理法律咨询请求: 跨境数据传输里，哪些信息主体告知事项最关键？, 会话ID: default
2026-03-09 15:02:21.631 [http-nio-18080-exec-1] INFO  c.r.L.service.AgentService - ✅ 使用 DeepSeek 高级模型处理请求（详细版），会话: default
2026-03-09 15:03:08.769 [http-nio-18080-exec-1] INFO  c.r.L.service.AgentService - ✅ DeepSeek响应成功，响应长度: 1949
2026-03-09 15:03:08.769 [http-nio-18080-exec-1] INFO  c.r.L.service.AgentService - 📊 最终使用模型: DeepSeek AI Agent (deepseek-chat), 会话: default
2026-03-09 15:03:08.770 [http-nio-18080-exec-1] INFO  c.r.L.c.UnifiedChatController - 统一聊天请求处理完成，耗时: 52748 ms
2026-03-09 15:03:08.773 [http-nio-18080-exec-1] INFO  c.r.L.filter.RequestTrackingFilter - [REQUEST_END] traceId=4cf1210d, method=POST, uri=/api/v1/chat, status=200, duration=52752ms
2026-03-09 15:03:08.797 [http-nio-18080-exec-3] INFO  c.r.L.c.UnifiedChatController - 收到统一聊天请求: message=如果一家 SaaS 公司把中国用户数据同步到海外客服系统，请分析主要的跨境合规风险和控制点。, modelType=UNIFIED, conversationId=null, useKnowledgeBase=true
2026-03-09 15:03:08.798 [http-nio-18080-exec-3] INFO  c.r.L.c.UnifiedChatController - Unified mode routed to Advanced Agent for complex analysis
2026-03-09 15:03:12.211 [http-nio-18080-exec-3] INFO  c.r.L.service.AgentService - 处理法律咨询请求: 如果一家 SaaS 公司把中国用户数据同步到海外客服系统，请分析主要的跨境合规风险和控制点。, 会话ID: default
2026-03-09 15:03:12.211 [http-nio-18080-exec-3] INFO  c.r.L.service.AgentService - ✅ 使用 DeepSeek 高级模型处理请求（详细版），会话: default
2026-03-09 15:04:23.084 [http-nio-18080-exec-3] INFO  c.r.L.service.AgentService - ✅ DeepSeek响应成功，响应长度: 3035
2026-03-09 15:04:23.084 [http-nio-18080-exec-3] INFO  c.r.L.service.AgentService - 📊 最终使用模型: DeepSeek AI Agent (deepseek-chat), 会话: default
2026-03-09 15:04:23.085 [http-nio-18080-exec-3] INFO  c.r.L.c.UnifiedChatController - 统一聊天请求处理完成，耗时: 74288 ms
2026-03-09 15:04:23.088 [http-nio-18080-exec-3] INFO  c.r.L.filter.RequestTrackingFilter - [REQUEST_END] traceId=e030a2e7, method=POST, uri=/api/v1/chat, status=200, duration=74293ms
2026-03-09 15:04:23.106 [http-nio-18080-exec-4] INFO  c.r.L.c.UnifiedChatController - 收到统一聊天请求: message=什么情况下企业应当重新评估既有的数据出境安排？, modelType=ADVANCED_RAG, conversationId=null, useKnowledgeBase=true
2026-03-09 15:04:23.107 [http-nio-18080-exec-4] INFO  c.r.L.s.a.AdvancedLegalRagService - Advanced RAG chat request received, sessionId=default
2026-03-09 15:04:23.107 [http-nio-18080-exec-4] INFO  c.r.L.s.a.LegalQueryTransformer - 转换法律查询: 什么情况下企业应当重新评估既有的数据出境安排？
2026-03-09 15:04:23.109 [http-nio-18080-exec-4] INFO  c.r.L.s.a.LegalQueryTransformer - 查询转换完成，原始1个查询扩展为5个查询
2026-03-09 15:04:23.111 [pool-5-thread-129] INFO  c.r.L.s.advanced.LegalQueryRouter - 路由法律查询: 什么情况下企业应当重新评估既有的数据出境安排？
2026-03-09 15:04:23.111 [pool-5-thread-130] INFO  c.r.L.s.advanced.LegalQueryRouter - 路由法律查询: 数据 出境 数据出境 跨境传输 个人信息出境 影响评估 标准合同 接收方
2026-03-09 15:04:23.114 [pool-5-thread-131] INFO  c.r.L.s.advanced.LegalQueryRouter - 路由法律查询: 数据出境前需要完成哪些合法性基础与影响评估？
2026-03-09 15:04:23.114 [pool-5-thread-132] INFO  c.r.L.s.advanced.LegalQueryRouter - 路由法律查询: 接收方合同、安全措施和权限控制应如何约定？
2026-03-09 15:04:23.114 [pool-5-thread-133] INFO  c.r.L.s.advanced.LegalQueryRouter - 路由法律查询: 哪些业务变化会触发重新评估既有出境安排？
2026-03-09 15:06:23.304 [pool-5-thread-131] WARN  dev.langchain4j.internal.RetryUtils - A retriable exception occurred. Remaining retries: 2 of 2
dev.langchain4j.exception.TimeoutException: request timed out
	at dev.langchain4j.http.client.jdk.JdkHttpClient.execute(JdkHttpClient.java:58)
	at dev.langchain4j.model.ollama.OllamaClient.chat(OllamaClient.java:102)
	at dev.langchain4j.model.ollama.OllamaChatModel.lambda$doChat$0(OllamaChatModel.java:41)
	at dev.langchain4j.internal.ExceptionMapper.withExceptionMapper(ExceptionMapper.java:29)
	at dev.langchain4j.internal.RetryUtils.lambda$withRetryMappingExceptions$1(RetryUtils.java:322)
	at dev.langchain4j.internal.RetryUtils$RetryPolicy.withRetry(RetryUtils.java:204)
	at dev.langchain4j.internal.RetryUtils.withRetry(RetryUtils.java:259)
	at dev.langchain4j.internal.RetryUtils.withRetryMappingExceptions(RetryUtils.java:322)
	at dev.langchain4j.internal.RetryUtils.withRetryMappingExceptions(RetryUtils.java:305)
	at dev.langchain4j.model.ollama.OllamaChatModel.doChat(OllamaChatModel.java:41)
	at dev.langchain4j.model.chat.ChatModel.chat(ChatModel.java:46)
	at dev.langchain4j.model.chat.ChatModel.chat(ChatModel.java:76)
	at com.river.LegalAssistant.service.advanced.LegalQueryRouter.classifyByAI(LegalQueryRouter.java:147)
	at com.river.LegalAssistant.service.advanced.LegalQueryRouter.analyzeQuery(LegalQueryRouter.java:102)
	at com.river.LegalAssistant.service.advanced.LegalQueryRouter.route(LegalQueryRouter.java:77)
	at dev.langchain4j.rag.DefaultRetrievalAugmentor.lambda$process$1(DefaultRetrievalAugmentor.java:180)
	at java.base/java.util.concurrent.CompletableFuture$AsyncSupply.run(CompletableFuture.java:1768)
	at java.base/java.util.concurrent.ThreadPoolExecutor.runWorker(ThreadPoolExecutor.java:1144)
	at java.base/java.util.concurrent.ThreadPoolExecutor$Worker.run(ThreadPoolExecutor.java:642)
	at java.base/java.lang.Thread.run(Thread.java:1583)
Caused by: java.net.http.HttpTimeoutException: request timed out
	at java.net.http/jdk.internal.net.http.HttpClientImpl.send(HttpClientImpl.java:949)
	at java.net.http/jdk.internal.net.http.HttpClientFacade.send(HttpClientFacade.java:133)
	at dev.langchain4j.http.client.jdk.JdkHttpClient.execute(JdkHttpClient.java:50)
	... 19 common frames omitted
2026-03-09 15:06:23.304 [pool-5-thread-133] WARN  dev.langchain4j.internal.RetryUtils - A retriable exception occurred. Remaining retries: 2 of 2
dev.langchain4j.exception.TimeoutException: request timed out
	at dev.langchain4j.http.client.jdk.JdkHttpClient.execute(JdkHttpClient.java:58)
	at dev.langchain4j.model.ollama.OllamaClient.chat(OllamaClient.java:102)
	at dev.langchain4j.model.ollama.OllamaChatModel.lambda$doChat$0(OllamaChatModel.java:41)
	at dev.langchain4j.internal.ExceptionMapper.withExceptionMapper(ExceptionMapper.java:29)
	at dev.langchain4j.internal.RetryUtils.lambda$withRetryMappingExceptions$1(RetryUtils.java:322)
	at dev.langchain4j.internal.RetryUtils$RetryPolicy.withRetry(RetryUtils.java:204)
	at dev.langchain4j.internal.RetryUtils.withRetry(RetryUtils.java:259)
	at dev.langchain4j.internal.RetryUtils.withRetryMappingExceptions(RetryUtils.java:322)
	at dev.langchain4j.internal.RetryUtils.withRetryMappingExceptions(RetryUtils.java:305)
	at dev.langchain4j.model.ollama.OllamaChatModel.doChat(OllamaChatModel.java:41)
	at dev.langchain4j.model.chat.ChatModel.chat(ChatModel.java:46)
	at dev.langchain4j.model.chat.ChatModel.chat(ChatModel.java:76)
	at com.river.LegalAssistant.service.advanced.LegalQueryRouter.classifyByAI(LegalQueryRouter.java:147)
	at com.river.LegalAssistant.service.advanced.LegalQueryRouter.analyzeQuery(LegalQueryRouter.java:102)
	at com.river.LegalAssistant.service.advanced.LegalQueryRouter.route(LegalQueryRouter.java:77)
	at dev.langchain4j.rag.DefaultRetrievalAugmentor.lambda$process$1(DefaultRetrievalAugmentor.java:180)
	at java.base/java.util.concurrent.CompletableFuture$AsyncSupply.run(CompletableFuture.java:1768)
	at java.base/java.util.concurrent.ThreadPoolExecutor.runWorker(ThreadPoolExecutor.java:1144)
	at java.base/java.util.concurrent.ThreadPoolExecutor$Worker.run(ThreadPoolExecutor.java:642)
	at java.base/java.lang.Thread.run(Thread.java:1583)
Caused by: java.net.http.HttpTimeoutException: request timed out
	at java.net.http/jdk.internal.net.http.HttpClientImpl.send(HttpClientImpl.java:949)
	at java.net.http/jdk.internal.net.http.HttpClientFacade.send(HttpClientFacade.java:133)
	at dev.langchain4j.http.client.jdk.JdkHttpClient.execute(JdkHttpClient.java:50)
	... 19 common frames omitted
2026-03-09 15:06:23.304 [pool-5-thread-132] WARN  dev.langchain4j.internal.RetryUtils - A retriable exception occurred. Remaining retries: 2 of 2
dev.langchain4j.exception.TimeoutException: request timed out
	at dev.langchain4j.http.client.jdk.JdkHttpClient.execute(JdkHttpClient.java:58)
	at dev.langchain4j.model.ollama.OllamaClient.chat(OllamaClient.java:102)
	at dev.langchain4j.model.ollama.OllamaChatModel.lambda$doChat$0(OllamaChatModel.java:41)
	at dev.langchain4j.internal.ExceptionMapper.withExceptionMapper(ExceptionMapper.java:29)
	at dev.langchain4j.internal.RetryUtils.lambda$withRetryMappingExceptions$1(RetryUtils.java:322)
	at dev.langchain4j.internal.RetryUtils$RetryPolicy.withRetry(RetryUtils.java:204)
	at dev.langchain4j.internal.RetryUtils.withRetry(RetryUtils.java:259)
	at dev.langchain4j.internal.RetryUtils.withRetryMappingExceptions(RetryUtils.java:322)
	at dev.langchain4j.internal.RetryUtils.withRetryMappingExceptions(RetryUtils.java:305)
	at dev.langchain4j.model.ollama.OllamaChatModel.doChat(OllamaChatModel.java:41)
	at dev.langchain4j.model.chat.ChatModel.chat(ChatModel.java:46)
	at dev.langchain4j.model.chat.ChatModel.chat(ChatModel.java:76)
	at com.river.LegalAssistant.service.advanced.LegalQueryRouter.classifyByAI(LegalQueryRouter.java:147)
	at com.river.LegalAssistant.service.advanced.LegalQueryRouter.analyzeQuery(LegalQueryRouter.java:102)
	at com.river.LegalAssistant.service.advanced.LegalQueryRouter.route(LegalQueryRouter.java:77)
	at dev.langchain4j.rag.DefaultRetrievalAugmentor.lambda$process$1(DefaultRetrievalAugmentor.java:180)
	at java.base/java.util.concurrent.CompletableFuture$AsyncSupply.run(CompletableFuture.java:1768)
	at java.base/java.util.concurrent.ThreadPoolExecutor.runWorker(ThreadPoolExecutor.java:1144)
	at java.base/java.util.concurrent.ThreadPoolExecutor$Worker.run(ThreadPoolExecutor.java:642)
	at java.base/java.lang.Thread.run(Thread.java:1583)
Caused by: java.net.http.HttpTimeoutException: request timed out
	at java.net.http/jdk.internal.net.http.HttpClientImpl.send(HttpClientImpl.java:949)
	at java.net.http/jdk.internal.net.http.HttpClientFacade.send(HttpClientFacade.java:133)
	at dev.langchain4j.http.client.jdk.JdkHttpClient.execute(JdkHttpClient.java:50)
	... 19 common frames omitted
2026-03-09 15:06:23.304 [pool-5-thread-129] WARN  dev.langchain4j.internal.RetryUtils - A retriable exception occurred. Remaining retries: 2 of 2
dev.langchain4j.exception.TimeoutException: request timed out
	at dev.langchain4j.http.client.jdk.JdkHttpClient.execute(JdkHttpClient.java:58)
	at dev.langchain4j.model.ollama.OllamaClient.chat(OllamaClient.java:102)
	at dev.langchain4j.model.ollama.OllamaChatModel.lambda$doChat$0(OllamaChatModel.java:41)
	at dev.langchain4j.internal.ExceptionMapper.withExceptionMapper(ExceptionMapper.java:29)
	at dev.langchain4j.internal.RetryUtils.lambda$withRetryMappingExceptions$1(RetryUtils.java:322)
	at dev.langchain4j.internal.RetryUtils$RetryPolicy.withRetry(RetryUtils.java:204)
	at dev.langchain4j.internal.RetryUtils.withRetry(RetryUtils.java:259)
	at dev.langchain4j.internal.RetryUtils.withRetryMappingExceptions(RetryUtils.java:322)
	at dev.langchain4j.internal.RetryUtils.withRetryMappingExceptions(RetryUtils.java:305)
	at dev.langchain4j.model.ollama.OllamaChatModel.doChat(OllamaChatModel.java:41)
	at dev.langchain4j.model.chat.ChatModel.chat(ChatModel.java:46)
	at dev.langchain4j.model.chat.ChatModel.chat(ChatModel.java:76)
	at com.river.LegalAssistant.service.advanced.LegalQueryRouter.classifyByAI(LegalQueryRouter.java:147)
	at com.river.LegalAssistant.service.advanced.LegalQueryRouter.analyzeQuery(LegalQueryRouter.java:102)
	at com.river.LegalAssistant.service.advanced.LegalQueryRouter.route(LegalQueryRouter.java:77)
	at dev.langchain4j.rag.DefaultRetrievalAugmentor.lambda$process$1(DefaultRetrievalAugmentor.java:180)
	at java.base/java.util.concurrent.CompletableFuture$AsyncSupply.run(CompletableFuture.java:1768)
	at java.base/java.util.concurrent.ThreadPoolExecutor.runWorker(ThreadPoolExecutor.java:1144)
	at java.base/java.util.concurrent.ThreadPoolExecutor$Worker.run(ThreadPoolExecutor.java:642)
	at java.base/java.lang.Thread.run(Thread.java:1583)
Caused by: java.net.http.HttpTimeoutException: request timed out
	at java.net.http/jdk.internal.net.http.HttpClientImpl.send(HttpClientImpl.java:949)
	at java.net.http/jdk.internal.net.http.HttpClientFacade.send(HttpClientFacade.java:133)
	at dev.langchain4j.http.client.jdk.JdkHttpClient.execute(JdkHttpClient.java:50)
	... 19 common frames omitted
2026-03-09 15:06:23.304 [pool-5-thread-130] WARN  dev.langchain4j.internal.RetryUtils - A retriable exception occurred. Remaining retries: 2 of 2
dev.langchain4j.exception.TimeoutException: request timed out
	at dev.langchain4j.http.client.jdk.JdkHttpClient.execute(JdkHttpClient.java:58)
	at dev.langchain4j.model.ollama.OllamaClient.chat(OllamaClient.java:102)
	at dev.langchain4j.model.ollama.OllamaChatModel.lambda$doChat$0(OllamaChatModel.java:41)
	at dev.langchain4j.internal.ExceptionMapper.withExceptionMapper(ExceptionMapper.java:29)
	at dev.langchain4j.internal.RetryUtils.lambda$withRetryMappingExceptions$1(RetryUtils.java:322)
	at dev.langchain4j.internal.RetryUtils$RetryPolicy.withRetry(RetryUtils.java:204)
	at dev.langchain4j.internal.RetryUtils.withRetry(RetryUtils.java:259)
	at dev.langchain4j.internal.RetryUtils.withRetryMappingExceptions(RetryUtils.java:322)
	at dev.langchain4j.internal.RetryUtils.withRetryMappingExceptions(RetryUtils.java:305)
	at dev.langchain4j.model.ollama.OllamaChatModel.doChat(OllamaChatModel.java:41)
	at dev.langchain4j.model.chat.ChatModel.chat(ChatModel.java:46)
	at dev.langchain4j.model.chat.ChatModel.chat(ChatModel.java:76)
	at com.river.LegalAssistant.service.advanced.LegalQueryRouter.classifyByAI(LegalQueryRouter.java:147)
	at com.river.LegalAssistant.service.advanced.LegalQueryRouter.analyzeQuery(LegalQueryRouter.java:102)
	at com.river.LegalAssistant.service.advanced.LegalQueryRouter.route(LegalQueryRouter.java:77)
	at dev.langchain4j.rag.DefaultRetrievalAugmentor.lambda$process$1(DefaultRetrievalAugmentor.java:180)
	at java.base/java.util.concurrent.CompletableFuture$AsyncSupply.run(CompletableFuture.java:1768)
	at java.base/java.util.concurrent.ThreadPoolExecutor.runWorker(ThreadPoolExecutor.java:1144)
	at java.base/java.util.concurrent.ThreadPoolExecutor$Worker.run(ThreadPoolExecutor.java:642)
	at java.base/java.lang.Thread.run(Thread.java:1583)
Caused by: java.net.http.HttpTimeoutException: request timed out
	at java.net.http/jdk.internal.net.http.HttpClientImpl.send(HttpClientImpl.java:949)
	at java.net.http/jdk.internal.net.http.HttpClientFacade.send(HttpClientFacade.java:133)
	at dev.langchain4j.http.client.jdk.JdkHttpClient.execute(JdkHttpClient.java:50)
	... 19 common frames omitted
2026-03-09 15:08:24.109 [pool-5-thread-131] WARN  dev.langchain4j.internal.RetryUtils - A retriable exception occurred. Remaining retries: 1 of 2
dev.langchain4j.exception.TimeoutException: request timed out
	at dev.langchain4j.http.client.jdk.JdkHttpClient.execute(JdkHttpClient.java:58)
	at dev.langchain4j.model.ollama.OllamaClient.chat(OllamaClient.java:102)
	at dev.langchain4j.model.ollama.OllamaChatModel.lambda$doChat$0(OllamaChatModel.java:41)
	at dev.langchain4j.internal.ExceptionMapper.withExceptionMapper(ExceptionMapper.java:29)
	at dev.langchain4j.internal.RetryUtils.lambda$withRetryMappingExceptions$1(RetryUtils.java:322)
	at dev.langchain4j.internal.RetryUtils$RetryPolicy.withRetry(RetryUtils.java:204)
	at dev.langchain4j.internal.RetryUtils.withRetry(RetryUtils.java:259)
	at dev.langchain4j.internal.RetryUtils.withRetryMappingExceptions(RetryUtils.java:322)
	at dev.langchain4j.internal.RetryUtils.withRetryMappingExceptions(RetryUtils.java:305)
	at dev.langchain4j.model.ollama.OllamaChatModel.doChat(OllamaChatModel.java:41)
	at dev.langchain4j.model.chat.ChatModel.chat(ChatModel.java:46)
	at dev.langchain4j.model.chat.ChatModel.chat(ChatModel.java:76)
	at com.river.LegalAssistant.service.advanced.LegalQueryRouter.classifyByAI(LegalQueryRouter.java:147)
	at com.river.LegalAssistant.service.advanced.LegalQueryRouter.analyzeQuery(LegalQueryRouter.java:102)
	at com.river.LegalAssistant.service.advanced.LegalQueryRouter.route(LegalQueryRouter.java:77)
	at dev.langchain4j.rag.DefaultRetrievalAugmentor.lambda$process$1(DefaultRetrievalAugmentor.java:180)
	at java.base/java.util.concurrent.CompletableFuture$AsyncSupply.run(CompletableFuture.java:1768)
	at java.base/java.util.concurrent.ThreadPoolExecutor.runWorker(ThreadPoolExecutor.java:1144)
	at java.base/java.util.concurrent.ThreadPoolExecutor$Worker.run(ThreadPoolExecutor.java:642)
	at java.base/java.lang.Thread.run(Thread.java:1583)
Caused by: java.net.http.HttpTimeoutException: request timed out
	at java.net.http/jdk.internal.net.http.HttpClientImpl.send(HttpClientImpl.java:949)
	at java.net.http/jdk.internal.net.http.HttpClientFacade.send(HttpClientFacade.java:133)
	at dev.langchain4j.http.client.jdk.JdkHttpClient.execute(JdkHttpClient.java:50)
	... 19 common frames omitted
2026-03-09 15:08:24.109 [pool-5-thread-132] WARN  dev.langchain4j.internal.RetryUtils - A retriable exception occurred. Remaining retries: 1 of 2
dev.langchain4j.exception.TimeoutException: request timed out
	at dev.langchain4j.http.client.jdk.JdkHttpClient.execute(JdkHttpClient.java:58)
	at dev.langchain4j.model.ollama.OllamaClient.chat(OllamaClient.java:102)
	at dev.langchain4j.model.ollama.OllamaChatModel.lambda$doChat$0(OllamaChatModel.java:41)
	at dev.langchain4j.internal.ExceptionMapper.withExceptionMapper(ExceptionMapper.java:29)
	at dev.langchain4j.internal.RetryUtils.lambda$withRetryMappingExceptions$1(RetryUtils.java:322)
	at dev.langchain4j.internal.RetryUtils$RetryPolicy.withRetry(RetryUtils.java:204)
	at dev.langchain4j.internal.RetryUtils.withRetry(RetryUtils.java:259)
	at dev.langchain4j.internal.RetryUtils.withRetryMappingExceptions(RetryUtils.java:322)
	at dev.langchain4j.internal.RetryUtils.withRetryMappingExceptions(RetryUtils.java:305)
	at dev.langchain4j.model.ollama.OllamaChatModel.doChat(OllamaChatModel.java:41)
	at dev.langchain4j.model.chat.ChatModel.chat(ChatModel.java:46)
	at dev.langchain4j.model.chat.ChatModel.chat(ChatModel.java:76)
	at com.river.LegalAssistant.service.advanced.LegalQueryRouter.classifyByAI(LegalQueryRouter.java:147)
	at com.river.LegalAssistant.service.advanced.LegalQueryRouter.analyzeQuery(LegalQueryRouter.java:102)
	at com.river.LegalAssistant.service.advanced.LegalQueryRouter.route(LegalQueryRouter.java:77)
	at dev.langchain4j.rag.DefaultRetrievalAugmentor.lambda$process$1(DefaultRetrievalAugmentor.java:180)
	at java.base/java.util.concurrent.CompletableFuture$AsyncSupply.run(CompletableFuture.java:1768)
	at java.base/java.util.concurrent.ThreadPoolExecutor.runWorker(ThreadPoolExecutor.java:1144)
	at java.base/java.util.concurrent.ThreadPoolExecutor$Worker.run(ThreadPoolExecutor.java:642)
	at java.base/java.lang.Thread.run(Thread.java:1583)
Caused by: java.net.http.HttpTimeoutException: request timed out
	at java.net.http/jdk.internal.net.http.HttpClientImpl.send(HttpClientImpl.java:949)
	at java.net.http/jdk.internal.net.http.HttpClientFacade.send(HttpClientFacade.java:133)
	at dev.langchain4j.http.client.jdk.JdkHttpClient.execute(JdkHttpClient.java:50)
	... 19 common frames omitted
2026-03-09 15:08:24.109 [pool-5-thread-129] WARN  dev.langchain4j.internal.RetryUtils - A retriable exception occurred. Remaining retries: 1 of 2
dev.langchain4j.exception.TimeoutException: request timed out
	at dev.langchain4j.http.client.jdk.JdkHttpClient.execute(JdkHttpClient.java:58)
	at dev.langchain4j.model.ollama.OllamaClient.chat(OllamaClient.java:102)
	at dev.langchain4j.model.ollama.OllamaChatModel.lambda$doChat$0(OllamaChatModel.java:41)
	at dev.langchain4j.internal.ExceptionMapper.withExceptionMapper(ExceptionMapper.java:29)
	at dev.langchain4j.internal.RetryUtils.lambda$withRetryMappingExceptions$1(RetryUtils.java:322)
	at dev.langchain4j.internal.RetryUtils$RetryPolicy.withRetry(RetryUtils.java:204)
	at dev.langchain4j.internal.RetryUtils.withRetry(RetryUtils.java:259)
	at dev.langchain4j.internal.RetryUtils.withRetryMappingExceptions(RetryUtils.java:322)
	at dev.langchain4j.internal.RetryUtils.withRetryMappingExceptions(RetryUtils.java:305)
	at dev.langchain4j.model.ollama.OllamaChatModel.doChat(OllamaChatModel.java:41)
	at dev.langchain4j.model.chat.ChatModel.chat(ChatModel.java:46)
	at dev.langchain4j.model.chat.ChatModel.chat(ChatModel.java:76)
	at com.river.LegalAssistant.service.advanced.LegalQueryRouter.classifyByAI(LegalQueryRouter.java:147)
	at com.river.LegalAssistant.service.advanced.LegalQueryRouter.analyzeQuery(LegalQueryRouter.java:102)
	at com.river.LegalAssistant.service.advanced.LegalQueryRouter.route(LegalQueryRouter.java:77)
	at dev.langchain4j.rag.DefaultRetrievalAugmentor.lambda$process$1(DefaultRetrievalAugmentor.java:180)
	at java.base/java.util.concurrent.CompletableFuture$AsyncSupply.run(CompletableFuture.java:1768)
	at java.base/java.util.concurrent.ThreadPoolExecutor.runWorker(ThreadPoolExecutor.java:1144)
	at java.base/java.util.concurrent.ThreadPoolExecutor$Worker.run(ThreadPoolExecutor.java:642)
	at java.base/java.lang.Thread.run(Thread.java:1583)
Caused by: java.net.http.HttpTimeoutException: request timed out
	at java.net.http/jdk.internal.net.http.HttpClientImpl.send(HttpClientImpl.java:949)
	at java.net.http/jdk.internal.net.http.HttpClientFacade.send(HttpClientFacade.java:133)
	at dev.langchain4j.http.client.jdk.JdkHttpClient.execute(JdkHttpClient.java:50)
	... 19 common frames omitted
2026-03-09 15:08:24.109 [pool-5-thread-133] WARN  dev.langchain4j.internal.RetryUtils - A retriable exception occurred. Remaining retries: 1 of 2
dev.langchain4j.exception.TimeoutException: request timed out
	at dev.langchain4j.http.client.jdk.JdkHttpClient.execute(JdkHttpClient.java:58)
	at dev.langchain4j.model.ollama.OllamaClient.chat(OllamaClient.java:102)
	at dev.langchain4j.model.ollama.OllamaChatModel.lambda$doChat$0(OllamaChatModel.java:41)
	at dev.langchain4j.internal.ExceptionMapper.withExceptionMapper(ExceptionMapper.java:29)
	at dev.langchain4j.internal.RetryUtils.lambda$withRetryMappingExceptions$1(RetryUtils.java:322)
	at dev.langchain4j.internal.RetryUtils$RetryPolicy.withRetry(RetryUtils.java:204)
	at dev.langchain4j.internal.RetryUtils.withRetry(RetryUtils.java:259)
	at dev.langchain4j.internal.RetryUtils.withRetryMappingExceptions(RetryUtils.java:322)
	at dev.langchain4j.internal.RetryUtils.withRetryMappingExceptions(RetryUtils.java:305)
	at dev.langchain4j.model.ollama.OllamaChatModel.doChat(OllamaChatModel.java:41)
	at dev.langchain4j.model.chat.ChatModel.chat(ChatModel.java:46)
	at dev.langchain4j.model.chat.ChatModel.chat(ChatModel.java:76)
	at com.river.LegalAssistant.service.advanced.LegalQueryRouter.classifyByAI(LegalQueryRouter.java:147)
	at com.river.LegalAssistant.service.advanced.LegalQueryRouter.analyzeQuery(LegalQueryRouter.java:102)
	at com.river.LegalAssistant.service.advanced.LegalQueryRouter.route(LegalQueryRouter.java:77)
	at dev.langchain4j.rag.DefaultRetrievalAugmentor.lambda$process$1(DefaultRetrievalAugmentor.java:180)
	at java.base/java.util.concurrent.CompletableFuture$AsyncSupply.run(CompletableFuture.java:1768)
	at java.base/java.util.concurrent.ThreadPoolExecutor.runWorker(ThreadPoolExecutor.java:1144)
	at java.base/java.util.concurrent.ThreadPoolExecutor$Worker.run(ThreadPoolExecutor.java:642)
	at java.base/java.lang.Thread.run(Thread.java:1583)
Caused by: java.net.http.HttpTimeoutException: request timed out
	at java.net.http/jdk.internal.net.http.HttpClientImpl.send(HttpClientImpl.java:949)
	at java.net.http/jdk.internal.net.http.HttpClientFacade.send(HttpClientFacade.java:133)
	at dev.langchain4j.http.client.jdk.JdkHttpClient.execute(JdkHttpClient.java:50)
	... 19 common frames omitted
2026-03-09 15:08:24.109 [pool-5-thread-130] WARN  dev.langchain4j.internal.RetryUtils - A retriable exception occurred. Remaining retries: 1 of 2
dev.langchain4j.exception.TimeoutException: request timed out
	at dev.langchain4j.http.client.jdk.JdkHttpClient.execute(JdkHttpClient.java:58)
	at dev.langchain4j.model.ollama.OllamaClient.chat(OllamaClient.java:102)
	at dev.langchain4j.model.ollama.OllamaChatModel.lambda$doChat$0(OllamaChatModel.java:41)
	at dev.langchain4j.internal.ExceptionMapper.withExceptionMapper(ExceptionMapper.java:29)
	at dev.langchain4j.internal.RetryUtils.lambda$withRetryMappingExceptions$1(RetryUtils.java:322)
	at dev.langchain4j.internal.RetryUtils$RetryPolicy.withRetry(RetryUtils.java:204)
	at dev.langchain4j.internal.RetryUtils.withRetry(RetryUtils.java:259)
	at dev.langchain4j.internal.RetryUtils.withRetryMappingExceptions(RetryUtils.java:322)
	at dev.langchain4j.internal.RetryUtils.withRetryMappingExceptions(RetryUtils.java:305)
	at dev.langchain4j.model.ollama.OllamaChatModel.doChat(OllamaChatModel.java:41)
	at dev.langchain4j.model.chat.ChatModel.chat(ChatModel.java:46)
	at dev.langchain4j.model.chat.ChatModel.chat(ChatModel.java:76)
	at com.river.LegalAssistant.service.advanced.LegalQueryRouter.classifyByAI(LegalQueryRouter.java:147)
	at com.river.LegalAssistant.service.advanced.LegalQueryRouter.analyzeQuery(LegalQueryRouter.java:102)
	at com.river.LegalAssistant.service.advanced.LegalQueryRouter.route(LegalQueryRouter.java:77)
	at dev.langchain4j.rag.DefaultRetrievalAugmentor.lambda$process$1(DefaultRetrievalAugmentor.java:180)
	at java.base/java.util.concurrent.CompletableFuture$AsyncSupply.run(CompletableFuture.java:1768)
	at java.base/java.util.concurrent.ThreadPoolExecutor.runWorker(ThreadPoolExecutor.java:1144)
	at java.base/java.util.concurrent.ThreadPoolExecutor$Worker.run(ThreadPoolExecutor.java:642)
	at java.base/java.lang.Thread.run(Thread.java:1583)
Caused by: java.net.http.HttpTimeoutException: request timed out
	at java.net.http/jdk.internal.net.http.HttpClientImpl.send(HttpClientImpl.java:949)
	at java.net.http/jdk.internal.net.http.HttpClientFacade.send(HttpClientFacade.java:133)
	at dev.langchain4j.http.client.jdk.JdkHttpClient.execute(JdkHttpClient.java:50)
	... 19 common frames omitted
2026-03-09 15:10:25.011 [pool-5-thread-130] WARN  c.r.L.s.advanced.LegalQueryRouter - AI查询分类失败: request timed out
2026-03-09 15:10:25.011 [pool-5-thread-133] WARN  c.r.L.s.advanced.LegalQueryRouter - AI查询分类失败: request timed out
2026-03-09 15:10:25.011 [pool-5-thread-129] WARN  c.r.L.s.advanced.LegalQueryRouter - AI查询分类失败: request timed out
2026-03-09 15:10:25.011 [pool-5-thread-131] WARN  c.r.L.s.advanced.LegalQueryRouter - AI查询分类失败: request timed out
2026-03-09 15:10:25.027 [pool-5-thread-131] INFO  c.r.L.s.advanced.LegalQueryRouter - 为查询类型 GENERAL 选择了 1 个检索器
2026-03-09 15:10:25.027 [pool-5-thread-130] INFO  c.r.L.s.advanced.LegalQueryRouter - 为查询类型 COMPLIANCE_CHECK 选择了 2 个检索器
2026-03-09 15:10:25.028 [pool-5-thread-129] INFO  c.r.L.s.advanced.LegalQueryRouter - 为查询类型 GENERAL 选择了 1 个检索器
2026-03-09 15:10:25.028 [pool-5-thread-133] INFO  c.r.L.s.advanced.LegalQueryRouter - 为查询类型 GENERAL 选择了 1 个检索器
2026-03-09 15:10:25.032 [pool-5-thread-132] WARN  c.r.L.s.advanced.LegalQueryRouter - AI查询分类失败: request timed out
2026-03-09 15:10:25.033 [pool-5-thread-132] INFO  c.r.L.s.advanced.LegalQueryRouter - 为查询类型 CONTRACT_ANALYSIS 选择了 2 个检索器
2026-03-09 15:10:25.035 [pool-5-thread-138] INFO  c.r.L.s.a.LegalContentRetriever - 多源检索法律内容: 接收方合同、安全措施和权限控制应如何约定？
2026-03-09 15:10:25.036 [pool-5-thread-134] INFO  c.r.L.s.a.LegalContentRetriever - 多源检索法律内容: 什么情况下企业应当重新评估既有的数据出境安排？
2026-03-09 15:10:25.037 [pool-5-thread-131] INFO  c.r.L.s.a.LegalContentRetriever - 多源检索法律内容: 数据 出境 数据出境 跨境传输 个人信息出境 影响评估 标准合同 接收方
2026-03-09 15:10:25.037 [pool-5-thread-136] INFO  c.r.L.s.a.LegalContentRetriever - 多源检索法律内容: 数据出境前需要完成哪些合法性基础与影响评估？
2026-03-09 15:10:25.037 [pool-5-thread-135] INFO  c.r.L.s.a.LegalContentRetriever - 多源检索法律内容: 数据 出境 数据出境 跨境传输 个人信息出境 影响评估 标准合同 接收方
2026-03-09 15:10:25.038 [pool-5-thread-137] INFO  c.r.L.s.a.LegalContentRetriever - 多源检索法律内容: 哪些业务变化会触发重新评估既有出境安排？
2026-03-09 15:10:25.038 [pool-5-thread-139] INFO  c.r.L.s.a.LegalContentRetriever - 多源检索法律内容: 接收方合同、安全措施和权限控制应如何约定？
2026-03-09 15:10:28.820 [pool-5-thread-134] INFO  c.r.L.s.a.LegalContentRetriever - 多源检索完成，返回 6 个结果
2026-03-09 15:10:28.820 [pool-5-thread-136] INFO  c.r.L.s.a.LegalContentRetriever - 多源检索完成，返回 6 个结果
2026-03-09 15:10:28.820 [pool-5-thread-137] INFO  c.r.L.s.a.LegalContentRetriever - 多源检索完成，返回 6 个结果
2026-03-09 15:10:28.820 [pool-5-thread-139] INFO  c.r.L.s.a.LegalContentRetriever - 多源检索完成，返回 6 个结果
2026-03-09 15:10:28.820 [pool-5-thread-138] INFO  c.r.L.s.a.LegalContentRetriever - 多源检索完成，返回 6 个结果
2026-03-09 15:10:28.820 [pool-5-thread-131] INFO  c.r.L.s.a.LegalContentRetriever - 多源检索完成，返回 6 个结果
2026-03-09 15:10:28.854 [pool-5-thread-135] INFO  c.r.L.s.a.LegalContentRetriever - 多源检索完成，返回 6 个结果
2026-03-09 15:10:28.860 [http-nio-18080-exec-4] INFO  c.r.L.s.a.LegalContentAggregator - 开始聚合法律内容，共 5 个查询，总内容数: 42
2026-03-09 15:10:28.869 [http-nio-18080-exec-4] INFO  c.r.L.s.a.LegalContentAggregator - 内容聚合完成，返回 6 个结果
2026-03-09 15:10:28.869 [http-nio-18080-exec-4] INFO  c.r.L.s.a.LegalContentInjector - 注入法律内容到用户消息，内容数量: 6
2026-03-09 15:10:28.873 [http-nio-18080-exec-4] INFO  c.r.L.s.a.LegalContentInjector - 法律内容注入完成，增强消息长度: 258
2026-03-09 15:10:34.389 [http-nio-18080-exec-4] WARN  c.r.L.service.PromptTemplateService - 模板变量未提供: source
2026-03-09 15:10:54.760 [http-nio-18080-exec-4] INFO  c.r.L.s.a.AdvancedLegalRagService - Advanced RAG answer generated, sessionId=default, sourceCount=6, generationModel=deepseek-chat, durationMs=391653
2026-03-09 15:10:54.760 [http-nio-18080-exec-4] INFO  c.r.L.c.UnifiedChatController - 统一聊天请求处理完成，耗时: 391654 ms
2026-03-09 15:10:54.781 [http-nio-18080-exec-4] INFO  c.r.L.filter.RequestTrackingFilter - [REQUEST_END] traceId=e676cd84, method=POST, uri=/api/v1/chat, status=200, duration=391676ms
2026-03-09 15:10:55.019 [http-nio-18080-exec-6] INFO  c.r.L.c.UnifiedChatController - 收到统一聊天请求: message=广告文案里使用“最高级”“最佳”等表述会有什么风险？, modelType=UNIFIED, conversationId=null, useKnowledgeBase=true
2026-03-09 15:10:55.020 [http-nio-18080-exec-6] INFO  c.r.L.c.UnifiedChatController - Unified mode routed to Advanced Agent for complex analysis
2026-03-09 15:11:00.492 [http-nio-18080-exec-6] INFO  c.r.L.service.AgentService - 处理法律咨询请求: 广告文案里使用“最高级”“最佳”等表述会有什么风险？, 会话ID: default
2026-03-09 15:11:00.492 [http-nio-18080-exec-6] INFO  c.r.L.service.AgentService - ✅ 使用 DeepSeek 高级模型处理请求（详细版），会话: default
2026-03-09 15:11:37.255 [http-nio-18080-exec-6] INFO  c.r.L.service.AgentService - ✅ DeepSeek响应成功，响应长度: 1459
2026-03-09 15:11:37.256 [http-nio-18080-exec-6] INFO  c.r.L.service.AgentService - 📊 最终使用模型: DeepSeek AI Agent (deepseek-chat), 会话: default
2026-03-09 15:11:37.257 [http-nio-18080-exec-6] INFO  c.r.L.c.UnifiedChatController - 统一聊天请求处理完成，耗时: 42238 ms
2026-03-09 15:11:37.258 [http-nio-18080-exec-6] INFO  c.r.L.filter.RequestTrackingFilter - [REQUEST_END] traceId=aace441c, method=POST, uri=/api/v1/chat, status=200, duration=42243ms
2026-03-09 15:11:37.276 [http-nio-18080-exec-7] INFO  c.r.L.c.UnifiedChatController - 收到统一聊天请求: message=KOL 推广场景下，广告标识通常需要做到什么程度？, modelType=UNIFIED, conversationId=null, useKnowledgeBase=true
2026-03-09 15:11:37.276 [http-nio-18080-exec-7] INFO  c.r.L.c.UnifiedChatController - Unified mode routed to Advanced Agent by default
2026-03-09 15:11:42.886 [http-nio-18080-exec-7] INFO  c.r.L.service.AgentService - 处理法律咨询请求: KOL 推广场景下，广告标识通常需要做到什么程度？, 会话ID: default
2026-03-09 15:11:42.886 [http-nio-18080-exec-7] INFO  c.r.L.service.AgentService - ✅ 使用 DeepSeek 高级模型处理请求（详细版），会话: default
2026-03-09 15:12:43.406 [http-nio-18080-exec-7] INFO  c.r.L.service.AgentService - ✅ DeepSeek响应成功，响应长度: 2290
2026-03-09 15:12:43.410 [http-nio-18080-exec-7] INFO  c.r.L.service.AgentService - 📊 最终使用模型: DeepSeek AI Agent (deepseek-chat), 会话: default
2026-03-09 15:12:43.410 [http-nio-18080-exec-7] INFO  c.r.L.c.UnifiedChatController - 统一聊天请求处理完成，耗时: 66134 ms
2026-03-09 15:12:43.413 [http-nio-18080-exec-7] INFO  c.r.L.filter.RequestTrackingFilter - [REQUEST_END] traceId=5b32779b, method=POST, uri=/api/v1/chat, status=200, duration=66138ms
2026-03-09 15:12:43.436 [http-nio-18080-exec-9] INFO  c.r.L.c.UnifiedChatController - 收到统一聊天请求: message=请分析一家功能饮料品牌在短视频投放中使用夸大功效和未显著标识广告合作时的合规风险。, modelType=UNIFIED, conversationId=null, useKnowledgeBase=true
2026-03-09 15:12:43.436 [http-nio-18080-exec-9] INFO  c.r.L.c.UnifiedChatController - Unified mode routed to Advanced Agent for complex analysis
2026-03-09 15:12:49.043 [http-nio-18080-exec-9] INFO  c.r.L.service.AgentService - 处理法律咨询请求: 请分析一家功能饮料品牌在短视频投放中使用夸大功效和未显著标识广告合作时的合规风险。, 会话ID: default
2026-03-09 15:12:49.043 [http-nio-18080-exec-9] INFO  c.r.L.service.AgentService - ✅ 使用 DeepSeek 高级模型处理请求（详细版），会话: default
2026-03-09 15:13:38.305 [http-nio-18080-exec-9] INFO  c.r.L.service.AgentService - ✅ DeepSeek响应成功，响应长度: 2042
2026-03-09 15:13:38.306 [http-nio-18080-exec-9] INFO  c.r.L.service.AgentService - 📊 最终使用模型: DeepSeek AI Agent (deepseek-chat), 会话: default
2026-03-09 15:13:38.308 [http-nio-18080-exec-9] INFO  c.r.L.c.UnifiedChatController - 统一聊天请求处理完成，耗时: 54872 ms
2026-03-09 15:13:38.309 [http-nio-18080-exec-9] INFO  c.r.L.filter.RequestTrackingFilter - [REQUEST_END] traceId=62685eb0, method=POST, uri=/api/v1/chat, status=200, duration=54874ms
2026-03-09 15:13:38.324 [http-nio-18080-exec-2] INFO  c.r.L.c.UnifiedChatController - 收到统一聊天请求: message=价格促销文案中常见的宣传合规底线有哪些？, modelType=ADVANCED_RAG, conversationId=null, useKnowledgeBase=true
2026-03-09 15:13:38.324 [http-nio-18080-exec-2] INFO  c.r.L.s.a.AdvancedLegalRagService - Advanced RAG chat request received, sessionId=default
2026-03-09 15:13:38.324 [http-nio-18080-exec-2] INFO  c.r.L.s.a.LegalQueryTransformer - 转换法律查询: 价格促销文案中常见的宣传合规底线有哪些？
2026-03-09 15:13:38.325 [http-nio-18080-exec-2] INFO  c.r.L.s.a.LegalQueryTransformer - 查询转换完成，原始1个查询扩展为5个查询
2026-03-09 15:13:38.326 [pool-5-thread-144] INFO  c.r.L.s.advanced.LegalQueryRouter - 路由法律查询: 违规宣传后品牌方、平台方会面临哪些责任？
2026-03-09 15:13:38.326 [pool-5-thread-141] INFO  c.r.L.s.advanced.LegalQueryRouter - 路由法律查询: 文案 促销文案 促销 价格 广告合规 绝对化用语 广告标识 虚假宣传 价格促销 商业合作
2026-03-09 15:13:38.326 [pool-5-thread-140] INFO  c.r.L.s.advanced.LegalQueryRouter - 路由法律查询: 价格促销文案中常见的宣传合规底线有哪些？
2026-03-09 15:13:38.326 [pool-5-thread-143] INFO  c.r.L.s.advanced.LegalQueryRouter - 路由法律查询: 商业合作和推广内容应如何做显著广告标识？
2026-03-09 15:13:38.326 [pool-5-thread-142] INFO  c.r.L.s.advanced.LegalQueryRouter - 路由法律查询: 广告文案和宣传用语有哪些禁止性要求？
2026-03-09 15:15:38.513 [pool-5-thread-143] WARN  dev.langchain4j.internal.RetryUtils - A retriable exception occurred. Remaining retries: 2 of 2
dev.langchain4j.exception.TimeoutException: request timed out
	at dev.langchain4j.http.client.jdk.JdkHttpClient.execute(JdkHttpClient.java:58)
	at dev.langchain4j.model.ollama.OllamaClient.chat(OllamaClient.java:102)
	at dev.langchain4j.model.ollama.OllamaChatModel.lambda$doChat$0(OllamaChatModel.java:41)
	at dev.langchain4j.internal.ExceptionMapper.withExceptionMapper(ExceptionMapper.java:29)
	at dev.langchain4j.internal.RetryUtils.lambda$withRetryMappingExceptions$1(RetryUtils.java:322)
	at dev.langchain4j.internal.RetryUtils$RetryPolicy.withRetry(RetryUtils.java:204)
	at dev.langchain4j.internal.RetryUtils.withRetry(RetryUtils.java:259)
	at dev.langchain4j.internal.RetryUtils.withRetryMappingExceptions(RetryUtils.java:322)
	at dev.langchain4j.internal.RetryUtils.withRetryMappingExceptions(RetryUtils.java:305)
	at dev.langchain4j.model.ollama.OllamaChatModel.doChat(OllamaChatModel.java:41)
	at dev.langchain4j.model.chat.ChatModel.chat(ChatModel.java:46)
	at dev.langchain4j.model.chat.ChatModel.chat(ChatModel.java:76)
	at com.river.LegalAssistant.service.advanced.LegalQueryRouter.classifyByAI(LegalQueryRouter.java:147)
	at com.river.LegalAssistant.service.advanced.LegalQueryRouter.analyzeQuery(LegalQueryRouter.java:102)
	at com.river.LegalAssistant.service.advanced.LegalQueryRouter.route(LegalQueryRouter.java:77)
	at dev.langchain4j.rag.DefaultRetrievalAugmentor.lambda$process$1(DefaultRetrievalAugmentor.java:180)
	at java.base/java.util.concurrent.CompletableFuture$AsyncSupply.run(CompletableFuture.java:1768)
	at java.base/java.util.concurrent.ThreadPoolExecutor.runWorker(ThreadPoolExecutor.java:1144)
	at java.base/java.util.concurrent.ThreadPoolExecutor$Worker.run(ThreadPoolExecutor.java:642)
	at java.base/java.lang.Thread.run(Thread.java:1583)
Caused by: java.net.http.HttpTimeoutException: request timed out
	at java.net.http/jdk.internal.net.http.HttpClientImpl.send(HttpClientImpl.java:949)
	at java.net.http/jdk.internal.net.http.HttpClientFacade.send(HttpClientFacade.java:133)
	at dev.langchain4j.http.client.jdk.JdkHttpClient.execute(JdkHttpClient.java:50)
	... 19 common frames omitted
2026-03-09 15:15:38.513 [pool-5-thread-142] WARN  dev.langchain4j.internal.RetryUtils - A retriable exception occurred. Remaining retries: 2 of 2
dev.langchain4j.exception.TimeoutException: request timed out
	at dev.langchain4j.http.client.jdk.JdkHttpClient.execute(JdkHttpClient.java:58)
	at dev.langchain4j.model.ollama.OllamaClient.chat(OllamaClient.java:102)
	at dev.langchain4j.model.ollama.OllamaChatModel.lambda$doChat$0(OllamaChatModel.java:41)
	at dev.langchain4j.internal.ExceptionMapper.withExceptionMapper(ExceptionMapper.java:29)
	at dev.langchain4j.internal.RetryUtils.lambda$withRetryMappingExceptions$1(RetryUtils.java:322)
	at dev.langchain4j.internal.RetryUtils$RetryPolicy.withRetry(RetryUtils.java:204)
	at dev.langchain4j.internal.RetryUtils.withRetry(RetryUtils.java:259)
	at dev.langchain4j.internal.RetryUtils.withRetryMappingExceptions(RetryUtils.java:322)
	at dev.langchain4j.internal.RetryUtils.withRetryMappingExceptions(RetryUtils.java:305)
	at dev.langchain4j.model.ollama.OllamaChatModel.doChat(OllamaChatModel.java:41)
	at dev.langchain4j.model.chat.ChatModel.chat(ChatModel.java:46)
	at dev.langchain4j.model.chat.ChatModel.chat(ChatModel.java:76)
	at com.river.LegalAssistant.service.advanced.LegalQueryRouter.classifyByAI(LegalQueryRouter.java:147)
	at com.river.LegalAssistant.service.advanced.LegalQueryRouter.analyzeQuery(LegalQueryRouter.java:102)
	at com.river.LegalAssistant.service.advanced.LegalQueryRouter.route(LegalQueryRouter.java:77)
	at dev.langchain4j.rag.DefaultRetrievalAugmentor.lambda$process$1(DefaultRetrievalAugmentor.java:180)
	at java.base/java.util.concurrent.CompletableFuture$AsyncSupply.run(CompletableFuture.java:1768)
	at java.base/java.util.concurrent.ThreadPoolExecutor.runWorker(ThreadPoolExecutor.java:1144)
	at java.base/java.util.concurrent.ThreadPoolExecutor$Worker.run(ThreadPoolExecutor.java:642)
	at java.base/java.lang.Thread.run(Thread.java:1583)
Caused by: java.net.http.HttpTimeoutException: request timed out
	at java.net.http/jdk.internal.net.http.HttpClientImpl.send(HttpClientImpl.java:949)
	at java.net.http/jdk.internal.net.http.HttpClientFacade.send(HttpClientFacade.java:133)
	at dev.langchain4j.http.client.jdk.JdkHttpClient.execute(JdkHttpClient.java:50)
	... 19 common frames omitted
2026-03-09 15:15:38.513 [pool-5-thread-140] WARN  dev.langchain4j.internal.RetryUtils - A retriable exception occurred. Remaining retries: 2 of 2
dev.langchain4j.exception.TimeoutException: request timed out
	at dev.langchain4j.http.client.jdk.JdkHttpClient.execute(JdkHttpClient.java:58)
	at dev.langchain4j.model.ollama.OllamaClient.chat(OllamaClient.java:102)
	at dev.langchain4j.model.ollama.OllamaChatModel.lambda$doChat$0(OllamaChatModel.java:41)
	at dev.langchain4j.internal.ExceptionMapper.withExceptionMapper(ExceptionMapper.java:29)
	at dev.langchain4j.internal.RetryUtils.lambda$withRetryMappingExceptions$1(RetryUtils.java:322)
	at dev.langchain4j.internal.RetryUtils$RetryPolicy.withRetry(RetryUtils.java:204)
	at dev.langchain4j.internal.RetryUtils.withRetry(RetryUtils.java:259)
	at dev.langchain4j.internal.RetryUtils.withRetryMappingExceptions(RetryUtils.java:322)
	at dev.langchain4j.internal.RetryUtils.withRetryMappingExceptions(RetryUtils.java:305)
	at dev.langchain4j.model.ollama.OllamaChatModel.doChat(OllamaChatModel.java:41)
	at dev.langchain4j.model.chat.ChatModel.chat(ChatModel.java:46)
	at dev.langchain4j.model.chat.ChatModel.chat(ChatModel.java:76)
	at com.river.LegalAssistant.service.advanced.LegalQueryRouter.classifyByAI(LegalQueryRouter.java:147)
	at com.river.LegalAssistant.service.advanced.LegalQueryRouter.analyzeQuery(LegalQueryRouter.java:102)
	at com.river.LegalAssistant.service.advanced.LegalQueryRouter.route(LegalQueryRouter.java:77)
	at dev.langchain4j.rag.DefaultRetrievalAugmentor.lambda$process$1(DefaultRetrievalAugmentor.java:180)
	at java.base/java.util.concurrent.CompletableFuture$AsyncSupply.run(CompletableFuture.java:1768)
	at java.base/java.util.concurrent.ThreadPoolExecutor.runWorker(ThreadPoolExecutor.java:1144)
	at java.base/java.util.concurrent.ThreadPoolExecutor$Worker.run(ThreadPoolExecutor.java:642)
	at java.base/java.lang.Thread.run(Thread.java:1583)
Caused by: java.net.http.HttpTimeoutException: request timed out
	at java.net.http/jdk.internal.net.http.HttpClientImpl.send(HttpClientImpl.java:949)
	at java.net.http/jdk.internal.net.http.HttpClientFacade.send(HttpClientFacade.java:133)
	at dev.langchain4j.http.client.jdk.JdkHttpClient.execute(JdkHttpClient.java:50)
	... 19 common frames omitted
2026-03-09 15:15:38.513 [pool-5-thread-141] WARN  dev.langchain4j.internal.RetryUtils - A retriable exception occurred. Remaining retries: 2 of 2
dev.langchain4j.exception.TimeoutException: request timed out
	at dev.langchain4j.http.client.jdk.JdkHttpClient.execute(JdkHttpClient.java:58)
	at dev.langchain4j.model.ollama.OllamaClient.chat(OllamaClient.java:102)
	at dev.langchain4j.model.ollama.OllamaChatModel.lambda$doChat$0(OllamaChatModel.java:41)
	at dev.langchain4j.internal.ExceptionMapper.withExceptionMapper(ExceptionMapper.java:29)
	at dev.langchain4j.internal.RetryUtils.lambda$withRetryMappingExceptions$1(RetryUtils.java:322)
	at dev.langchain4j.internal.RetryUtils$RetryPolicy.withRetry(RetryUtils.java:204)
	at dev.langchain4j.internal.RetryUtils.withRetry(RetryUtils.java:259)
	at dev.langchain4j.internal.RetryUtils.withRetryMappingExceptions(RetryUtils.java:322)
	at dev.langchain4j.internal.RetryUtils.withRetryMappingExceptions(RetryUtils.java:305)
	at dev.langchain4j.model.ollama.OllamaChatModel.doChat(OllamaChatModel.java:41)
	at dev.langchain4j.model.chat.ChatModel.chat(ChatModel.java:46)
	at dev.langchain4j.model.chat.ChatModel.chat(ChatModel.java:76)
	at com.river.LegalAssistant.service.advanced.LegalQueryRouter.classifyByAI(LegalQueryRouter.java:147)
	at com.river.LegalAssistant.service.advanced.LegalQueryRouter.analyzeQuery(LegalQueryRouter.java:102)
	at com.river.LegalAssistant.service.advanced.LegalQueryRouter.route(LegalQueryRouter.java:77)
	at dev.langchain4j.rag.DefaultRetrievalAugmentor.lambda$process$1(DefaultRetrievalAugmentor.java:180)
	at java.base/java.util.concurrent.CompletableFuture$AsyncSupply.run(CompletableFuture.java:1768)
	at java.base/java.util.concurrent.ThreadPoolExecutor.runWorker(ThreadPoolExecutor.java:1144)
	at java.base/java.util.concurrent.ThreadPoolExecutor$Worker.run(ThreadPoolExecutor.java:642)
	at java.base/java.lang.Thread.run(Thread.java:1583)
Caused by: java.net.http.HttpTimeoutException: request timed out
	at java.net.http/jdk.internal.net.http.HttpClientImpl.send(HttpClientImpl.java:949)
	at java.net.http/jdk.internal.net.http.HttpClientFacade.send(HttpClientFacade.java:133)
	at dev.langchain4j.http.client.jdk.JdkHttpClient.execute(JdkHttpClient.java:50)
	... 19 common frames omitted
2026-03-09 15:15:38.513 [pool-5-thread-144] WARN  dev.langchain4j.internal.RetryUtils - A retriable exception occurred. Remaining retries: 2 of 2
dev.langchain4j.exception.TimeoutException: request timed out
	at dev.langchain4j.http.client.jdk.JdkHttpClient.execute(JdkHttpClient.java:58)
	at dev.langchain4j.model.ollama.OllamaClient.chat(OllamaClient.java:102)
	at dev.langchain4j.model.ollama.OllamaChatModel.lambda$doChat$0(OllamaChatModel.java:41)
	at dev.langchain4j.internal.ExceptionMapper.withExceptionMapper(ExceptionMapper.java:29)
	at dev.langchain4j.internal.RetryUtils.lambda$withRetryMappingExceptions$1(RetryUtils.java:322)
	at dev.langchain4j.internal.RetryUtils$RetryPolicy.withRetry(RetryUtils.java:204)
	at dev.langchain4j.internal.RetryUtils.withRetry(RetryUtils.java:259)
	at dev.langchain4j.internal.RetryUtils.withRetryMappingExceptions(RetryUtils.java:322)
	at dev.langchain4j.internal.RetryUtils.withRetryMappingExceptions(RetryUtils.java:305)
	at dev.langchain4j.model.ollama.OllamaChatModel.doChat(OllamaChatModel.java:41)
	at dev.langchain4j.model.chat.ChatModel.chat(ChatModel.java:46)
	at dev.langchain4j.model.chat.ChatModel.chat(ChatModel.java:76)
	at com.river.LegalAssistant.service.advanced.LegalQueryRouter.classifyByAI(LegalQueryRouter.java:147)
	at com.river.LegalAssistant.service.advanced.LegalQueryRouter.analyzeQuery(LegalQueryRouter.java:102)
	at com.river.LegalAssistant.service.advanced.LegalQueryRouter.route(LegalQueryRouter.java:77)
	at dev.langchain4j.rag.DefaultRetrievalAugmentor.lambda$process$1(DefaultRetrievalAugmentor.java:180)
	at java.base/java.util.concurrent.CompletableFuture$AsyncSupply.run(CompletableFuture.java:1768)
	at java.base/java.util.concurrent.ThreadPoolExecutor.runWorker(ThreadPoolExecutor.java:1144)
	at java.base/java.util.concurrent.ThreadPoolExecutor$Worker.run(ThreadPoolExecutor.java:642)
	at java.base/java.lang.Thread.run(Thread.java:1583)
Caused by: java.net.http.HttpTimeoutException: request timed out
	at java.net.http/jdk.internal.net.http.HttpClientImpl.send(HttpClientImpl.java:949)
	at java.net.http/jdk.internal.net.http.HttpClientFacade.send(HttpClientFacade.java:133)
	at dev.langchain4j.http.client.jdk.JdkHttpClient.execute(JdkHttpClient.java:50)
	... 19 common frames omitted
2026-03-09 15:17:39.317 [pool-5-thread-143] WARN  dev.langchain4j.internal.RetryUtils - A retriable exception occurred. Remaining retries: 1 of 2
dev.langchain4j.exception.TimeoutException: request timed out
	at dev.langchain4j.http.client.jdk.JdkHttpClient.execute(JdkHttpClient.java:58)
	at dev.langchain4j.model.ollama.OllamaClient.chat(OllamaClient.java:102)
	at dev.langchain4j.model.ollama.OllamaChatModel.lambda$doChat$0(OllamaChatModel.java:41)
	at dev.langchain4j.internal.ExceptionMapper.withExceptionMapper(ExceptionMapper.java:29)
	at dev.langchain4j.internal.RetryUtils.lambda$withRetryMappingExceptions$1(RetryUtils.java:322)
	at dev.langchain4j.internal.RetryUtils$RetryPolicy.withRetry(RetryUtils.java:204)
	at dev.langchain4j.internal.RetryUtils.withRetry(RetryUtils.java:259)
	at dev.langchain4j.internal.RetryUtils.withRetryMappingExceptions(RetryUtils.java:322)
	at dev.langchain4j.internal.RetryUtils.withRetryMappingExceptions(RetryUtils.java:305)
	at dev.langchain4j.model.ollama.OllamaChatModel.doChat(OllamaChatModel.java:41)
	at dev.langchain4j.model.chat.ChatModel.chat(ChatModel.java:46)
	at dev.langchain4j.model.chat.ChatModel.chat(ChatModel.java:76)
	at com.river.LegalAssistant.service.advanced.LegalQueryRouter.classifyByAI(LegalQueryRouter.java:147)
	at com.river.LegalAssistant.service.advanced.LegalQueryRouter.analyzeQuery(LegalQueryRouter.java:102)
	at com.river.LegalAssistant.service.advanced.LegalQueryRouter.route(LegalQueryRouter.java:77)
	at dev.langchain4j.rag.DefaultRetrievalAugmentor.lambda$process$1(DefaultRetrievalAugmentor.java:180)
	at java.base/java.util.concurrent.CompletableFuture$AsyncSupply.run(CompletableFuture.java:1768)
	at java.base/java.util.concurrent.ThreadPoolExecutor.runWorker(ThreadPoolExecutor.java:1144)
	at java.base/java.util.concurrent.ThreadPoolExecutor$Worker.run(ThreadPoolExecutor.java:642)
	at java.base/java.lang.Thread.run(Thread.java:1583)
Caused by: java.net.http.HttpTimeoutException: request timed out
	at java.net.http/jdk.internal.net.http.HttpClientImpl.send(HttpClientImpl.java:949)
	at java.net.http/jdk.internal.net.http.HttpClientFacade.send(HttpClientFacade.java:133)
	at dev.langchain4j.http.client.jdk.JdkHttpClient.execute(JdkHttpClient.java:50)
	... 19 common frames omitted
2026-03-09 15:17:39.317 [pool-5-thread-141] WARN  dev.langchain4j.internal.RetryUtils - A retriable exception occurred. Remaining retries: 1 of 2
dev.langchain4j.exception.TimeoutException: request timed out
	at dev.langchain4j.http.client.jdk.JdkHttpClient.execute(JdkHttpClient.java:58)
	at dev.langchain4j.model.ollama.OllamaClient.chat(OllamaClient.java:102)
	at dev.langchain4j.model.ollama.OllamaChatModel.lambda$doChat$0(OllamaChatModel.java:41)
	at dev.langchain4j.internal.ExceptionMapper.withExceptionMapper(ExceptionMapper.java:29)
	at dev.langchain4j.internal.RetryUtils.lambda$withRetryMappingExceptions$1(RetryUtils.java:322)
	at dev.langchain4j.internal.RetryUtils$RetryPolicy.withRetry(RetryUtils.java:204)
	at dev.langchain4j.internal.RetryUtils.withRetry(RetryUtils.java:259)
	at dev.langchain4j.internal.RetryUtils.withRetryMappingExceptions(RetryUtils.java:322)
	at dev.langchain4j.internal.RetryUtils.withRetryMappingExceptions(RetryUtils.java:305)
	at dev.langchain4j.model.ollama.OllamaChatModel.doChat(OllamaChatModel.java:41)
	at dev.langchain4j.model.chat.ChatModel.chat(ChatModel.java:46)
	at dev.langchain4j.model.chat.ChatModel.chat(ChatModel.java:76)
	at com.river.LegalAssistant.service.advanced.LegalQueryRouter.classifyByAI(LegalQueryRouter.java:147)
	at com.river.LegalAssistant.service.advanced.LegalQueryRouter.analyzeQuery(LegalQueryRouter.java:102)
	at com.river.LegalAssistant.service.advanced.LegalQueryRouter.route(LegalQueryRouter.java:77)
	at dev.langchain4j.rag.DefaultRetrievalAugmentor.lambda$process$1(DefaultRetrievalAugmentor.java:180)
	at java.base/java.util.concurrent.CompletableFuture$AsyncSupply.run(CompletableFuture.java:1768)
	at java.base/java.util.concurrent.ThreadPoolExecutor.runWorker(ThreadPoolExecutor.java:1144)
	at java.base/java.util.concurrent.ThreadPoolExecutor$Worker.run(ThreadPoolExecutor.java:642)
	at java.base/java.lang.Thread.run(Thread.java:1583)
Caused by: java.net.http.HttpTimeoutException: request timed out
	at java.net.http/jdk.internal.net.http.HttpClientImpl.send(HttpClientImpl.java:949)
	at java.net.http/jdk.internal.net.http.HttpClientFacade.send(HttpClientFacade.java:133)
	at dev.langchain4j.http.client.jdk.JdkHttpClient.execute(JdkHttpClient.java:50)
	... 19 common frames omitted
2026-03-09 15:17:39.317 [pool-5-thread-140] WARN  dev.langchain4j.internal.RetryUtils - A retriable exception occurred. Remaining retries: 1 of 2
dev.langchain4j.exception.TimeoutException: request timed out
	at dev.langchain4j.http.client.jdk.JdkHttpClient.execute(JdkHttpClient.java:58)
	at dev.langchain4j.model.ollama.OllamaClient.chat(OllamaClient.java:102)
	at dev.langchain4j.model.ollama.OllamaChatModel.lambda$doChat$0(OllamaChatModel.java:41)
	at dev.langchain4j.internal.ExceptionMapper.withExceptionMapper(ExceptionMapper.java:29)
	at dev.langchain4j.internal.RetryUtils.lambda$withRetryMappingExceptions$1(RetryUtils.java:322)
	at dev.langchain4j.internal.RetryUtils$RetryPolicy.withRetry(RetryUtils.java:204)
	at dev.langchain4j.internal.RetryUtils.withRetry(RetryUtils.java:259)
	at dev.langchain4j.internal.RetryUtils.withRetryMappingExceptions(RetryUtils.java:322)
	at dev.langchain4j.internal.RetryUtils.withRetryMappingExceptions(RetryUtils.java:305)
	at dev.langchain4j.model.ollama.OllamaChatModel.doChat(OllamaChatModel.java:41)
	at dev.langchain4j.model.chat.ChatModel.chat(ChatModel.java:46)
	at dev.langchain4j.model.chat.ChatModel.chat(ChatModel.java:76)
	at com.river.LegalAssistant.service.advanced.LegalQueryRouter.classifyByAI(LegalQueryRouter.java:147)
	at com.river.LegalAssistant.service.advanced.LegalQueryRouter.analyzeQuery(LegalQueryRouter.java:102)
	at com.river.LegalAssistant.service.advanced.LegalQueryRouter.route(LegalQueryRouter.java:77)
	at dev.langchain4j.rag.DefaultRetrievalAugmentor.lambda$process$1(DefaultRetrievalAugmentor.java:180)
	at java.base/java.util.concurrent.CompletableFuture$AsyncSupply.run(CompletableFuture.java:1768)
	at java.base/java.util.concurrent.ThreadPoolExecutor.runWorker(ThreadPoolExecutor.java:1144)
	at java.base/java.util.concurrent.ThreadPoolExecutor$Worker.run(ThreadPoolExecutor.java:642)
	at java.base/java.lang.Thread.run(Thread.java:1583)
Caused by: java.net.http.HttpTimeoutException: request timed out
	at java.net.http/jdk.internal.net.http.HttpClientImpl.send(HttpClientImpl.java:949)
	at java.net.http/jdk.internal.net.http.HttpClientFacade.send(HttpClientFacade.java:133)
	at dev.langchain4j.http.client.jdk.JdkHttpClient.execute(JdkHttpClient.java:50)
	... 19 common frames omitted
2026-03-09 15:17:39.317 [pool-5-thread-144] WARN  dev.langchain4j.internal.RetryUtils - A retriable exception occurred. Remaining retries: 1 of 2
dev.langchain4j.exception.TimeoutException: request timed out
	at dev.langchain4j.http.client.jdk.JdkHttpClient.execute(JdkHttpClient.java:58)
	at dev.langchain4j.model.ollama.OllamaClient.chat(OllamaClient.java:102)
	at dev.langchain4j.model.ollama.OllamaChatModel.lambda$doChat$0(OllamaChatModel.java:41)
	at dev.langchain4j.internal.ExceptionMapper.withExceptionMapper(ExceptionMapper.java:29)
	at dev.langchain4j.internal.RetryUtils.lambda$withRetryMappingExceptions$1(RetryUtils.java:322)
	at dev.langchain4j.internal.RetryUtils$RetryPolicy.withRetry(RetryUtils.java:204)
	at dev.langchain4j.internal.RetryUtils.withRetry(RetryUtils.java:259)
	at dev.langchain4j.internal.RetryUtils.withRetryMappingExceptions(RetryUtils.java:322)
	at dev.langchain4j.internal.RetryUtils.withRetryMappingExceptions(RetryUtils.java:305)
	at dev.langchain4j.model.ollama.OllamaChatModel.doChat(OllamaChatModel.java:41)
	at dev.langchain4j.model.chat.ChatModel.chat(ChatModel.java:46)
	at dev.langchain4j.model.chat.ChatModel.chat(ChatModel.java:76)
	at com.river.LegalAssistant.service.advanced.LegalQueryRouter.classifyByAI(LegalQueryRouter.java:147)
	at com.river.LegalAssistant.service.advanced.LegalQueryRouter.analyzeQuery(LegalQueryRouter.java:102)
	at com.river.LegalAssistant.service.advanced.LegalQueryRouter.route(LegalQueryRouter.java:77)
	at dev.langchain4j.rag.DefaultRetrievalAugmentor.lambda$process$1(DefaultRetrievalAugmentor.java:180)
	at java.base/java.util.concurrent.CompletableFuture$AsyncSupply.run(CompletableFuture.java:1768)
	at java.base/java.util.concurrent.ThreadPoolExecutor.runWorker(ThreadPoolExecutor.java:1144)
	at java.base/java.util.concurrent.ThreadPoolExecutor$Worker.run(ThreadPoolExecutor.java:642)
	at java.base/java.lang.Thread.run(Thread.java:1583)
Caused by: java.net.http.HttpTimeoutException: request timed out
	at java.net.http/jdk.internal.net.http.HttpClientImpl.send(HttpClientImpl.java:949)
	at java.net.http/jdk.internal.net.http.HttpClientFacade.send(HttpClientFacade.java:133)
	at dev.langchain4j.http.client.jdk.JdkHttpClient.execute(JdkHttpClient.java:50)
	... 19 common frames omitted
2026-03-09 15:17:39.317 [pool-5-thread-142] WARN  dev.langchain4j.internal.RetryUtils - A retriable exception occurred. Remaining retries: 1 of 2
dev.langchain4j.exception.TimeoutException: request timed out
	at dev.langchain4j.http.client.jdk.JdkHttpClient.execute(JdkHttpClient.java:58)
	at dev.langchain4j.model.ollama.OllamaClient.chat(OllamaClient.java:102)
	at dev.langchain4j.model.ollama.OllamaChatModel.lambda$doChat$0(OllamaChatModel.java:41)
	at dev.langchain4j.internal.ExceptionMapper.withExceptionMapper(ExceptionMapper.java:29)
	at dev.langchain4j.internal.RetryUtils.lambda$withRetryMappingExceptions$1(RetryUtils.java:322)
	at dev.langchain4j.internal.RetryUtils$RetryPolicy.withRetry(RetryUtils.java:204)
	at dev.langchain4j.internal.RetryUtils.withRetry(RetryUtils.java:259)
	at dev.langchain4j.internal.RetryUtils.withRetryMappingExceptions(RetryUtils.java:322)
	at dev.langchain4j.internal.RetryUtils.withRetryMappingExceptions(RetryUtils.java:305)
	at dev.langchain4j.model.ollama.OllamaChatModel.doChat(OllamaChatModel.java:41)
	at dev.langchain4j.model.chat.ChatModel.chat(ChatModel.java:46)
	at dev.langchain4j.model.chat.ChatModel.chat(ChatModel.java:76)
	at com.river.LegalAssistant.service.advanced.LegalQueryRouter.classifyByAI(LegalQueryRouter.java:147)
	at com.river.LegalAssistant.service.advanced.LegalQueryRouter.analyzeQuery(LegalQueryRouter.java:102)
	at com.river.LegalAssistant.service.advanced.LegalQueryRouter.route(LegalQueryRouter.java:77)
	at dev.langchain4j.rag.DefaultRetrievalAugmentor.lambda$process$1(DefaultRetrievalAugmentor.java:180)
	at java.base/java.util.concurrent.CompletableFuture$AsyncSupply.run(CompletableFuture.java:1768)
	at java.base/java.util.concurrent.ThreadPoolExecutor.runWorker(ThreadPoolExecutor.java:1144)
	at java.base/java.util.concurrent.ThreadPoolExecutor$Worker.run(ThreadPoolExecutor.java:642)
	at java.base/java.lang.Thread.run(Thread.java:1583)
Caused by: java.net.http.HttpTimeoutException: request timed out
	at java.net.http/jdk.internal.net.http.HttpClientImpl.send(HttpClientImpl.java:949)
	at java.net.http/jdk.internal.net.http.HttpClientFacade.send(HttpClientFacade.java:133)
	at dev.langchain4j.http.client.jdk.JdkHttpClient.execute(JdkHttpClient.java:50)
	... 19 common frames omitted
2026-03-09 15:19:40.279 [pool-5-thread-144] WARN  c.r.L.s.advanced.LegalQueryRouter - AI查询分类失败: request timed out
2026-03-09 15:19:40.279 [pool-5-thread-141] WARN  c.r.L.s.advanced.LegalQueryRouter - AI查询分类失败: request timed out
2026-03-09 15:19:40.279 [pool-5-thread-140] WARN  c.r.L.s.advanced.LegalQueryRouter - AI查询分类失败: request timed out
2026-03-09 15:19:40.279 [pool-5-thread-143] WARN  c.r.L.s.advanced.LegalQueryRouter - AI查询分类失败: request timed out
2026-03-09 15:19:40.279 [pool-5-thread-142] WARN  c.r.L.s.advanced.LegalQueryRouter - AI查询分类失败: request timed out
2026-03-09 15:19:40.312 [pool-5-thread-144] INFO  c.r.L.s.advanced.LegalQueryRouter - 为查询类型 COMPLIANCE_CHECK 选择了 2 个检索器
2026-03-09 15:19:40.314 [pool-5-thread-140] INFO  c.r.L.s.advanced.LegalQueryRouter - 为查询类型 COMPLIANCE_CHECK 选择了 2 个检索器
2026-03-09 15:19:40.314 [pool-5-thread-142] INFO  c.r.L.s.advanced.LegalQueryRouter - 为查询类型 COMPLIANCE_CHECK 选择了 2 个检索器
2026-03-09 15:19:40.314 [pool-5-thread-143] INFO  c.r.L.s.advanced.LegalQueryRouter - 为查询类型 LEGAL_ADVICE 选择了 1 个检索器
2026-03-09 15:19:40.315 [pool-5-thread-141] INFO  c.r.L.s.advanced.LegalQueryRouter - 为查询类型 COMPLIANCE_CHECK 选择了 2 个检索器
2026-03-09 15:19:40.333 [pool-5-thread-143] INFO  c.r.L.s.a.LegalContentRetriever - 多源检索法律内容: 广告文案和宣传用语有哪些禁止性要求？
2026-03-09 15:19:40.334 [pool-5-thread-145] INFO  c.r.L.s.a.LegalContentRetriever - 多源检索法律内容: 商业合作和推广内容应如何做显著广告标识？
2026-03-09 15:19:40.334 [pool-5-thread-148] INFO  c.r.L.s.a.LegalContentRetriever - 多源检索法律内容: 广告文案和宣传用语有哪些禁止性要求？
2026-03-09 15:19:40.336 [pool-5-thread-142] INFO  c.r.L.s.a.LegalContentRetriever - 多源检索法律内容: 价格促销文案中常见的宣传合规底线有哪些？
2026-03-09 15:19:40.337 [pool-5-thread-146] INFO  c.r.L.s.a.LegalContentRetriever - 多源检索法律内容: 价格促销文案中常见的宣传合规底线有哪些？
2026-03-09 15:19:40.338 [pool-5-thread-140] INFO  c.r.L.s.a.LegalContentRetriever - 多源检索法律内容: 违规宣传后品牌方、平台方会面临哪些责任？
2026-03-09 15:19:40.340 [pool-5-thread-147] INFO  c.r.L.s.a.LegalContentRetriever - 多源检索法律内容: 违规宣传后品牌方、平台方会面临哪些责任？
2026-03-09 15:19:40.341 [pool-5-thread-144] INFO  c.r.L.s.a.LegalContentRetriever - 多源检索法律内容: 文案 促销文案 促销 价格 广告合规 绝对化用语 广告标识 虚假宣传 价格促销 商业合作
2026-03-09 15:19:40.343 [pool-5-thread-149] INFO  c.r.L.s.a.LegalContentRetriever - 多源检索法律内容: 文案 促销文案 促销 价格 广告合规 绝对化用语 广告标识 虚假宣传 价格促销 商业合作
2026-03-09 15:19:44.087 [pool-5-thread-149] INFO  c.r.L.s.a.LegalContentRetriever - 多源检索完成，返回 6 个结果
2026-03-09 15:19:44.087 [pool-5-thread-142] INFO  c.r.L.s.a.LegalContentRetriever - 多源检索完成，返回 6 个结果
2026-03-09 15:19:44.087 [pool-5-thread-147] INFO  c.r.L.s.a.LegalContentRetriever - 多源检索完成，返回 6 个结果
2026-03-09 15:19:44.088 [pool-5-thread-148] INFO  c.r.L.s.a.LegalContentRetriever - 多源检索完成，返回 6 个结果
2026-03-09 15:19:44.088 [pool-5-thread-146] INFO  c.r.L.s.a.LegalContentRetriever - 多源检索完成，返回 6 个结果
2026-03-09 15:19:44.088 [pool-5-thread-145] INFO  c.r.L.s.a.LegalContentRetriever - 多源检索完成，返回 6 个结果
2026-03-09 15:19:44.088 [pool-5-thread-140] INFO  c.r.L.s.a.LegalContentRetriever - 多源检索完成，返回 6 个结果
2026-03-09 15:19:44.090 [pool-5-thread-144] INFO  c.r.L.s.a.LegalContentRetriever - 多源检索完成，返回 6 个结果
2026-03-09 15:19:44.094 [pool-5-thread-143] INFO  c.r.L.s.a.LegalContentRetriever - 多源检索完成，返回 6 个结果
2026-03-09 15:19:44.102 [http-nio-18080-exec-2] INFO  c.r.L.s.a.LegalContentAggregator - 开始聚合法律内容，共 5 个查询，总内容数: 54
2026-03-09 15:19:44.122 [http-nio-18080-exec-2] INFO  c.r.L.s.a.LegalContentAggregator - 内容聚合完成，返回 6 个结果
2026-03-09 15:19:44.123 [http-nio-18080-exec-2] INFO  c.r.L.s.a.LegalContentInjector - 注入法律内容到用户消息，内容数量: 6
2026-03-09 15:19:44.128 [http-nio-18080-exec-2] INFO  c.r.L.s.a.LegalContentInjector - 法律内容注入完成，增强消息长度: 265
2026-03-09 15:19:50.013 [http-nio-18080-exec-2] WARN  c.r.L.service.PromptTemplateService - 模板变量未提供: source
2026-03-09 15:20:08.238 [http-nio-18080-exec-2] INFO  c.r.L.s.a.AdvancedLegalRagService - Advanced RAG answer generated, sessionId=default, sourceCount=6, generationModel=deepseek-chat, durationMs=389914
2026-03-09 15:20:08.239 [http-nio-18080-exec-2] INFO  c.r.L.c.UnifiedChatController - 统一聊天请求处理完成，耗时: 389915 ms
2026-03-09 15:20:08.257 [http-nio-18080-exec-2] INFO  c.r.L.filter.RequestTrackingFilter - [REQUEST_END] traceId=d09cd8d6, method=POST, uri=/api/v1/chat, status=200, duration=389935ms
2026-03-09 15:20:08.489 [http-nio-18080-exec-5] INFO  c.r.L.c.UnifiedChatController - 收到统一聊天请求: message=处理个人信息时，最小必要原则通常怎么理解？, modelType=UNIFIED, conversationId=null, useKnowledgeBase=true
2026-03-09 15:20:08.489 [http-nio-18080-exec-5] INFO  c.r.L.c.UnifiedChatController - Unified mode routed to Advanced RAG for simple query
2026-03-09 15:20:08.489 [http-nio-18080-exec-5] INFO  c.r.L.s.a.AdvancedLegalRagService - Advanced RAG chat request received, sessionId=default
2026-03-09 15:20:08.490 [http-nio-18080-exec-5] INFO  c.r.L.s.a.LegalQueryTransformer - 转换法律查询: 处理个人信息时，最小必要原则通常怎么理解？
2026-03-09 15:20:08.491 [http-nio-18080-exec-5] INFO  c.r.L.s.a.LegalQueryTransformer - 查询转换完成，原始1个查询扩展为7个查询
2026-03-09 15:20:08.492 [pool-5-thread-155] INFO  c.r.L.s.advanced.LegalQueryRouter - 路由法律查询: 访问、更正、删除和注销响应机制应如何设置？
2026-03-09 15:20:08.493 [pool-5-thread-154] INFO  c.r.L.s.advanced.LegalQueryRouter - 路由法律查询: 隐私政策和告知同意环节应披露哪些核心信息？
2026-03-09 15:20:08.492 [pool-5-thread-150] INFO  c.r.L.s.advanced.LegalQueryRouter - 路由法律查询: 处理个人信息时，最小必要原则通常怎么理解？
2026-03-09 15:20:08.492 [pool-5-thread-152] INFO  c.r.L.s.advanced.LegalQueryRouter - 路由法律查询: 个人信息 最小必要 个人信息处理 隐私政策 用户权利 访问删除 留痕机制
2026-03-09 15:20:08.492 [pool-5-thread-153] INFO  c.r.L.s.advanced.LegalQueryRouter - 路由法律查询: 处理目的、范围和保存期限如何满足最小必要原则？
2026-03-09 15:20:08.493 [pool-5-thread-151] INFO  c.r.L.s.advanced.LegalQueryRouter - 路由法律查询: 处理个人信息时，最小必要原则通常如何理解？
2026-03-09 15:20:08.493 [pool-5-thread-156] INFO  c.r.L.s.advanced.LegalQueryRouter - 路由法律查询: 个人信息 处理 个人信息处理 最小必要 隐私政策
2026-03-09 15:22:08.597 [pool-5-thread-150] WARN  dev.langchain4j.internal.RetryUtils - A retriable exception occurred. Remaining retries: 2 of 2
dev.langchain4j.exception.TimeoutException: request timed out
	at dev.langchain4j.http.client.jdk.JdkHttpClient.execute(JdkHttpClient.java:58)
	at dev.langchain4j.model.ollama.OllamaClient.chat(OllamaClient.java:102)
	at dev.langchain4j.model.ollama.OllamaChatModel.lambda$doChat$0(OllamaChatModel.java:41)
	at dev.langchain4j.internal.ExceptionMapper.withExceptionMapper(ExceptionMapper.java:29)
	at dev.langchain4j.internal.RetryUtils.lambda$withRetryMappingExceptions$1(RetryUtils.java:322)
	at dev.langchain4j.internal.RetryUtils$RetryPolicy.withRetry(RetryUtils.java:204)
	at dev.langchain4j.internal.RetryUtils.withRetry(RetryUtils.java:259)
	at dev.langchain4j.internal.RetryUtils.withRetryMappingExceptions(RetryUtils.java:322)
	at dev.langchain4j.internal.RetryUtils.withRetryMappingExceptions(RetryUtils.java:305)
	at dev.langchain4j.model.ollama.OllamaChatModel.doChat(OllamaChatModel.java:41)
	at dev.langchain4j.model.chat.ChatModel.chat(ChatModel.java:46)
	at dev.langchain4j.model.chat.ChatModel.chat(ChatModel.java:76)
	at com.river.LegalAssistant.service.advanced.LegalQueryRouter.classifyByAI(LegalQueryRouter.java:147)
	at com.river.LegalAssistant.service.advanced.LegalQueryRouter.analyzeQuery(LegalQueryRouter.java:102)
	at com.river.LegalAssistant.service.advanced.LegalQueryRouter.route(LegalQueryRouter.java:77)
	at dev.langchain4j.rag.DefaultRetrievalAugmentor.lambda$process$1(DefaultRetrievalAugmentor.java:180)
	at java.base/java.util.concurrent.CompletableFuture$AsyncSupply.run(CompletableFuture.java:1768)
	at java.base/java.util.concurrent.ThreadPoolExecutor.runWorker(ThreadPoolExecutor.java:1144)
	at java.base/java.util.concurrent.ThreadPoolExecutor$Worker.run(ThreadPoolExecutor.java:642)
	at java.base/java.lang.Thread.run(Thread.java:1583)
Caused by: java.net.http.HttpTimeoutException: request timed out
	at java.net.http/jdk.internal.net.http.HttpClientImpl.send(HttpClientImpl.java:949)
	at java.net.http/jdk.internal.net.http.HttpClientFacade.send(HttpClientFacade.java:133)
	at dev.langchain4j.http.client.jdk.JdkHttpClient.execute(JdkHttpClient.java:50)
	... 19 common frames omitted
2026-03-09 15:22:08.597 [pool-5-thread-151] WARN  dev.langchain4j.internal.RetryUtils - A retriable exception occurred. Remaining retries: 2 of 2
dev.langchain4j.exception.TimeoutException: request timed out
	at dev.langchain4j.http.client.jdk.JdkHttpClient.execute(JdkHttpClient.java:58)
	at dev.langchain4j.model.ollama.OllamaClient.chat(OllamaClient.java:102)
	at dev.langchain4j.model.ollama.OllamaChatModel.lambda$doChat$0(OllamaChatModel.java:41)
	at dev.langchain4j.internal.ExceptionMapper.withExceptionMapper(ExceptionMapper.java:29)
	at dev.langchain4j.internal.RetryUtils.lambda$withRetryMappingExceptions$1(RetryUtils.java:322)
	at dev.langchain4j.internal.RetryUtils$RetryPolicy.withRetry(RetryUtils.java:204)
	at dev.langchain4j.internal.RetryUtils.withRetry(RetryUtils.java:259)
	at dev.langchain4j.internal.RetryUtils.withRetryMappingExceptions(RetryUtils.java:322)
	at dev.langchain4j.internal.RetryUtils.withRetryMappingExceptions(RetryUtils.java:305)
	at dev.langchain4j.model.ollama.OllamaChatModel.doChat(OllamaChatModel.java:41)
	at dev.langchain4j.model.chat.ChatModel.chat(ChatModel.java:46)
	at dev.langchain4j.model.chat.ChatModel.chat(ChatModel.java:76)
	at com.river.LegalAssistant.service.advanced.LegalQueryRouter.classifyByAI(LegalQueryRouter.java:147)
	at com.river.LegalAssistant.service.advanced.LegalQueryRouter.analyzeQuery(LegalQueryRouter.java:102)
	at com.river.LegalAssistant.service.advanced.LegalQueryRouter.route(LegalQueryRouter.java:77)
	at dev.langchain4j.rag.DefaultRetrievalAugmentor.lambda$process$1(DefaultRetrievalAugmentor.java:180)
	at java.base/java.util.concurrent.CompletableFuture$AsyncSupply.run(CompletableFuture.java:1768)
	at java.base/java.util.concurrent.ThreadPoolExecutor.runWorker(ThreadPoolExecutor.java:1144)
	at java.base/java.util.concurrent.ThreadPoolExecutor$Worker.run(ThreadPoolExecutor.java:642)
	at java.base/java.lang.Thread.run(Thread.java:1583)
Caused by: java.net.http.HttpTimeoutException: request timed out
	at java.net.http/jdk.internal.net.http.HttpClientImpl.send(HttpClientImpl.java:949)
	at java.net.http/jdk.internal.net.http.HttpClientFacade.send(HttpClientFacade.java:133)
	at dev.langchain4j.http.client.jdk.JdkHttpClient.execute(JdkHttpClient.java:50)
	... 19 common frames omitted
2026-03-09 15:22:08.597 [pool-5-thread-153] WARN  dev.langchain4j.internal.RetryUtils - A retriable exception occurred. Remaining retries: 2 of 2
dev.langchain4j.exception.TimeoutException: request timed out
	at dev.langchain4j.http.client.jdk.JdkHttpClient.execute(JdkHttpClient.java:58)
	at dev.langchain4j.model.ollama.OllamaClient.chat(OllamaClient.java:102)
	at dev.langchain4j.model.ollama.OllamaChatModel.lambda$doChat$0(OllamaChatModel.java:41)
	at dev.langchain4j.internal.ExceptionMapper.withExceptionMapper(ExceptionMapper.java:29)
	at dev.langchain4j.internal.RetryUtils.lambda$withRetryMappingExceptions$1(RetryUtils.java:322)
	at dev.langchain4j.internal.RetryUtils$RetryPolicy.withRetry(RetryUtils.java:204)
	at dev.langchain4j.internal.RetryUtils.withRetry(RetryUtils.java:259)
	at dev.langchain4j.internal.RetryUtils.withRetryMappingExceptions(RetryUtils.java:322)
	at dev.langchain4j.internal.RetryUtils.withRetryMappingExceptions(RetryUtils.java:305)
	at dev.langchain4j.model.ollama.OllamaChatModel.doChat(OllamaChatModel.java:41)
	at dev.langchain4j.model.chat.ChatModel.chat(ChatModel.java:46)
	at dev.langchain4j.model.chat.ChatModel.chat(ChatModel.java:76)
	at com.river.LegalAssistant.service.advanced.LegalQueryRouter.classifyByAI(LegalQueryRouter.java:147)
	at com.river.LegalAssistant.service.advanced.LegalQueryRouter.analyzeQuery(LegalQueryRouter.java:102)
	at com.river.LegalAssistant.service.advanced.LegalQueryRouter.route(LegalQueryRouter.java:77)
	at dev.langchain4j.rag.DefaultRetrievalAugmentor.lambda$process$1(DefaultRetrievalAugmentor.java:180)
	at java.base/java.util.concurrent.CompletableFuture$AsyncSupply.run(CompletableFuture.java:1768)
	at java.base/java.util.concurrent.ThreadPoolExecutor.runWorker(ThreadPoolExecutor.java:1144)
	at java.base/java.util.concurrent.ThreadPoolExecutor$Worker.run(ThreadPoolExecutor.java:642)
	at java.base/java.lang.Thread.run(Thread.java:1583)
Caused by: java.net.http.HttpTimeoutException: request timed out
	at java.net.http/jdk.internal.net.http.HttpClientImpl.send(HttpClientImpl.java:949)
	at java.net.http/jdk.internal.net.http.HttpClientFacade.send(HttpClientFacade.java:133)
	at dev.langchain4j.http.client.jdk.JdkHttpClient.execute(JdkHttpClient.java:50)
	... 19 common frames omitted
2026-03-09 15:22:08.597 [pool-5-thread-152] WARN  dev.langchain4j.internal.RetryUtils - A retriable exception occurred. Remaining retries: 2 of 2
dev.langchain4j.exception.TimeoutException: request timed out
	at dev.langchain4j.http.client.jdk.JdkHttpClient.execute(JdkHttpClient.java:58)
	at dev.langchain4j.model.ollama.OllamaClient.chat(OllamaClient.java:102)
	at dev.langchain4j.model.ollama.OllamaChatModel.lambda$doChat$0(OllamaChatModel.java:41)
	at dev.langchain4j.internal.ExceptionMapper.withExceptionMapper(ExceptionMapper.java:29)
	at dev.langchain4j.internal.RetryUtils.lambda$withRetryMappingExceptions$1(RetryUtils.java:322)
	at dev.langchain4j.internal.RetryUtils$RetryPolicy.withRetry(RetryUtils.java:204)
	at dev.langchain4j.internal.RetryUtils.withRetry(RetryUtils.java:259)
	at dev.langchain4j.internal.RetryUtils.withRetryMappingExceptions(RetryUtils.java:322)
	at dev.langchain4j.internal.RetryUtils.withRetryMappingExceptions(RetryUtils.java:305)
	at dev.langchain4j.model.ollama.OllamaChatModel.doChat(OllamaChatModel.java:41)
	at dev.langchain4j.model.chat.ChatModel.chat(ChatModel.java:46)
	at dev.langchain4j.model.chat.ChatModel.chat(ChatModel.java:76)
	at com.river.LegalAssistant.service.advanced.LegalQueryRouter.classifyByAI(LegalQueryRouter.java:147)
	at com.river.LegalAssistant.service.advanced.LegalQueryRouter.analyzeQuery(LegalQueryRouter.java:102)
	at com.river.LegalAssistant.service.advanced.LegalQueryRouter.route(LegalQueryRouter.java:77)
	at dev.langchain4j.rag.DefaultRetrievalAugmentor.lambda$process$1(DefaultRetrievalAugmentor.java:180)
	at java.base/java.util.concurrent.CompletableFuture$AsyncSupply.run(CompletableFuture.java:1768)
	at java.base/java.util.concurrent.ThreadPoolExecutor.runWorker(ThreadPoolExecutor.java:1144)
	at java.base/java.util.concurrent.ThreadPoolExecutor$Worker.run(ThreadPoolExecutor.java:642)
	at java.base/java.lang.Thread.run(Thread.java:1583)
Caused by: java.net.http.HttpTimeoutException: request timed out
	at java.net.http/jdk.internal.net.http.HttpClientImpl.send(HttpClientImpl.java:949)
	at java.net.http/jdk.internal.net.http.HttpClientFacade.send(HttpClientFacade.java:133)
	at dev.langchain4j.http.client.jdk.JdkHttpClient.execute(JdkHttpClient.java:50)
	... 19 common frames omitted
2026-03-09 15:22:08.597 [pool-5-thread-156] WARN  dev.langchain4j.internal.RetryUtils - A retriable exception occurred. Remaining retries: 2 of 2
dev.langchain4j.exception.TimeoutException: request timed out
	at dev.langchain4j.http.client.jdk.JdkHttpClient.execute(JdkHttpClient.java:58)
	at dev.langchain4j.model.ollama.OllamaClient.chat(OllamaClient.java:102)
	at dev.langchain4j.model.ollama.OllamaChatModel.lambda$doChat$0(OllamaChatModel.java:41)
	at dev.langchain4j.internal.ExceptionMapper.withExceptionMapper(ExceptionMapper.java:29)
	at dev.langchain4j.internal.RetryUtils.lambda$withRetryMappingExceptions$1(RetryUtils.java:322)
	at dev.langchain4j.internal.RetryUtils$RetryPolicy.withRetry(RetryUtils.java:204)
	at dev.langchain4j.internal.RetryUtils.withRetry(RetryUtils.java:259)
	at dev.langchain4j.internal.RetryUtils.withRetryMappingExceptions(RetryUtils.java:322)
	at dev.langchain4j.internal.RetryUtils.withRetryMappingExceptions(RetryUtils.java:305)
	at dev.langchain4j.model.ollama.OllamaChatModel.doChat(OllamaChatModel.java:41)
	at dev.langchain4j.model.chat.ChatModel.chat(ChatModel.java:46)
	at dev.langchain4j.model.chat.ChatModel.chat(ChatModel.java:76)
	at com.river.LegalAssistant.service.advanced.LegalQueryRouter.classifyByAI(LegalQueryRouter.java:147)
	at com.river.LegalAssistant.service.advanced.LegalQueryRouter.analyzeQuery(LegalQueryRouter.java:102)
	at com.river.LegalAssistant.service.advanced.LegalQueryRouter.route(LegalQueryRouter.java:77)
	at dev.langchain4j.rag.DefaultRetrievalAugmentor.lambda$process$1(DefaultRetrievalAugmentor.java:180)
	at java.base/java.util.concurrent.CompletableFuture$AsyncSupply.run(CompletableFuture.java:1768)
	at java.base/java.util.concurrent.ThreadPoolExecutor.runWorker(ThreadPoolExecutor.java:1144)
	at java.base/java.util.concurrent.ThreadPoolExecutor$Worker.run(ThreadPoolExecutor.java:642)
	at java.base/java.lang.Thread.run(Thread.java:1583)
Caused by: java.net.http.HttpTimeoutException: request timed out
	at java.net.http/jdk.internal.net.http.HttpClientImpl.send(HttpClientImpl.java:949)
	at java.net.http/jdk.internal.net.http.HttpClientFacade.send(HttpClientFacade.java:133)
	at dev.langchain4j.http.client.jdk.JdkHttpClient.execute(JdkHttpClient.java:50)
	... 19 common frames omitted
2026-03-09 15:22:08.598 [pool-5-thread-154] WARN  dev.langchain4j.internal.RetryUtils - A retriable exception occurred. Remaining retries: 2 of 2
dev.langchain4j.exception.TimeoutException: request timed out
	at dev.langchain4j.http.client.jdk.JdkHttpClient.execute(JdkHttpClient.java:58)
	at dev.langchain4j.model.ollama.OllamaClient.chat(OllamaClient.java:102)
	at dev.langchain4j.model.ollama.OllamaChatModel.lambda$doChat$0(OllamaChatModel.java:41)
	at dev.langchain4j.internal.ExceptionMapper.withExceptionMapper(ExceptionMapper.java:29)
	at dev.langchain4j.internal.RetryUtils.lambda$withRetryMappingExceptions$1(RetryUtils.java:322)
	at dev.langchain4j.internal.RetryUtils$RetryPolicy.withRetry(RetryUtils.java:204)
	at dev.langchain4j.internal.RetryUtils.withRetry(RetryUtils.java:259)
	at dev.langchain4j.internal.RetryUtils.withRetryMappingExceptions(RetryUtils.java:322)
	at dev.langchain4j.internal.RetryUtils.withRetryMappingExceptions(RetryUtils.java:305)
	at dev.langchain4j.model.ollama.OllamaChatModel.doChat(OllamaChatModel.java:41)
	at dev.langchain4j.model.chat.ChatModel.chat(ChatModel.java:46)
	at dev.langchain4j.model.chat.ChatModel.chat(ChatModel.java:76)
	at com.river.LegalAssistant.service.advanced.LegalQueryRouter.classifyByAI(LegalQueryRouter.java:147)
	at com.river.LegalAssistant.service.advanced.LegalQueryRouter.analyzeQuery(LegalQueryRouter.java:102)
	at com.river.LegalAssistant.service.advanced.LegalQueryRouter.route(LegalQueryRouter.java:77)
	at dev.langchain4j.rag.DefaultRetrievalAugmentor.lambda$process$1(DefaultRetrievalAugmentor.java:180)
	at java.base/java.util.concurrent.CompletableFuture$AsyncSupply.run(CompletableFuture.java:1768)
	at java.base/java.util.concurrent.ThreadPoolExecutor.runWorker(ThreadPoolExecutor.java:1144)
	at java.base/java.util.concurrent.ThreadPoolExecutor$Worker.run(ThreadPoolExecutor.java:642)
	at java.base/java.lang.Thread.run(Thread.java:1583)
Caused by: java.net.http.HttpTimeoutException: request timed out
	at java.net.http/jdk.internal.net.http.HttpClientImpl.send(HttpClientImpl.java:949)
	at java.net.http/jdk.internal.net.http.HttpClientFacade.send(HttpClientFacade.java:133)
	at dev.langchain4j.http.client.jdk.JdkHttpClient.execute(JdkHttpClient.java:50)
	... 19 common frames omitted
2026-03-09 15:22:08.598 [pool-5-thread-155] WARN  dev.langchain4j.internal.RetryUtils - A retriable exception occurred. Remaining retries: 2 of 2
dev.langchain4j.exception.TimeoutException: request timed out
	at dev.langchain4j.http.client.jdk.JdkHttpClient.execute(JdkHttpClient.java:58)
	at dev.langchain4j.model.ollama.OllamaClient.chat(OllamaClient.java:102)
	at dev.langchain4j.model.ollama.OllamaChatModel.lambda$doChat$0(OllamaChatModel.java:41)
	at dev.langchain4j.internal.ExceptionMapper.withExceptionMapper(ExceptionMapper.java:29)
	at dev.langchain4j.internal.RetryUtils.lambda$withRetryMappingExceptions$1(RetryUtils.java:322)
	at dev.langchain4j.internal.RetryUtils$RetryPolicy.withRetry(RetryUtils.java:204)
	at dev.langchain4j.internal.RetryUtils.withRetry(RetryUtils.java:259)
	at dev.langchain4j.internal.RetryUtils.withRetryMappingExceptions(RetryUtils.java:322)
	at dev.langchain4j.internal.RetryUtils.withRetryMappingExceptions(RetryUtils.java:305)
	at dev.langchain4j.model.ollama.OllamaChatModel.doChat(OllamaChatModel.java:41)
	at dev.langchain4j.model.chat.ChatModel.chat(ChatModel.java:46)
	at dev.langchain4j.model.chat.ChatModel.chat(ChatModel.java:76)
	at com.river.LegalAssistant.service.advanced.LegalQueryRouter.classifyByAI(LegalQueryRouter.java:147)
	at com.river.LegalAssistant.service.advanced.LegalQueryRouter.analyzeQuery(LegalQueryRouter.java:102)
	at com.river.LegalAssistant.service.advanced.LegalQueryRouter.route(LegalQueryRouter.java:77)
	at dev.langchain4j.rag.DefaultRetrievalAugmentor.lambda$process$1(DefaultRetrievalAugmentor.java:180)
	at java.base/java.util.concurrent.CompletableFuture$AsyncSupply.run(CompletableFuture.java:1768)
	at java.base/java.util.concurrent.ThreadPoolExecutor.runWorker(ThreadPoolExecutor.java:1144)
	at java.base/java.util.concurrent.ThreadPoolExecutor$Worker.run(ThreadPoolExecutor.java:642)
	at java.base/java.lang.Thread.run(Thread.java:1583)
Caused by: java.net.http.HttpTimeoutException: request timed out
	at java.net.http/jdk.internal.net.http.HttpClientImpl.send(HttpClientImpl.java:949)
	at java.net.http/jdk.internal.net.http.HttpClientFacade.send(HttpClientFacade.java:133)
	at dev.langchain4j.http.client.jdk.JdkHttpClient.execute(JdkHttpClient.java:50)
	... 19 common frames omitted
2026-03-09 15:24:09.253 [pool-5-thread-154] WARN  dev.langchain4j.internal.RetryUtils - A retriable exception occurred. Remaining retries: 1 of 2
dev.langchain4j.exception.TimeoutException: request timed out
	at dev.langchain4j.http.client.jdk.JdkHttpClient.execute(JdkHttpClient.java:58)
	at dev.langchain4j.model.ollama.OllamaClient.chat(OllamaClient.java:102)
	at dev.langchain4j.model.ollama.OllamaChatModel.lambda$doChat$0(OllamaChatModel.java:41)
	at dev.langchain4j.internal.ExceptionMapper.withExceptionMapper(ExceptionMapper.java:29)
	at dev.langchain4j.internal.RetryUtils.lambda$withRetryMappingExceptions$1(RetryUtils.java:322)
	at dev.langchain4j.internal.RetryUtils$RetryPolicy.withRetry(RetryUtils.java:204)
	at dev.langchain4j.internal.RetryUtils.withRetry(RetryUtils.java:259)
	at dev.langchain4j.internal.RetryUtils.withRetryMappingExceptions(RetryUtils.java:322)
	at dev.langchain4j.internal.RetryUtils.withRetryMappingExceptions(RetryUtils.java:305)
	at dev.langchain4j.model.ollama.OllamaChatModel.doChat(OllamaChatModel.java:41)
	at dev.langchain4j.model.chat.ChatModel.chat(ChatModel.java:46)
	at dev.langchain4j.model.chat.ChatModel.chat(ChatModel.java:76)
	at com.river.LegalAssistant.service.advanced.LegalQueryRouter.classifyByAI(LegalQueryRouter.java:147)
	at com.river.LegalAssistant.service.advanced.LegalQueryRouter.analyzeQuery(LegalQueryRouter.java:102)
	at com.river.LegalAssistant.service.advanced.LegalQueryRouter.route(LegalQueryRouter.java:77)
	at dev.langchain4j.rag.DefaultRetrievalAugmentor.lambda$process$1(DefaultRetrievalAugmentor.java:180)
	at java.base/java.util.concurrent.CompletableFuture$AsyncSupply.run(CompletableFuture.java:1768)
	at java.base/java.util.concurrent.ThreadPoolExecutor.runWorker(ThreadPoolExecutor.java:1144)
	at java.base/java.util.concurrent.ThreadPoolExecutor$Worker.run(ThreadPoolExecutor.java:642)
	at java.base/java.lang.Thread.run(Thread.java:1583)
Caused by: java.net.http.HttpTimeoutException: request timed out
	at java.net.http/jdk.internal.net.http.HttpClientImpl.send(HttpClientImpl.java:949)
	at java.net.http/jdk.internal.net.http.HttpClientFacade.send(HttpClientFacade.java:133)
	at dev.langchain4j.http.client.jdk.JdkHttpClient.execute(JdkHttpClient.java:50)
	... 19 common frames omitted
2026-03-09 15:24:09.253 [pool-5-thread-155] WARN  dev.langchain4j.internal.RetryUtils - A retriable exception occurred. Remaining retries: 1 of 2
dev.langchain4j.exception.TimeoutException: request timed out
	at dev.langchain4j.http.client.jdk.JdkHttpClient.execute(JdkHttpClient.java:58)
	at dev.langchain4j.model.ollama.OllamaClient.chat(OllamaClient.java:102)
	at dev.langchain4j.model.ollama.OllamaChatModel.lambda$doChat$0(OllamaChatModel.java:41)
	at dev.langchain4j.internal.ExceptionMapper.withExceptionMapper(ExceptionMapper.java:29)
	at dev.langchain4j.internal.RetryUtils.lambda$withRetryMappingExceptions$1(RetryUtils.java:322)
	at dev.langchain4j.internal.RetryUtils$RetryPolicy.withRetry(RetryUtils.java:204)
	at dev.langchain4j.internal.RetryUtils.withRetry(RetryUtils.java:259)
	at dev.langchain4j.internal.RetryUtils.withRetryMappingExceptions(RetryUtils.java:322)
	at dev.langchain4j.internal.RetryUtils.withRetryMappingExceptions(RetryUtils.java:305)
	at dev.langchain4j.model.ollama.OllamaChatModel.doChat(OllamaChatModel.java:41)
	at dev.langchain4j.model.chat.ChatModel.chat(ChatModel.java:46)
	at dev.langchain4j.model.chat.ChatModel.chat(ChatModel.java:76)
	at com.river.LegalAssistant.service.advanced.LegalQueryRouter.classifyByAI(LegalQueryRouter.java:147)
	at com.river.LegalAssistant.service.advanced.LegalQueryRouter.analyzeQuery(LegalQueryRouter.java:102)
	at com.river.LegalAssistant.service.advanced.LegalQueryRouter.route(LegalQueryRouter.java:77)
	at dev.langchain4j.rag.DefaultRetrievalAugmentor.lambda$process$1(DefaultRetrievalAugmentor.java:180)
	at java.base/java.util.concurrent.CompletableFuture$AsyncSupply.run(CompletableFuture.java:1768)
	at java.base/java.util.concurrent.ThreadPoolExecutor.runWorker(ThreadPoolExecutor.java:1144)
	at java.base/java.util.concurrent.ThreadPoolExecutor$Worker.run(ThreadPoolExecutor.java:642)
	at java.base/java.lang.Thread.run(Thread.java:1583)
Caused by: java.net.http.HttpTimeoutException: request timed out
	at java.net.http/jdk.internal.net.http.HttpClientImpl.send(HttpClientImpl.java:949)
	at java.net.http/jdk.internal.net.http.HttpClientFacade.send(HttpClientFacade.java:133)
	at dev.langchain4j.http.client.jdk.JdkHttpClient.execute(JdkHttpClient.java:50)
	... 19 common frames omitted
2026-03-09 15:24:09.254 [pool-5-thread-152] WARN  dev.langchain4j.internal.RetryUtils - A retriable exception occurred. Remaining retries: 1 of 2
dev.langchain4j.exception.TimeoutException: request timed out
	at dev.langchain4j.http.client.jdk.JdkHttpClient.execute(JdkHttpClient.java:58)
	at dev.langchain4j.model.ollama.OllamaClient.chat(OllamaClient.java:102)
	at dev.langchain4j.model.ollama.OllamaChatModel.lambda$doChat$0(OllamaChatModel.java:41)
	at dev.langchain4j.internal.ExceptionMapper.withExceptionMapper(ExceptionMapper.java:29)
	at dev.langchain4j.internal.RetryUtils.lambda$withRetryMappingExceptions$1(RetryUtils.java:322)
	at dev.langchain4j.internal.RetryUtils$RetryPolicy.withRetry(RetryUtils.java:204)
	at dev.langchain4j.internal.RetryUtils.withRetry(RetryUtils.java:259)
	at dev.langchain4j.internal.RetryUtils.withRetryMappingExceptions(RetryUtils.java:322)
	at dev.langchain4j.internal.RetryUtils.withRetryMappingExceptions(RetryUtils.java:305)
	at dev.langchain4j.model.ollama.OllamaChatModel.doChat(OllamaChatModel.java:41)
	at dev.langchain4j.model.chat.ChatModel.chat(ChatModel.java:46)
	at dev.langchain4j.model.chat.ChatModel.chat(ChatModel.java:76)
	at com.river.LegalAssistant.service.advanced.LegalQueryRouter.classifyByAI(LegalQueryRouter.java:147)
	at com.river.LegalAssistant.service.advanced.LegalQueryRouter.analyzeQuery(LegalQueryRouter.java:102)
	at com.river.LegalAssistant.service.advanced.LegalQueryRouter.route(LegalQueryRouter.java:77)
	at dev.langchain4j.rag.DefaultRetrievalAugmentor.lambda$process$1(DefaultRetrievalAugmentor.java:180)
	at java.base/java.util.concurrent.CompletableFuture$AsyncSupply.run(CompletableFuture.java:1768)
	at java.base/java.util.concurrent.ThreadPoolExecutor.runWorker(ThreadPoolExecutor.java:1144)
	at java.base/java.util.concurrent.ThreadPoolExecutor$Worker.run(ThreadPoolExecutor.java:642)
	at java.base/java.lang.Thread.run(Thread.java:1583)
Caused by: java.net.http.HttpTimeoutException: request timed out
	at java.net.http/jdk.internal.net.http.HttpClientImpl.send(HttpClientImpl.java:949)
	at java.net.http/jdk.internal.net.http.HttpClientFacade.send(HttpClientFacade.java:133)
	at dev.langchain4j.http.client.jdk.JdkHttpClient.execute(JdkHttpClient.java:50)
	... 19 common frames omitted
2026-03-09 15:24:09.253 [pool-5-thread-156] WARN  dev.langchain4j.internal.RetryUtils - A retriable exception occurred. Remaining retries: 1 of 2
dev.langchain4j.exception.TimeoutException: request timed out
	at dev.langchain4j.http.client.jdk.JdkHttpClient.execute(JdkHttpClient.java:58)
	at dev.langchain4j.model.ollama.OllamaClient.chat(OllamaClient.java:102)
	at dev.langchain4j.model.ollama.OllamaChatModel.lambda$doChat$0(OllamaChatModel.java:41)
	at dev.langchain4j.internal.ExceptionMapper.withExceptionMapper(ExceptionMapper.java:29)
	at dev.langchain4j.internal.RetryUtils.lambda$withRetryMappingExceptions$1(RetryUtils.java:322)
	at dev.langchain4j.internal.RetryUtils$RetryPolicy.withRetry(RetryUtils.java:204)
	at dev.langchain4j.internal.RetryUtils.withRetry(RetryUtils.java:259)
	at dev.langchain4j.internal.RetryUtils.withRetryMappingExceptions(RetryUtils.java:322)
	at dev.langchain4j.internal.RetryUtils.withRetryMappingExceptions(RetryUtils.java:305)
	at dev.langchain4j.model.ollama.OllamaChatModel.doChat(OllamaChatModel.java:41)
	at dev.langchain4j.model.chat.ChatModel.chat(ChatModel.java:46)
	at dev.langchain4j.model.chat.ChatModel.chat(ChatModel.java:76)
	at com.river.LegalAssistant.service.advanced.LegalQueryRouter.classifyByAI(LegalQueryRouter.java:147)
	at com.river.LegalAssistant.service.advanced.LegalQueryRouter.analyzeQuery(LegalQueryRouter.java:102)
	at com.river.LegalAssistant.service.advanced.LegalQueryRouter.route(LegalQueryRouter.java:77)
	at dev.langchain4j.rag.DefaultRetrievalAugmentor.lambda$process$1(DefaultRetrievalAugmentor.java:180)
	at java.base/java.util.concurrent.CompletableFuture$AsyncSupply.run(CompletableFuture.java:1768)
	at java.base/java.util.concurrent.ThreadPoolExecutor.runWorker(ThreadPoolExecutor.java:1144)
	at java.base/java.util.concurrent.ThreadPoolExecutor$Worker.run(ThreadPoolExecutor.java:642)
	at java.base/java.lang.Thread.run(Thread.java:1583)
Caused by: java.net.http.HttpTimeoutException: request timed out
	at java.net.http/jdk.internal.net.http.HttpClientImpl.send(HttpClientImpl.java:949)
	at java.net.http/jdk.internal.net.http.HttpClientFacade.send(HttpClientFacade.java:133)
	at dev.langchain4j.http.client.jdk.JdkHttpClient.execute(JdkHttpClient.java:50)
	... 19 common frames omitted
2026-03-09 15:24:09.253 [pool-5-thread-151] WARN  dev.langchain4j.internal.RetryUtils - A retriable exception occurred. Remaining retries: 1 of 2
dev.langchain4j.exception.TimeoutException: request timed out
	at dev.langchain4j.http.client.jdk.JdkHttpClient.execute(JdkHttpClient.java:58)
	at dev.langchain4j.model.ollama.OllamaClient.chat(OllamaClient.java:102)
	at dev.langchain4j.model.ollama.OllamaChatModel.lambda$doChat$0(OllamaChatModel.java:41)
	at dev.langchain4j.internal.ExceptionMapper.withExceptionMapper(ExceptionMapper.java:29)
	at dev.langchain4j.internal.RetryUtils.lambda$withRetryMappingExceptions$1(RetryUtils.java:322)
	at dev.langchain4j.internal.RetryUtils$RetryPolicy.withRetry(RetryUtils.java:204)
	at dev.langchain4j.internal.RetryUtils.withRetry(RetryUtils.java:259)
	at dev.langchain4j.internal.RetryUtils.withRetryMappingExceptions(RetryUtils.java:322)
	at dev.langchain4j.internal.RetryUtils.withRetryMappingExceptions(RetryUtils.java:305)
	at dev.langchain4j.model.ollama.OllamaChatModel.doChat(OllamaChatModel.java:41)
	at dev.langchain4j.model.chat.ChatModel.chat(ChatModel.java:46)
	at dev.langchain4j.model.chat.ChatModel.chat(ChatModel.java:76)
	at com.river.LegalAssistant.service.advanced.LegalQueryRouter.classifyByAI(LegalQueryRouter.java:147)
	at com.river.LegalAssistant.service.advanced.LegalQueryRouter.analyzeQuery(LegalQueryRouter.java:102)
	at com.river.LegalAssistant.service.advanced.LegalQueryRouter.route(LegalQueryRouter.java:77)
	at dev.langchain4j.rag.DefaultRetrievalAugmentor.lambda$process$1(DefaultRetrievalAugmentor.java:180)
	at java.base/java.util.concurrent.CompletableFuture$AsyncSupply.run(CompletableFuture.java:1768)
	at java.base/java.util.concurrent.ThreadPoolExecutor.runWorker(ThreadPoolExecutor.java:1144)
	at java.base/java.util.concurrent.ThreadPoolExecutor$Worker.run(ThreadPoolExecutor.java:642)
	at java.base/java.lang.Thread.run(Thread.java:1583)
Caused by: java.net.http.HttpTimeoutException: request timed out
	at java.net.http/jdk.internal.net.http.HttpClientImpl.send(HttpClientImpl.java:949)
	at java.net.http/jdk.internal.net.http.HttpClientFacade.send(HttpClientFacade.java:133)
	at dev.langchain4j.http.client.jdk.JdkHttpClient.execute(JdkHttpClient.java:50)
	... 19 common frames omitted
2026-03-09 15:24:09.253 [pool-5-thread-150] WARN  dev.langchain4j.internal.RetryUtils - A retriable exception occurred. Remaining retries: 1 of 2
dev.langchain4j.exception.TimeoutException: request timed out
	at dev.langchain4j.http.client.jdk.JdkHttpClient.execute(JdkHttpClient.java:58)
	at dev.langchain4j.model.ollama.OllamaClient.chat(OllamaClient.java:102)
	at dev.langchain4j.model.ollama.OllamaChatModel.lambda$doChat$0(OllamaChatModel.java:41)
	at dev.langchain4j.internal.ExceptionMapper.withExceptionMapper(ExceptionMapper.java:29)
	at dev.langchain4j.internal.RetryUtils.lambda$withRetryMappingExceptions$1(RetryUtils.java:322)
	at dev.langchain4j.internal.RetryUtils$RetryPolicy.withRetry(RetryUtils.java:204)
	at dev.langchain4j.internal.RetryUtils.withRetry(RetryUtils.java:259)
	at dev.langchain4j.internal.RetryUtils.withRetryMappingExceptions(RetryUtils.java:322)
	at dev.langchain4j.internal.RetryUtils.withRetryMappingExceptions(RetryUtils.java:305)
	at dev.langchain4j.model.ollama.OllamaChatModel.doChat(OllamaChatModel.java:41)
	at dev.langchain4j.model.chat.ChatModel.chat(ChatModel.java:46)
	at dev.langchain4j.model.chat.ChatModel.chat(ChatModel.java:76)
	at com.river.LegalAssistant.service.advanced.LegalQueryRouter.classifyByAI(LegalQueryRouter.java:147)
	at com.river.LegalAssistant.service.advanced.LegalQueryRouter.analyzeQuery(LegalQueryRouter.java:102)
	at com.river.LegalAssistant.service.advanced.LegalQueryRouter.route(LegalQueryRouter.java:77)
	at dev.langchain4j.rag.DefaultRetrievalAugmentor.lambda$process$1(DefaultRetrievalAugmentor.java:180)
	at java.base/java.util.concurrent.CompletableFuture$AsyncSupply.run(CompletableFuture.java:1768)
	at java.base/java.util.concurrent.ThreadPoolExecutor.runWorker(ThreadPoolExecutor.java:1144)
	at java.base/java.util.concurrent.ThreadPoolExecutor$Worker.run(ThreadPoolExecutor.java:642)
	at java.base/java.lang.Thread.run(Thread.java:1583)
Caused by: java.net.http.HttpTimeoutException: request timed out
	at java.net.http/jdk.internal.net.http.HttpClientImpl.send(HttpClientImpl.java:949)
	at java.net.http/jdk.internal.net.http.HttpClientFacade.send(HttpClientFacade.java:133)
	at dev.langchain4j.http.client.jdk.JdkHttpClient.execute(JdkHttpClient.java:50)
	... 19 common frames omitted
2026-03-09 15:24:09.253 [pool-5-thread-153] WARN  dev.langchain4j.internal.RetryUtils - A retriable exception occurred. Remaining retries: 1 of 2
dev.langchain4j.exception.TimeoutException: request timed out
	at dev.langchain4j.http.client.jdk.JdkHttpClient.execute(JdkHttpClient.java:58)
	at dev.langchain4j.model.ollama.OllamaClient.chat(OllamaClient.java:102)
	at dev.langchain4j.model.ollama.OllamaChatModel.lambda$doChat$0(OllamaChatModel.java:41)
	at dev.langchain4j.internal.ExceptionMapper.withExceptionMapper(ExceptionMapper.java:29)
	at dev.langchain4j.internal.RetryUtils.lambda$withRetryMappingExceptions$1(RetryUtils.java:322)
	at dev.langchain4j.internal.RetryUtils$RetryPolicy.withRetry(RetryUtils.java:204)
	at dev.langchain4j.internal.RetryUtils.withRetry(RetryUtils.java:259)
	at dev.langchain4j.internal.RetryUtils.withRetryMappingExceptions(RetryUtils.java:322)
	at dev.langchain4j.internal.RetryUtils.withRetryMappingExceptions(RetryUtils.java:305)
	at dev.langchain4j.model.ollama.OllamaChatModel.doChat(OllamaChatModel.java:41)
	at dev.langchain4j.model.chat.ChatModel.chat(ChatModel.java:46)
	at dev.langchain4j.model.chat.ChatModel.chat(ChatModel.java:76)
	at com.river.LegalAssistant.service.advanced.LegalQueryRouter.classifyByAI(LegalQueryRouter.java:147)
	at com.river.LegalAssistant.service.advanced.LegalQueryRouter.analyzeQuery(LegalQueryRouter.java:102)
	at com.river.LegalAssistant.service.advanced.LegalQueryRouter.route(LegalQueryRouter.java:77)
	at dev.langchain4j.rag.DefaultRetrievalAugmentor.lambda$process$1(DefaultRetrievalAugmentor.java:180)
	at java.base/java.util.concurrent.CompletableFuture$AsyncSupply.run(CompletableFuture.java:1768)
	at java.base/java.util.concurrent.ThreadPoolExecutor.runWorker(ThreadPoolExecutor.java:1144)
	at java.base/java.util.concurrent.ThreadPoolExecutor$Worker.run(ThreadPoolExecutor.java:642)
	at java.base/java.lang.Thread.run(Thread.java:1583)
Caused by: java.net.http.HttpTimeoutException: request timed out
	at java.net.http/jdk.internal.net.http.HttpClientImpl.send(HttpClientImpl.java:949)
	at java.net.http/jdk.internal.net.http.HttpClientFacade.send(HttpClientFacade.java:133)
	at dev.langchain4j.http.client.jdk.JdkHttpClient.execute(JdkHttpClient.java:50)
	... 19 common frames omitted
2026-03-09 15:26:10.118 [pool-5-thread-152] WARN  c.r.L.s.advanced.LegalQueryRouter - AI查询分类失败: request timed out
2026-03-09 15:26:10.118 [pool-5-thread-150] WARN  c.r.L.s.advanced.LegalQueryRouter - AI查询分类失败: request timed out
2026-03-09 15:26:10.118 [pool-5-thread-155] WARN  c.r.L.s.advanced.LegalQueryRouter - AI查询分类失败: request timed out
2026-03-09 15:26:10.118 [pool-5-thread-156] WARN  c.r.L.s.advanced.LegalQueryRouter - AI查询分类失败: request timed out
2026-03-09 15:26:10.119 [pool-5-thread-151] WARN  c.r.L.s.advanced.LegalQueryRouter - AI查询分类失败: request timed out
2026-03-09 15:26:10.119 [pool-5-thread-154] WARN  c.r.L.s.advanced.LegalQueryRouter - AI查询分类失败: request timed out
2026-03-09 15:26:10.133 [pool-5-thread-155] INFO  c.r.L.s.advanced.LegalQueryRouter - 为查询类型 LEGAL_ADVICE 选择了 1 个检索器
2026-03-09 15:26:10.133 [pool-5-thread-150] INFO  c.r.L.s.advanced.LegalQueryRouter - 为查询类型 GENERAL 选择了 1 个检索器
2026-03-09 15:26:10.133 [pool-5-thread-156] INFO  c.r.L.s.advanced.LegalQueryRouter - 为查询类型 GENERAL 选择了 1 个检索器
2026-03-09 15:26:10.133 [pool-5-thread-152] INFO  c.r.L.s.advanced.LegalQueryRouter - 为查询类型 GENERAL 选择了 1 个检索器
2026-03-09 15:26:10.133 [pool-5-thread-154] INFO  c.r.L.s.advanced.LegalQueryRouter - 为查询类型 GENERAL 选择了 1 个检索器
2026-03-09 15:26:10.133 [pool-5-thread-151] INFO  c.r.L.s.advanced.LegalQueryRouter - 为查询类型 LEGAL_ADVICE 选择了 1 个检索器
2026-03-09 15:26:10.145 [pool-5-thread-159] INFO  c.r.L.s.a.LegalContentRetriever - 多源检索法律内容: 处理个人信息时，最小必要原则通常怎么理解？
2026-03-09 15:26:10.145 [pool-5-thread-160] INFO  c.r.L.s.a.LegalContentRetriever - 多源检索法律内容: 处理个人信息时，最小必要原则通常如何理解？
2026-03-09 15:26:10.145 [pool-5-thread-161] INFO  c.r.L.s.a.LegalContentRetriever - 多源检索法律内容: 个人信息 最小必要 个人信息处理 隐私政策 用户权利 访问删除 留痕机制
2026-03-09 15:26:10.144 [pool-5-thread-157] INFO  c.r.L.s.a.LegalContentRetriever - 多源检索法律内容: 个人信息 处理 个人信息处理 最小必要 隐私政策
2026-03-09 15:26:10.147 [pool-5-thread-162] INFO  c.r.L.s.a.LegalContentRetriever - 多源检索法律内容: 访问、更正、删除和注销响应机制应如何设置？
2026-03-09 15:26:10.148 [pool-5-thread-158] INFO  c.r.L.s.a.LegalContentRetriever - 多源检索法律内容: 隐私政策和告知同意环节应披露哪些核心信息？
2026-03-09 15:26:10.150 [pool-5-thread-153] WARN  c.r.L.s.advanced.LegalQueryRouter - AI查询分类失败: request timed out
2026-03-09 15:26:10.151 [pool-5-thread-153] INFO  c.r.L.s.advanced.LegalQueryRouter - 为查询类型 LEGAL_ADVICE 选择了 1 个检索器
2026-03-09 15:26:10.151 [pool-5-thread-154] INFO  c.r.L.s.a.LegalContentRetriever - 多源检索法律内容: 处理目的、范围和保存期限如何满足最小必要原则？
2026-03-09 15:26:13.164 [pool-5-thread-159] INFO  c.r.L.s.a.LegalContentRetriever - 多源检索完成，返回 6 个结果
2026-03-09 15:26:13.164 [pool-5-thread-161] INFO  c.r.L.s.a.LegalContentRetriever - 多源检索完成，返回 6 个结果
2026-03-09 15:26:13.164 [pool-5-thread-157] INFO  c.r.L.s.a.LegalContentRetriever - 多源检索完成，返回 6 个结果
2026-03-09 15:26:13.164 [pool-5-thread-158] INFO  c.r.L.s.a.LegalContentRetriever - 多源检索完成，返回 6 个结果
2026-03-09 15:26:13.164 [pool-5-thread-154] INFO  c.r.L.s.a.LegalContentRetriever - 多源检索完成，返回 6 个结果
2026-03-09 15:26:13.164 [pool-5-thread-160] INFO  c.r.L.s.a.LegalContentRetriever - 多源检索完成，返回 6 个结果
2026-03-09 15:26:13.164 [pool-5-thread-162] INFO  c.r.L.s.a.LegalContentRetriever - 多源检索完成，返回 6 个结果
2026-03-09 15:26:13.168 [http-nio-18080-exec-5] INFO  c.r.L.s.a.LegalContentAggregator - 开始聚合法律内容，共 7 个查询，总内容数: 42
2026-03-09 15:26:13.176 [http-nio-18080-exec-5] INFO  c.r.L.s.a.LegalContentAggregator - 内容聚合完成，返回 6 个结果
2026-03-09 15:26:13.176 [http-nio-18080-exec-5] INFO  c.r.L.s.a.LegalContentInjector - 注入法律内容到用户消息，内容数量: 6
2026-03-09 15:26:13.178 [http-nio-18080-exec-5] INFO  c.r.L.s.a.LegalContentInjector - 法律内容注入完成，增强消息长度: 273
2026-03-09 15:26:19.037 [http-nio-18080-exec-5] WARN  c.r.L.service.PromptTemplateService - 模板变量未提供: source
2026-03-09 15:26:39.002 [http-nio-18080-exec-5] INFO  c.r.L.s.a.AdvancedLegalRagService - Advanced RAG answer generated, sessionId=default, sourceCount=6, generationModel=deepseek-chat, durationMs=390512
2026-03-09 15:26:39.003 [http-nio-18080-exec-5] INFO  c.r.L.c.UnifiedChatController - 统一聊天请求处理完成，耗时: 390514 ms
2026-03-09 15:26:39.018 [http-nio-18080-exec-5] INFO  c.r.L.filter.RequestTrackingFilter - [REQUEST_END] traceId=ac279a41, method=POST, uri=/api/v1/chat, status=200, duration=390534ms
2026-03-09 15:26:39.256 [http-nio-18080-exec-8] INFO  c.r.L.c.UnifiedChatController - 收到统一聊天请求: message=向用户展示隐私政策时，哪些核心信息一定要说清楚？, modelType=UNIFIED, conversationId=null, useKnowledgeBase=true
2026-03-09 15:26:39.256 [http-nio-18080-exec-8] INFO  c.r.L.c.UnifiedChatController - Unified mode routed to Advanced Agent by default
2026-03-09 15:26:47.501 [http-nio-18080-exec-8] INFO  c.r.L.service.AgentService - 处理法律咨询请求: 向用户展示隐私政策时，哪些核心信息一定要说清楚？, 会话ID: default
2026-03-09 15:26:47.501 [http-nio-18080-exec-8] INFO  c.r.L.service.AgentService - ✅ 使用 DeepSeek 高级模型处理请求（详细版），会话: default
2026-03-09 15:27:33.075 [http-nio-18080-exec-8] INFO  c.r.L.service.AgentService - ✅ DeepSeek响应成功，响应长度: 1837
2026-03-09 15:27:33.076 [http-nio-18080-exec-8] INFO  c.r.L.service.AgentService - 📊 最终使用模型: DeepSeek AI Agent (deepseek-chat), 会话: default
2026-03-09 15:27:33.076 [http-nio-18080-exec-8] INFO  c.r.L.c.UnifiedChatController - 统一聊天请求处理完成，耗时: 53820 ms
2026-03-09 15:27:33.077 [http-nio-18080-exec-8] INFO  c.r.L.filter.RequestTrackingFilter - [REQUEST_END] traceId=1ea9203c, method=POST, uri=/api/v1/chat, status=200, duration=53826ms
2026-03-09 15:27:33.095 [http-nio-18080-exec-10] INFO  c.r.L.c.UnifiedChatController - 收到统一聊天请求: message=请分析一个 App 同时存在默认勾选授权、超范围收集和注销路径隐藏时的个人信息合规风险。, modelType=UNIFIED, conversationId=null, useKnowledgeBase=true
2026-03-09 15:27:33.095 [http-nio-18080-exec-10] INFO  c.r.L.c.UnifiedChatController - Unified mode routed to Advanced Agent for complex analysis
2026-03-09 15:27:38.398 [http-nio-18080-exec-10] INFO  c.r.L.service.AgentService - 处理法律咨询请求: 请分析一个 App 同时存在默认勾选授权、超范围收集和注销路径隐藏时的个人信息合规风险。, 会话ID: default
2026-03-09 15:27:38.398 [http-nio-18080-exec-10] INFO  c.r.L.service.AgentService - ✅ 使用 DeepSeek 高级模型处理请求（详细版），会话: default
2026-03-09 15:28:43.213 [http-nio-18080-exec-10] INFO  c.r.L.service.AgentService - ✅ DeepSeek响应成功，响应长度: 2713
2026-03-09 15:28:43.213 [http-nio-18080-exec-10] INFO  c.r.L.service.AgentService - 📊 最终使用模型: DeepSeek AI Agent (deepseek-chat), 会话: default
2026-03-09 15:28:43.213 [http-nio-18080-exec-10] INFO  c.r.L.c.UnifiedChatController - 统一聊天请求处理完成，耗时: 70118 ms
2026-03-09 15:28:43.214 [http-nio-18080-exec-10] INFO  c.r.L.filter.RequestTrackingFilter - [REQUEST_END] traceId=c59c9e01, method=POST, uri=/api/v1/chat, status=200, duration=70120ms
2026-03-09 15:28:43.232 [http-nio-18080-exec-1] INFO  c.r.L.c.UnifiedChatController - 收到统一聊天请求: message=企业通常应如何设置个人信息访问与删除响应机制？, modelType=ADVANCED_RAG, conversationId=null, useKnowledgeBase=true
2026-03-09 15:28:43.232 [http-nio-18080-exec-1] INFO  c.r.L.s.a.AdvancedLegalRagService - Advanced RAG chat request received, sessionId=default
2026-03-09 15:28:43.232 [http-nio-18080-exec-1] INFO  c.r.L.s.a.LegalQueryTransformer - 转换法律查询: 企业通常应如何设置个人信息访问与删除响应机制？
2026-03-09 15:28:43.232 [http-nio-18080-exec-1] INFO  c.r.L.s.a.LegalQueryTransformer - 查询转换完成，原始1个查询扩展为6个查询
2026-03-09 15:28:43.233 [pool-5-thread-163] INFO  c.r.L.s.advanced.LegalQueryRouter - 路由法律查询: 企业通常应如何设置个人信息访问与删除响应机制？
2026-03-09 15:28:43.233 [pool-5-thread-165] INFO  c.r.L.s.advanced.LegalQueryRouter - 路由法律查询: 处理目的、范围和保存期限如何满足最小必要原则？
2026-03-09 15:28:43.233 [pool-5-thread-166] INFO  c.r.L.s.advanced.LegalQueryRouter - 路由法律查询: 隐私政策和告知同意环节应披露哪些核心信息？
2026-03-09 15:28:43.233 [pool-5-thread-164] INFO  c.r.L.s.advanced.LegalQueryRouter - 路由法律查询: 个人信息 访问 删除 个人信息处理 最小必要 隐私政策 用户权利 访问删除 留痕机制
2026-03-09 15:28:43.234 [pool-5-thread-167] INFO  c.r.L.s.advanced.LegalQueryRouter - 路由法律查询: 访问、更正、删除和注销响应机制应如何设置？
2026-03-09 15:28:43.234 [pool-5-thread-168] INFO  c.r.L.s.advanced.LegalQueryRouter - 路由法律查询: 个人信息 个人信息处理 最小必要 隐私政策
2026-03-09 15:30:43.328 [pool-5-thread-165] WARN  dev.langchain4j.internal.RetryUtils - A retriable exception occurred. Remaining retries: 2 of 2
dev.langchain4j.exception.TimeoutException: request timed out
	at dev.langchain4j.http.client.jdk.JdkHttpClient.execute(JdkHttpClient.java:58)
	at dev.langchain4j.model.ollama.OllamaClient.chat(OllamaClient.java:102)
	at dev.langchain4j.model.ollama.OllamaChatModel.lambda$doChat$0(OllamaChatModel.java:41)
	at dev.langchain4j.internal.ExceptionMapper.withExceptionMapper(ExceptionMapper.java:29)
	at dev.langchain4j.internal.RetryUtils.lambda$withRetryMappingExceptions$1(RetryUtils.java:322)
	at dev.langchain4j.internal.RetryUtils$RetryPolicy.withRetry(RetryUtils.java:204)
	at dev.langchain4j.internal.RetryUtils.withRetry(RetryUtils.java:259)
	at dev.langchain4j.internal.RetryUtils.withRetryMappingExceptions(RetryUtils.java:322)
	at dev.langchain4j.internal.RetryUtils.withRetryMappingExceptions(RetryUtils.java:305)
	at dev.langchain4j.model.ollama.OllamaChatModel.doChat(OllamaChatModel.java:41)
	at dev.langchain4j.model.chat.ChatModel.chat(ChatModel.java:46)
	at dev.langchain4j.model.chat.ChatModel.chat(ChatModel.java:76)
	at com.river.LegalAssistant.service.advanced.LegalQueryRouter.classifyByAI(LegalQueryRouter.java:147)
	at com.river.LegalAssistant.service.advanced.LegalQueryRouter.analyzeQuery(LegalQueryRouter.java:102)
	at com.river.LegalAssistant.service.advanced.LegalQueryRouter.route(LegalQueryRouter.java:77)
	at dev.langchain4j.rag.DefaultRetrievalAugmentor.lambda$process$1(DefaultRetrievalAugmentor.java:180)
	at java.base/java.util.concurrent.CompletableFuture$AsyncSupply.run(CompletableFuture.java:1768)
	at java.base/java.util.concurrent.ThreadPoolExecutor.runWorker(ThreadPoolExecutor.java:1144)
	at java.base/java.util.concurrent.ThreadPoolExecutor$Worker.run(ThreadPoolExecutor.java:642)
	at java.base/java.lang.Thread.run(Thread.java:1583)
Caused by: java.net.http.HttpTimeoutException: request timed out
	at java.net.http/jdk.internal.net.http.HttpClientImpl.send(HttpClientImpl.java:949)
	at java.net.http/jdk.internal.net.http.HttpClientFacade.send(HttpClientFacade.java:133)
	at dev.langchain4j.http.client.jdk.JdkHttpClient.execute(JdkHttpClient.java:50)
	... 19 common frames omitted
2026-03-09 15:30:43.328 [pool-5-thread-167] WARN  dev.langchain4j.internal.RetryUtils - A retriable exception occurred. Remaining retries: 2 of 2
dev.langchain4j.exception.TimeoutException: request timed out
	at dev.langchain4j.http.client.jdk.JdkHttpClient.execute(JdkHttpClient.java:58)
	at dev.langchain4j.model.ollama.OllamaClient.chat(OllamaClient.java:102)
	at dev.langchain4j.model.ollama.OllamaChatModel.lambda$doChat$0(OllamaChatModel.java:41)
	at dev.langchain4j.internal.ExceptionMapper.withExceptionMapper(ExceptionMapper.java:29)
	at dev.langchain4j.internal.RetryUtils.lambda$withRetryMappingExceptions$1(RetryUtils.java:322)
	at dev.langchain4j.internal.RetryUtils$RetryPolicy.withRetry(RetryUtils.java:204)
	at dev.langchain4j.internal.RetryUtils.withRetry(RetryUtils.java:259)
	at dev.langchain4j.internal.RetryUtils.withRetryMappingExceptions(RetryUtils.java:322)
	at dev.langchain4j.internal.RetryUtils.withRetryMappingExceptions(RetryUtils.java:305)
	at dev.langchain4j.model.ollama.OllamaChatModel.doChat(OllamaChatModel.java:41)
	at dev.langchain4j.model.chat.ChatModel.chat(ChatModel.java:46)
	at dev.langchain4j.model.chat.ChatModel.chat(ChatModel.java:76)
	at com.river.LegalAssistant.service.advanced.LegalQueryRouter.classifyByAI(LegalQueryRouter.java:147)
	at com.river.LegalAssistant.service.advanced.LegalQueryRouter.analyzeQuery(LegalQueryRouter.java:102)
	at com.river.LegalAssistant.service.advanced.LegalQueryRouter.route(LegalQueryRouter.java:77)
	at dev.langchain4j.rag.DefaultRetrievalAugmentor.lambda$process$1(DefaultRetrievalAugmentor.java:180)
	at java.base/java.util.concurrent.CompletableFuture$AsyncSupply.run(CompletableFuture.java:1768)
	at java.base/java.util.concurrent.ThreadPoolExecutor.runWorker(ThreadPoolExecutor.java:1144)
	at java.base/java.util.concurrent.ThreadPoolExecutor$Worker.run(ThreadPoolExecutor.java:642)
	at java.base/java.lang.Thread.run(Thread.java:1583)
Caused by: java.net.http.HttpTimeoutException: request timed out
	at java.net.http/jdk.internal.net.http.HttpClientImpl.send(HttpClientImpl.java:949)
	at java.net.http/jdk.internal.net.http.HttpClientFacade.send(HttpClientFacade.java:133)
	at dev.langchain4j.http.client.jdk.JdkHttpClient.execute(JdkHttpClient.java:50)
	... 19 common frames omitted
2026-03-09 15:30:43.328 [pool-5-thread-168] WARN  dev.langchain4j.internal.RetryUtils - A retriable exception occurred. Remaining retries: 2 of 2
dev.langchain4j.exception.TimeoutException: request timed out
	at dev.langchain4j.http.client.jdk.JdkHttpClient.execute(JdkHttpClient.java:58)
	at dev.langchain4j.model.ollama.OllamaClient.chat(OllamaClient.java:102)
	at dev.langchain4j.model.ollama.OllamaChatModel.lambda$doChat$0(OllamaChatModel.java:41)
	at dev.langchain4j.internal.ExceptionMapper.withExceptionMapper(ExceptionMapper.java:29)
	at dev.langchain4j.internal.RetryUtils.lambda$withRetryMappingExceptions$1(RetryUtils.java:322)
	at dev.langchain4j.internal.RetryUtils$RetryPolicy.withRetry(RetryUtils.java:204)
	at dev.langchain4j.internal.RetryUtils.withRetry(RetryUtils.java:259)
	at dev.langchain4j.internal.RetryUtils.withRetryMappingExceptions(RetryUtils.java:322)
	at dev.langchain4j.internal.RetryUtils.withRetryMappingExceptions(RetryUtils.java:305)
	at dev.langchain4j.model.ollama.OllamaChatModel.doChat(OllamaChatModel.java:41)
	at dev.langchain4j.model.chat.ChatModel.chat(ChatModel.java:46)
	at dev.langchain4j.model.chat.ChatModel.chat(ChatModel.java:76)
	at com.river.LegalAssistant.service.advanced.LegalQueryRouter.classifyByAI(LegalQueryRouter.java:147)
	at com.river.LegalAssistant.service.advanced.LegalQueryRouter.analyzeQuery(LegalQueryRouter.java:102)
	at com.river.LegalAssistant.service.advanced.LegalQueryRouter.route(LegalQueryRouter.java:77)
	at dev.langchain4j.rag.DefaultRetrievalAugmentor.lambda$process$1(DefaultRetrievalAugmentor.java:180)
	at java.base/java.util.concurrent.CompletableFuture$AsyncSupply.run(CompletableFuture.java:1768)
	at java.base/java.util.concurrent.ThreadPoolExecutor.runWorker(ThreadPoolExecutor.java:1144)
	at java.base/java.util.concurrent.ThreadPoolExecutor$Worker.run(ThreadPoolExecutor.java:642)
	at java.base/java.lang.Thread.run(Thread.java:1583)
Caused by: java.net.http.HttpTimeoutException: request timed out
	at java.net.http/jdk.internal.net.http.HttpClientImpl.send(HttpClientImpl.java:949)
	at java.net.http/jdk.internal.net.http.HttpClientFacade.send(HttpClientFacade.java:133)
	at dev.langchain4j.http.client.jdk.JdkHttpClient.execute(JdkHttpClient.java:50)
	... 19 common frames omitted
2026-03-09 15:30:43.328 [pool-5-thread-164] WARN  dev.langchain4j.internal.RetryUtils - A retriable exception occurred. Remaining retries: 2 of 2
dev.langchain4j.exception.TimeoutException: request timed out
	at dev.langchain4j.http.client.jdk.JdkHttpClient.execute(JdkHttpClient.java:58)
	at dev.langchain4j.model.ollama.OllamaClient.chat(OllamaClient.java:102)
	at dev.langchain4j.model.ollama.OllamaChatModel.lambda$doChat$0(OllamaChatModel.java:41)
	at dev.langchain4j.internal.ExceptionMapper.withExceptionMapper(ExceptionMapper.java:29)
	at dev.langchain4j.internal.RetryUtils.lambda$withRetryMappingExceptions$1(RetryUtils.java:322)
	at dev.langchain4j.internal.RetryUtils$RetryPolicy.withRetry(RetryUtils.java:204)
	at dev.langchain4j.internal.RetryUtils.withRetry(RetryUtils.java:259)
	at dev.langchain4j.internal.RetryUtils.withRetryMappingExceptions(RetryUtils.java:322)
	at dev.langchain4j.internal.RetryUtils.withRetryMappingExceptions(RetryUtils.java:305)
	at dev.langchain4j.model.ollama.OllamaChatModel.doChat(OllamaChatModel.java:41)
	at dev.langchain4j.model.chat.ChatModel.chat(ChatModel.java:46)
	at dev.langchain4j.model.chat.ChatModel.chat(ChatModel.java:76)
	at com.river.LegalAssistant.service.advanced.LegalQueryRouter.classifyByAI(LegalQueryRouter.java:147)
	at com.river.LegalAssistant.service.advanced.LegalQueryRouter.analyzeQuery(LegalQueryRouter.java:102)
	at com.river.LegalAssistant.service.advanced.LegalQueryRouter.route(LegalQueryRouter.java:77)
	at dev.langchain4j.rag.DefaultRetrievalAugmentor.lambda$process$1(DefaultRetrievalAugmentor.java:180)
	at java.base/java.util.concurrent.CompletableFuture$AsyncSupply.run(CompletableFuture.java:1768)
	at java.base/java.util.concurrent.ThreadPoolExecutor.runWorker(ThreadPoolExecutor.java:1144)
	at java.base/java.util.concurrent.ThreadPoolExecutor$Worker.run(ThreadPoolExecutor.java:642)
	at java.base/java.lang.Thread.run(Thread.java:1583)
Caused by: java.net.http.HttpTimeoutException: request timed out
	at java.net.http/jdk.internal.net.http.HttpClientImpl.send(HttpClientImpl.java:949)
	at java.net.http/jdk.internal.net.http.HttpClientFacade.send(HttpClientFacade.java:133)
	at dev.langchain4j.http.client.jdk.JdkHttpClient.execute(JdkHttpClient.java:50)
	... 19 common frames omitted
2026-03-09 15:30:43.328 [pool-5-thread-163] WARN  dev.langchain4j.internal.RetryUtils - A retriable exception occurred. Remaining retries: 2 of 2
dev.langchain4j.exception.TimeoutException: request timed out
	at dev.langchain4j.http.client.jdk.JdkHttpClient.execute(JdkHttpClient.java:58)
	at dev.langchain4j.model.ollama.OllamaClient.chat(OllamaClient.java:102)
	at dev.langchain4j.model.ollama.OllamaChatModel.lambda$doChat$0(OllamaChatModel.java:41)
	at dev.langchain4j.internal.ExceptionMapper.withExceptionMapper(ExceptionMapper.java:29)
	at dev.langchain4j.internal.RetryUtils.lambda$withRetryMappingExceptions$1(RetryUtils.java:322)
	at dev.langchain4j.internal.RetryUtils$RetryPolicy.withRetry(RetryUtils.java:204)
	at dev.langchain4j.internal.RetryUtils.withRetry(RetryUtils.java:259)
	at dev.langchain4j.internal.RetryUtils.withRetryMappingExceptions(RetryUtils.java:322)
	at dev.langchain4j.internal.RetryUtils.withRetryMappingExceptions(RetryUtils.java:305)
	at dev.langchain4j.model.ollama.OllamaChatModel.doChat(OllamaChatModel.java:41)
	at dev.langchain4j.model.chat.ChatModel.chat(ChatModel.java:46)
	at dev.langchain4j.model.chat.ChatModel.chat(ChatModel.java:76)
	at com.river.LegalAssistant.service.advanced.LegalQueryRouter.classifyByAI(LegalQueryRouter.java:147)
	at com.river.LegalAssistant.service.advanced.LegalQueryRouter.analyzeQuery(LegalQueryRouter.java:102)
	at com.river.LegalAssistant.service.advanced.LegalQueryRouter.route(LegalQueryRouter.java:77)
	at dev.langchain4j.rag.DefaultRetrievalAugmentor.lambda$process$1(DefaultRetrievalAugmentor.java:180)
	at java.base/java.util.concurrent.CompletableFuture$AsyncSupply.run(CompletableFuture.java:1768)
	at java.base/java.util.concurrent.ThreadPoolExecutor.runWorker(ThreadPoolExecutor.java:1144)
	at java.base/java.util.concurrent.ThreadPoolExecutor$Worker.run(ThreadPoolExecutor.java:642)
	at java.base/java.lang.Thread.run(Thread.java:1583)
Caused by: java.net.http.HttpTimeoutException: request timed out
	at java.net.http/jdk.internal.net.http.HttpClientImpl.send(HttpClientImpl.java:949)
	at java.net.http/jdk.internal.net.http.HttpClientFacade.send(HttpClientFacade.java:133)
	at dev.langchain4j.http.client.jdk.JdkHttpClient.execute(JdkHttpClient.java:50)
	... 19 common frames omitted
2026-03-09 15:30:43.328 [pool-5-thread-166] WARN  dev.langchain4j.internal.RetryUtils - A retriable exception occurred. Remaining retries: 2 of 2
dev.langchain4j.exception.TimeoutException: request timed out
	at dev.langchain4j.http.client.jdk.JdkHttpClient.execute(JdkHttpClient.java:58)
	at dev.langchain4j.model.ollama.OllamaClient.chat(OllamaClient.java:102)
	at dev.langchain4j.model.ollama.OllamaChatModel.lambda$doChat$0(OllamaChatModel.java:41)
	at dev.langchain4j.internal.ExceptionMapper.withExceptionMapper(ExceptionMapper.java:29)
	at dev.langchain4j.internal.RetryUtils.lambda$withRetryMappingExceptions$1(RetryUtils.java:322)
	at dev.langchain4j.internal.RetryUtils$RetryPolicy.withRetry(RetryUtils.java:204)
	at dev.langchain4j.internal.RetryUtils.withRetry(RetryUtils.java:259)
	at dev.langchain4j.internal.RetryUtils.withRetryMappingExceptions(RetryUtils.java:322)
	at dev.langchain4j.internal.RetryUtils.withRetryMappingExceptions(RetryUtils.java:305)
	at dev.langchain4j.model.ollama.OllamaChatModel.doChat(OllamaChatModel.java:41)
	at dev.langchain4j.model.chat.ChatModel.chat(ChatModel.java:46)
	at dev.langchain4j.model.chat.ChatModel.chat(ChatModel.java:76)
	at com.river.LegalAssistant.service.advanced.LegalQueryRouter.classifyByAI(LegalQueryRouter.java:147)
	at com.river.LegalAssistant.service.advanced.LegalQueryRouter.analyzeQuery(LegalQueryRouter.java:102)
	at com.river.LegalAssistant.service.advanced.LegalQueryRouter.route(LegalQueryRouter.java:77)
	at dev.langchain4j.rag.DefaultRetrievalAugmentor.lambda$process$1(DefaultRetrievalAugmentor.java:180)
	at java.base/java.util.concurrent.CompletableFuture$AsyncSupply.run(CompletableFuture.java:1768)
	at java.base/java.util.concurrent.ThreadPoolExecutor.runWorker(ThreadPoolExecutor.java:1144)
	at java.base/java.util.concurrent.ThreadPoolExecutor$Worker.run(ThreadPoolExecutor.java:642)
	at java.base/java.lang.Thread.run(Thread.java:1583)
Caused by: java.net.http.HttpTimeoutException: request timed out
	at java.net.http/jdk.internal.net.http.HttpClientImpl.send(HttpClientImpl.java:949)
	at java.net.http/jdk.internal.net.http.HttpClientFacade.send(HttpClientFacade.java:133)
	at dev.langchain4j.http.client.jdk.JdkHttpClient.execute(JdkHttpClient.java:50)
	... 19 common frames omitted
2026-03-09 15:32:44.091 [pool-5-thread-168] WARN  dev.langchain4j.internal.RetryUtils - A retriable exception occurred. Remaining retries: 1 of 2
dev.langchain4j.exception.TimeoutException: request timed out
	at dev.langchain4j.http.client.jdk.JdkHttpClient.execute(JdkHttpClient.java:58)
	at dev.langchain4j.model.ollama.OllamaClient.chat(OllamaClient.java:102)
	at dev.langchain4j.model.ollama.OllamaChatModel.lambda$doChat$0(OllamaChatModel.java:41)
	at dev.langchain4j.internal.ExceptionMapper.withExceptionMapper(ExceptionMapper.java:29)
	at dev.langchain4j.internal.RetryUtils.lambda$withRetryMappingExceptions$1(RetryUtils.java:322)
	at dev.langchain4j.internal.RetryUtils$RetryPolicy.withRetry(RetryUtils.java:204)
	at dev.langchain4j.internal.RetryUtils.withRetry(RetryUtils.java:259)
	at dev.langchain4j.internal.RetryUtils.withRetryMappingExceptions(RetryUtils.java:322)
	at dev.langchain4j.internal.RetryUtils.withRetryMappingExceptions(RetryUtils.java:305)
	at dev.langchain4j.model.ollama.OllamaChatModel.doChat(OllamaChatModel.java:41)
	at dev.langchain4j.model.chat.ChatModel.chat(ChatModel.java:46)
	at dev.langchain4j.model.chat.ChatModel.chat(ChatModel.java:76)
	at com.river.LegalAssistant.service.advanced.LegalQueryRouter.classifyByAI(LegalQueryRouter.java:147)
	at com.river.LegalAssistant.service.advanced.LegalQueryRouter.analyzeQuery(LegalQueryRouter.java:102)
	at com.river.LegalAssistant.service.advanced.LegalQueryRouter.route(LegalQueryRouter.java:77)
	at dev.langchain4j.rag.DefaultRetrievalAugmentor.lambda$process$1(DefaultRetrievalAugmentor.java:180)
	at java.base/java.util.concurrent.CompletableFuture$AsyncSupply.run(CompletableFuture.java:1768)
	at java.base/java.util.concurrent.ThreadPoolExecutor.runWorker(ThreadPoolExecutor.java:1144)
	at java.base/java.util.concurrent.ThreadPoolExecutor$Worker.run(ThreadPoolExecutor.java:642)
	at java.base/java.lang.Thread.run(Thread.java:1583)
Caused by: java.net.http.HttpTimeoutException: request timed out
	at java.net.http/jdk.internal.net.http.HttpClientImpl.send(HttpClientImpl.java:949)
	at java.net.http/jdk.internal.net.http.HttpClientFacade.send(HttpClientFacade.java:133)
	at dev.langchain4j.http.client.jdk.JdkHttpClient.execute(JdkHttpClient.java:50)
	... 19 common frames omitted
2026-03-09 15:32:44.091 [pool-5-thread-163] WARN  dev.langchain4j.internal.RetryUtils - A retriable exception occurred. Remaining retries: 1 of 2
dev.langchain4j.exception.TimeoutException: request timed out
	at dev.langchain4j.http.client.jdk.JdkHttpClient.execute(JdkHttpClient.java:58)
	at dev.langchain4j.model.ollama.OllamaClient.chat(OllamaClient.java:102)
	at dev.langchain4j.model.ollama.OllamaChatModel.lambda$doChat$0(OllamaChatModel.java:41)
	at dev.langchain4j.internal.ExceptionMapper.withExceptionMapper(ExceptionMapper.java:29)
	at dev.langchain4j.internal.RetryUtils.lambda$withRetryMappingExceptions$1(RetryUtils.java:322)
	at dev.langchain4j.internal.RetryUtils$RetryPolicy.withRetry(RetryUtils.java:204)
	at dev.langchain4j.internal.RetryUtils.withRetry(RetryUtils.java:259)
	at dev.langchain4j.internal.RetryUtils.withRetryMappingExceptions(RetryUtils.java:322)
	at dev.langchain4j.internal.RetryUtils.withRetryMappingExceptions(RetryUtils.java:305)
	at dev.langchain4j.model.ollama.OllamaChatModel.doChat(OllamaChatModel.java:41)
	at dev.langchain4j.model.chat.ChatModel.chat(ChatModel.java:46)
	at dev.langchain4j.model.chat.ChatModel.chat(ChatModel.java:76)
	at com.river.LegalAssistant.service.advanced.LegalQueryRouter.classifyByAI(LegalQueryRouter.java:147)
	at com.river.LegalAssistant.service.advanced.LegalQueryRouter.analyzeQuery(LegalQueryRouter.java:102)
	at com.river.LegalAssistant.service.advanced.LegalQueryRouter.route(LegalQueryRouter.java:77)
	at dev.langchain4j.rag.DefaultRetrievalAugmentor.lambda$process$1(DefaultRetrievalAugmentor.java:180)
	at java.base/java.util.concurrent.CompletableFuture$AsyncSupply.run(CompletableFuture.java:1768)
	at java.base/java.util.concurrent.ThreadPoolExecutor.runWorker(ThreadPoolExecutor.java:1144)
	at java.base/java.util.concurrent.ThreadPoolExecutor$Worker.run(ThreadPoolExecutor.java:642)
	at java.base/java.lang.Thread.run(Thread.java:1583)
Caused by: java.net.http.HttpTimeoutException: request timed out
	at java.net.http/jdk.internal.net.http.HttpClientImpl.send(HttpClientImpl.java:949)
	at java.net.http/jdk.internal.net.http.HttpClientFacade.send(HttpClientFacade.java:133)
	at dev.langchain4j.http.client.jdk.JdkHttpClient.execute(JdkHttpClient.java:50)
	... 19 common frames omitted
2026-03-09 15:32:44.091 [pool-5-thread-164] WARN  dev.langchain4j.internal.RetryUtils - A retriable exception occurred. Remaining retries: 1 of 2
dev.langchain4j.exception.TimeoutException: request timed out
	at dev.langchain4j.http.client.jdk.JdkHttpClient.execute(JdkHttpClient.java:58)
	at dev.langchain4j.model.ollama.OllamaClient.chat(OllamaClient.java:102)
	at dev.langchain4j.model.ollama.OllamaChatModel.lambda$doChat$0(OllamaChatModel.java:41)
	at dev.langchain4j.internal.ExceptionMapper.withExceptionMapper(ExceptionMapper.java:29)
	at dev.langchain4j.internal.RetryUtils.lambda$withRetryMappingExceptions$1(RetryUtils.java:322)
	at dev.langchain4j.internal.RetryUtils$RetryPolicy.withRetry(RetryUtils.java:204)
	at dev.langchain4j.internal.RetryUtils.withRetry(RetryUtils.java:259)
	at dev.langchain4j.internal.RetryUtils.withRetryMappingExceptions(RetryUtils.java:322)
	at dev.langchain4j.internal.RetryUtils.withRetryMappingExceptions(RetryUtils.java:305)
	at dev.langchain4j.model.ollama.OllamaChatModel.doChat(OllamaChatModel.java:41)
	at dev.langchain4j.model.chat.ChatModel.chat(ChatModel.java:46)
	at dev.langchain4j.model.chat.ChatModel.chat(ChatModel.java:76)
	at com.river.LegalAssistant.service.advanced.LegalQueryRouter.classifyByAI(LegalQueryRouter.java:147)
	at com.river.LegalAssistant.service.advanced.LegalQueryRouter.analyzeQuery(LegalQueryRouter.java:102)
	at com.river.LegalAssistant.service.advanced.LegalQueryRouter.route(LegalQueryRouter.java:77)
	at dev.langchain4j.rag.DefaultRetrievalAugmentor.lambda$process$1(DefaultRetrievalAugmentor.java:180)
	at java.base/java.util.concurrent.CompletableFuture$AsyncSupply.run(CompletableFuture.java:1768)
	at java.base/java.util.concurrent.ThreadPoolExecutor.runWorker(ThreadPoolExecutor.java:1144)
	at java.base/java.util.concurrent.ThreadPoolExecutor$Worker.run(ThreadPoolExecutor.java:642)
	at java.base/java.lang.Thread.run(Thread.java:1583)
Caused by: java.net.http.HttpTimeoutException: request timed out
	at java.net.http/jdk.internal.net.http.HttpClientImpl.send(HttpClientImpl.java:949)
	at java.net.http/jdk.internal.net.http.HttpClientFacade.send(HttpClientFacade.java:133)
	at dev.langchain4j.http.client.jdk.JdkHttpClient.execute(JdkHttpClient.java:50)
	... 19 common frames omitted
2026-03-09 15:32:44.091 [pool-5-thread-167] WARN  dev.langchain4j.internal.RetryUtils - A retriable exception occurred. Remaining retries: 1 of 2
dev.langchain4j.exception.TimeoutException: request timed out
	at dev.langchain4j.http.client.jdk.JdkHttpClient.execute(JdkHttpClient.java:58)
	at dev.langchain4j.model.ollama.OllamaClient.chat(OllamaClient.java:102)
	at dev.langchain4j.model.ollama.OllamaChatModel.lambda$doChat$0(OllamaChatModel.java:41)
	at dev.langchain4j.internal.ExceptionMapper.withExceptionMapper(ExceptionMapper.java:29)
	at dev.langchain4j.internal.RetryUtils.lambda$withRetryMappingExceptions$1(RetryUtils.java:322)
	at dev.langchain4j.internal.RetryUtils$RetryPolicy.withRetry(RetryUtils.java:204)
	at dev.langchain4j.internal.RetryUtils.withRetry(RetryUtils.java:259)
	at dev.langchain4j.internal.RetryUtils.withRetryMappingExceptions(RetryUtils.java:322)
	at dev.langchain4j.internal.RetryUtils.withRetryMappingExceptions(RetryUtils.java:305)
	at dev.langchain4j.model.ollama.OllamaChatModel.doChat(OllamaChatModel.java:41)
	at dev.langchain4j.model.chat.ChatModel.chat(ChatModel.java:46)
	at dev.langchain4j.model.chat.ChatModel.chat(ChatModel.java:76)
	at com.river.LegalAssistant.service.advanced.LegalQueryRouter.classifyByAI(LegalQueryRouter.java:147)
	at com.river.LegalAssistant.service.advanced.LegalQueryRouter.analyzeQuery(LegalQueryRouter.java:102)
	at com.river.LegalAssistant.service.advanced.LegalQueryRouter.route(LegalQueryRouter.java:77)
	at dev.langchain4j.rag.DefaultRetrievalAugmentor.lambda$process$1(DefaultRetrievalAugmentor.java:180)
	at java.base/java.util.concurrent.CompletableFuture$AsyncSupply.run(CompletableFuture.java:1768)
	at java.base/java.util.concurrent.ThreadPoolExecutor.runWorker(ThreadPoolExecutor.java:1144)
	at java.base/java.util.concurrent.ThreadPoolExecutor$Worker.run(ThreadPoolExecutor.java:642)
	at java.base/java.lang.Thread.run(Thread.java:1583)
Caused by: java.net.http.HttpTimeoutException: request timed out
	at java.net.http/jdk.internal.net.http.HttpClientImpl.send(HttpClientImpl.java:949)
	at java.net.http/jdk.internal.net.http.HttpClientFacade.send(HttpClientFacade.java:133)
	at dev.langchain4j.http.client.jdk.JdkHttpClient.execute(JdkHttpClient.java:50)
	... 19 common frames omitted
2026-03-09 15:32:44.091 [pool-5-thread-166] WARN  dev.langchain4j.internal.RetryUtils - A retriable exception occurred. Remaining retries: 1 of 2
dev.langchain4j.exception.TimeoutException: request timed out
	at dev.langchain4j.http.client.jdk.JdkHttpClient.execute(JdkHttpClient.java:58)
	at dev.langchain4j.model.ollama.OllamaClient.chat(OllamaClient.java:102)
	at dev.langchain4j.model.ollama.OllamaChatModel.lambda$doChat$0(OllamaChatModel.java:41)
	at dev.langchain4j.internal.ExceptionMapper.withExceptionMapper(ExceptionMapper.java:29)
	at dev.langchain4j.internal.RetryUtils.lambda$withRetryMappingExceptions$1(RetryUtils.java:322)
	at dev.langchain4j.internal.RetryUtils$RetryPolicy.withRetry(RetryUtils.java:204)
	at dev.langchain4j.internal.RetryUtils.withRetry(RetryUtils.java:259)
	at dev.langchain4j.internal.RetryUtils.withRetryMappingExceptions(RetryUtils.java:322)
	at dev.langchain4j.internal.RetryUtils.withRetryMappingExceptions(RetryUtils.java:305)
	at dev.langchain4j.model.ollama.OllamaChatModel.doChat(OllamaChatModel.java:41)
	at dev.langchain4j.model.chat.ChatModel.chat(ChatModel.java:46)
	at dev.langchain4j.model.chat.ChatModel.chat(ChatModel.java:76)
	at com.river.LegalAssistant.service.advanced.LegalQueryRouter.classifyByAI(LegalQueryRouter.java:147)
	at com.river.LegalAssistant.service.advanced.LegalQueryRouter.analyzeQuery(LegalQueryRouter.java:102)
	at com.river.LegalAssistant.service.advanced.LegalQueryRouter.route(LegalQueryRouter.java:77)
	at dev.langchain4j.rag.DefaultRetrievalAugmentor.lambda$process$1(DefaultRetrievalAugmentor.java:180)
	at java.base/java.util.concurrent.CompletableFuture$AsyncSupply.run(CompletableFuture.java:1768)
	at java.base/java.util.concurrent.ThreadPoolExecutor.runWorker(ThreadPoolExecutor.java:1144)
	at java.base/java.util.concurrent.ThreadPoolExecutor$Worker.run(ThreadPoolExecutor.java:642)
	at java.base/java.lang.Thread.run(Thread.java:1583)
Caused by: java.net.http.HttpTimeoutException: request timed out
	at java.net.http/jdk.internal.net.http.HttpClientImpl.send(HttpClientImpl.java:949)
	at java.net.http/jdk.internal.net.http.HttpClientFacade.send(HttpClientFacade.java:133)
	at dev.langchain4j.http.client.jdk.JdkHttpClient.execute(JdkHttpClient.java:50)
	... 19 common frames omitted
2026-03-09 15:32:44.091 [pool-5-thread-165] WARN  dev.langchain4j.internal.RetryUtils - A retriable exception occurred. Remaining retries: 1 of 2
dev.langchain4j.exception.TimeoutException: request timed out
	at dev.langchain4j.http.client.jdk.JdkHttpClient.execute(JdkHttpClient.java:58)
	at dev.langchain4j.model.ollama.OllamaClient.chat(OllamaClient.java:102)
	at dev.langchain4j.model.ollama.OllamaChatModel.lambda$doChat$0(OllamaChatModel.java:41)
	at dev.langchain4j.internal.ExceptionMapper.withExceptionMapper(ExceptionMapper.java:29)
	at dev.langchain4j.internal.RetryUtils.lambda$withRetryMappingExceptions$1(RetryUtils.java:322)
	at dev.langchain4j.internal.RetryUtils$RetryPolicy.withRetry(RetryUtils.java:204)
	at dev.langchain4j.internal.RetryUtils.withRetry(RetryUtils.java:259)
	at dev.langchain4j.internal.RetryUtils.withRetryMappingExceptions(RetryUtils.java:322)
	at dev.langchain4j.internal.RetryUtils.withRetryMappingExceptions(RetryUtils.java:305)
	at dev.langchain4j.model.ollama.OllamaChatModel.doChat(OllamaChatModel.java:41)
	at dev.langchain4j.model.chat.ChatModel.chat(ChatModel.java:46)
	at dev.langchain4j.model.chat.ChatModel.chat(ChatModel.java:76)
	at com.river.LegalAssistant.service.advanced.LegalQueryRouter.classifyByAI(LegalQueryRouter.java:147)
	at com.river.LegalAssistant.service.advanced.LegalQueryRouter.analyzeQuery(LegalQueryRouter.java:102)
	at com.river.LegalAssistant.service.advanced.LegalQueryRouter.route(LegalQueryRouter.java:77)
	at dev.langchain4j.rag.DefaultRetrievalAugmentor.lambda$process$1(DefaultRetrievalAugmentor.java:180)
	at java.base/java.util.concurrent.CompletableFuture$AsyncSupply.run(CompletableFuture.java:1768)
	at java.base/java.util.concurrent.ThreadPoolExecutor.runWorker(ThreadPoolExecutor.java:1144)
	at java.base/java.util.concurrent.ThreadPoolExecutor$Worker.run(ThreadPoolExecutor.java:642)
	at java.base/java.lang.Thread.run(Thread.java:1583)
Caused by: java.net.http.HttpTimeoutException: request timed out
	at java.net.http/jdk.internal.net.http.HttpClientImpl.send(HttpClientImpl.java:949)
	at java.net.http/jdk.internal.net.http.HttpClientFacade.send(HttpClientFacade.java:133)
	at dev.langchain4j.http.client.jdk.JdkHttpClient.execute(JdkHttpClient.java:50)
	... 19 common frames omitted
2026-03-09 15:34:45.036 [pool-5-thread-168] WARN  c.r.L.s.advanced.LegalQueryRouter - AI查询分类失败: request timed out
2026-03-09 15:34:45.036 [pool-5-thread-165] WARN  c.r.L.s.advanced.LegalQueryRouter - AI查询分类失败: request timed out
2026-03-09 15:34:45.036 [pool-5-thread-163] WARN  c.r.L.s.advanced.LegalQueryRouter - AI查询分类失败: request timed out
2026-03-09 15:34:45.036 [pool-5-thread-167] WARN  c.r.L.s.advanced.LegalQueryRouter - AI查询分类失败: request timed out
2026-03-09 15:34:45.036 [pool-5-thread-166] WARN  c.r.L.s.advanced.LegalQueryRouter - AI查询分类失败: request timed out
2026-03-09 15:34:45.036 [pool-5-thread-164] WARN  c.r.L.s.advanced.LegalQueryRouter - AI查询分类失败: request timed out
2026-03-09 15:34:45.064 [pool-5-thread-163] INFO  c.r.L.s.advanced.LegalQueryRouter - 为查询类型 LEGAL_ADVICE 选择了 1 个检索器
2026-03-09 15:34:45.064 [pool-5-thread-166] INFO  c.r.L.s.advanced.LegalQueryRouter - 为查询类型 GENERAL 选择了 1 个检索器
2026-03-09 15:34:45.064 [pool-5-thread-167] INFO  c.r.L.s.advanced.LegalQueryRouter - 为查询类型 LEGAL_ADVICE 选择了 1 个检索器
2026-03-09 15:34:45.066 [pool-5-thread-165] INFO  c.r.L.s.advanced.LegalQueryRouter - 为查询类型 LEGAL_ADVICE 选择了 1 个检索器
2026-03-09 15:34:45.066 [pool-5-thread-164] INFO  c.r.L.s.advanced.LegalQueryRouter - 为查询类型 GENERAL 选择了 1 个检索器
2026-03-09 15:34:45.066 [pool-5-thread-168] INFO  c.r.L.s.advanced.LegalQueryRouter - 为查询类型 GENERAL 选择了 1 个检索器
2026-03-09 15:34:45.083 [pool-5-thread-173] INFO  c.r.L.s.a.LegalContentRetriever - 多源检索法律内容: 访问、更正、删除和注销响应机制应如何设置？
2026-03-09 15:34:45.084 [pool-5-thread-169] INFO  c.r.L.s.a.LegalContentRetriever - 多源检索法律内容: 企业通常应如何设置个人信息访问与删除响应机制？
2026-03-09 15:34:45.084 [pool-5-thread-174] INFO  c.r.L.s.a.LegalContentRetriever - 多源检索法律内容: 个人信息 访问 删除 个人信息处理 最小必要 隐私政策 用户权利 访问删除 留痕机制
2026-03-09 15:34:45.087 [pool-5-thread-172] INFO  c.r.L.s.a.LegalContentRetriever - 多源检索法律内容: 隐私政策和告知同意环节应披露哪些核心信息？
2026-03-09 15:34:45.088 [pool-5-thread-171] INFO  c.r.L.s.a.LegalContentRetriever - 多源检索法律内容: 处理目的、范围和保存期限如何满足最小必要原则？
2026-03-09 15:34:45.089 [pool-5-thread-170] INFO  c.r.L.s.a.LegalContentRetriever - 多源检索法律内容: 个人信息 个人信息处理 最小必要 隐私政策
2026-03-09 15:34:48.895 [pool-5-thread-171] INFO  c.r.L.s.a.LegalContentRetriever - 多源检索完成，返回 6 个结果
2026-03-09 15:34:48.895 [pool-5-thread-174] INFO  c.r.L.s.a.LegalContentRetriever - 多源检索完成，返回 6 个结果
2026-03-09 15:34:48.895 [pool-5-thread-173] INFO  c.r.L.s.a.LegalContentRetriever - 多源检索完成，返回 6 个结果
2026-03-09 15:34:48.896 [pool-5-thread-172] INFO  c.r.L.s.a.LegalContentRetriever - 多源检索完成，返回 6 个结果
2026-03-09 15:34:48.897 [pool-5-thread-169] INFO  c.r.L.s.a.LegalContentRetriever - 多源检索完成，返回 6 个结果
2026-03-09 15:34:48.897 [pool-5-thread-170] INFO  c.r.L.s.a.LegalContentRetriever - 多源检索完成，返回 6 个结果
2026-03-09 15:34:48.899 [http-nio-18080-exec-1] INFO  c.r.L.s.a.LegalContentAggregator - 开始聚合法律内容，共 6 个查询，总内容数: 36
2026-03-09 15:34:48.908 [http-nio-18080-exec-1] INFO  c.r.L.s.a.LegalContentAggregator - 内容聚合完成，返回 6 个结果
2026-03-09 15:34:48.908 [http-nio-18080-exec-1] INFO  c.r.L.s.a.LegalContentInjector - 注入法律内容到用户消息，内容数量: 6
2026-03-09 15:34:48.911 [http-nio-18080-exec-1] INFO  c.r.L.s.a.LegalContentInjector - 法律内容注入完成，增强消息长度: 275
2026-03-09 15:34:55.752 [http-nio-18080-exec-1] WARN  c.r.L.service.PromptTemplateService - 模板变量未提供: source
2026-03-09 15:35:14.284 [http-nio-18080-exec-1] INFO  c.r.L.s.a.AdvancedLegalRagService - Advanced RAG answer generated, sessionId=default, sourceCount=6, generationModel=deepseek-chat, durationMs=391052
2026-03-09 15:35:14.285 [http-nio-18080-exec-1] INFO  c.r.L.c.UnifiedChatController - 统一聊天请求处理完成，耗时: 391054 ms
2026-03-09 15:35:14.296 [http-nio-18080-exec-1] INFO  c.r.L.filter.RequestTrackingFilter - [REQUEST_END] traceId=238dc921, method=POST, uri=/api/v1/chat, status=200, duration=391066ms
2026-03-09 15:35:14.852 [http-nio-18080-exec-3] INFO  c.r.L.service.FileStorageService - 文件已存在，跳过保存: F:\LegalAssistant\uploads\contracts\f8b7e18a8e8cb30324d66cacb0f1c707089b4a57d5fb8f4bc4158c44e8651b49_contract-saas-procurement.md
2026-03-09 15:35:14.893 [http-nio-18080-exec-3] INFO  c.r.L.service.ContractReviewService - 创建待处理审查记录，用户: demo, 文件: contract-saas-procurement.md
2026-03-09 15:35:15.159 [http-nio-18080-exec-3] INFO  c.r.L.service.ContractReviewService - 待处理审查记录已创建 - ID: 1, 文件: contract-saas-procurement.md
2026-03-09 15:35:15.206 [Async-1] INFO  c.r.L.service.ContractReviewService - 开始异步处理合同文件，审查ID: 1
2026-03-09 15:35:15.206 [Async-1] INFO  c.r.L.service.ContractReviewService - 异步处理线程: Async-1
2026-03-09 15:35:15.223 [http-nio-18080-exec-3] INFO  c.r.L.filter.RequestTrackingFilter - [REQUEST_END] traceId=a544c745, method=POST, uri=/api/v1/contracts/upload, status=202, duration=545ms
2026-03-09 15:35:15.263 [Async-1] INFO  c.r.L.service.ContractReviewService - 开始解析文件: contract-saas-procurement.md, 路径: F:\LegalAssistant\uploads\contracts\f8b7e18a8e8cb30324d66cacb0f1c707089b4a57d5fb8f4bc4158c44e8651b49_contract-saas-procurement.md
2026-03-09 15:35:15.264 [Async-1] INFO  c.r.L.service.DocumentParserService - 开始解析文档: contract-saas-procurement.md, 类型: md, 大小: 645 bytes
2026-03-09 15:35:15.266 [Async-1] INFO  c.r.L.service.DocumentParserService - 文档解析成功: contract-saas-procurement.md, 内容长度: 241 字符
2026-03-09 15:35:15.266 [Async-1] INFO  c.r.L.service.ContractReviewService - 文件解析成功: contract-saas-procurement.md, 内容长度: 241
2026-03-09 15:35:15.266 [Async-1] INFO  c.r.L.service.ContractReviewService - 文档解析完成，文本内容已保存: reviewId=1, 文本长度: 241
2026-03-09 15:35:15.266 [Async-1] INFO  c.r.L.service.EtlService - 开始处理文本内容，长度: 241 字符
2026-03-09 15:35:15.271 [Async-1] INFO  c.r.L.service.EtlService - 文本分块完成，生成 1 个文本块
2026-03-09 15:35:15.366 [http-nio-18080-exec-6] INFO  c.r.L.filter.RequestTrackingFilter - [REQUEST_END] traceId=46ba91d3, method=GET, uri=/api/v1/contracts/1, status=200, duration=44ms
2026-03-09 15:35:15.411 [http-nio-18080-exec-7] INFO  c.r.L.c.ContractReviewController - Starting async contract analysis: reviewId=1, allowQueryToken=false
2026-03-09 15:35:15.418 [http-nio-18080-exec-7] INFO  c.r.L.c.ContractReviewController - JWT validated for user demo, reviewId=1
2026-03-09 15:35:15.419 [http-nio-18080-exec-7] INFO  c.r.L.c.ContractReviewController - SSE connection established: reviewId=1
2026-03-09 15:35:15.427 [Async-2] INFO  c.r.L.service.ContractReviewService - 开始异步分析合同（四步流程版），审查ID: 1
2026-03-09 15:35:15.432 [Async-2] INFO  c.r.L.service.ContractReviewService - 刷新审查记录（新事务）: reviewId=1
2026-03-09 15:35:15.436 [Async-2] INFO  c.r.L.service.ContractReviewService - 刷新完成，文本内容长度: 0
2026-03-09 15:35:15.450 [http-nio-18080-exec-7] INFO  c.r.L.filter.RequestTrackingFilter - [REQUEST_END] traceId=3b53d46e, method=POST, uri=/api/v1/contracts/1/analyze-async-auth, status=200, duration=42ms
2026-03-09 15:35:15.556 [Async-1] INFO  c.r.L.service.EtlService - 文本内容处理完成，1 个向量块已存储
2026-03-09 15:35:15.556 [Async-1] INFO  c.r.L.service.ContractReviewService - 已成功将合同内容添加到AI知识库，审查ID: 1, 块数: 1
2026-03-09 15:35:15.557 [Async-1] INFO  c.r.L.service.ContractReviewService - 合同文件处理完成，审查ID: 1
2026-03-09 15:35:15.557 [Async-1] INFO  c.r.L.service.ContractReviewService - 异步处理合同文件方法结束，审查ID: 1
2026-03-09 15:35:16.488 [Async-2] INFO  c.r.L.service.ContractReviewService - 刷新审查记录（新事务）: reviewId=1
2026-03-09 15:35:16.491 [Async-2] INFO  c.r.L.service.ContractReviewService - 刷新完成，文本内容长度: 241
2026-03-09 15:35:16.491 [Async-2] INFO  c.r.L.service.ContractReviewService - 文件解析完成，等待时间: 1秒, reviewId=1
2026-03-09 15:35:16.491 [Async-2] INFO  c.r.L.service.ContractReviewService - 步骤1完成：文档解析成功, reviewId=1
2026-03-09 15:35:16.523 [Async-2] INFO  c.r.LegalAssistant.service.AiService - 进行结构化合同风险分析，内容长度: 241
2026-03-09 15:38:00.432 [Async-2] INFO  c.r.LegalAssistant.service.AiService - 结构化风险分析完成，识别出 10 个风险维度
2026-03-09 15:38:00.439 [Async-2] INFO  c.r.L.service.ContractReviewService - 步骤2完成：风险识别成功, reviewId=1
2026-03-09 15:38:00.441 [Async-2] INFO  c.r.L.service.AgentService - 开始分析合同关键条款，内容长度: 241
2026-03-09 15:39:27.123 [Async-2] INFO  c.r.L.service.AgentService - JSON格式验证成功，包含 10 个关键条款
2026-03-09 15:39:27.123 [Async-2] INFO  c.r.L.service.AgentService - 关键条款分析完成，原始响应长度: 3338, 清理后长度: 3326
2026-03-09 15:39:27.124 [Async-2] INFO  c.r.L.service.ContractReviewService - 关键条款分析成功，识别出 10 个关键条款
2026-03-09 15:39:27.124 [Async-2] INFO  c.r.L.service.ContractReviewService - 步骤3完成：条款分析成功, reviewId=1
2026-03-09 15:39:27.177 [Async-2] INFO  c.r.L.service.ContractReviewService - 步骤4完成：分析结果保存成功, reviewId=1
2026-03-09 15:39:27.220 [Async-2] INFO  c.r.L.s.ReportGenerationService - 开始生成PDF报告，审查ID: 1
2026-03-09 15:39:27.220 [Async-2] INFO  c.r.L.s.ReportGenerationService - 初始化PDF中文字体支持...
2026-03-09 15:39:27.381 [Async-2] INFO  c.r.L.s.ReportGenerationService - ✓ 成功加载系统字体: C:/Windows/Fonts/STSONG.TTF (华文宋体优先，PDF兼容性最佳)
2026-03-09 15:39:27.439 [Async-2] INFO  c.r.L.s.ReportGenerationService - ✓ PDF文档字体设置成功
2026-03-09 15:39:27.440 [Async-2] INFO  c.r.L.s.ReportGenerationService - 准备生成增强内容...
2026-03-09 15:39:27.440 [Async-2] INFO  c.r.L.s.ReportGenerationService - 使用DeepSeek生成增强报告内容（带降级处理），审查ID: 1
2026-03-09 15:39:27.440 [Async-2] INFO  c.r.L.s.ReportGenerationService - 使用结构化方式生成增强报告内容，审查ID: 1
2026-03-09 15:39:30.491 [Async-2] INFO  c.r.L.s.ReportGenerationService - 开始使用结构化内容生成器生成报告，合同内容长度: 241
2026-03-09 15:39:30.494 [ForkJoinPool.commonPool-worker-1] INFO  c.r.L.s.StructuredContentGenerator - 生成执行摘要结构化内容，审查ID: 1
2026-03-09 15:39:30.495 [ForkJoinPool.commonPool-worker-2] INFO  c.r.L.s.StructuredContentGenerator - 生成深度分析结构化内容，审查ID: 1
2026-03-09 15:39:30.495 [ForkJoinPool.commonPool-worker-3] INFO  c.r.L.s.StructuredContentGenerator - 生成改进建议结构化内容，审查ID: 1
2026-03-09 15:41:12.860 [Async-2] INFO  c.r.L.s.ReportGenerationService - 结构化内容生成成功
2026-03-09 15:41:12.861 [Async-2] INFO  c.r.L.s.ReportGenerationService - 结构化内容生成完成，耗时: 105420ms
2026-03-09 15:41:12.862 [Async-2] INFO  c.r.L.util.ReportContentValidator - 【报告完整性验证通过】所有必要内容齐全
2026-03-09 15:41:12.866 [Async-2] INFO  c.r.L.s.ReportGenerationService - ✓ 增强内容生成成功
2026-03-09 15:41:12.867 [Async-2] INFO  c.r.L.s.ReportGenerationService - 开始添加报告各部分内容...
2026-03-09 15:41:13.009 [Async-2] INFO  c.r.L.s.ReportGenerationService - AI分析内容过长(3028 字符)，截取摘要部分
2026-03-09 15:41:13.043 [Async-2] INFO  c.r.L.s.ReportGenerationService - 所有PDF内容添加完成
2026-03-09 15:41:13.107 [Async-2] INFO  c.r.L.s.ReportGenerationService - PDF报告生成成功，审查ID: 1, 文件大小: 394778 bytes
2026-03-09 15:41:13.114 [Async-2] INFO  c.r.L.service.ContractReviewService - PDF报告已保存到文件系统: F:\LegalAssistant\uploads\reports\1_report.pdf
2026-03-09 15:41:13.125 [Async-2] INFO  c.r.L.service.ContractReviewService - 步骤5完成：PDF报告生成并保存成功, reviewId=1, 文件大小: 394778 bytes
2026-03-09 15:41:13.141 [Async-2] INFO  c.r.L.service.ContractReviewService - 合同异步分析流程全部完成, reviewId=1
2026-03-09 15:41:13.162 [http-nio-18080-exec-2] ERROR o.a.c.c.C.[.[.[.[dispatcherServlet] - Servlet.service() for servlet [dispatcherServlet] threw exception
org.springframework.security.access.AccessDeniedException: Access Denied
	at org.springframework.security.web.access.intercept.AuthorizationFilter.doFilter(AuthorizationFilter.java:98)
	at org.springframework.security.web.ObservationFilterChainDecorator$ObservationFilter.wrapFilter(ObservationFilterChainDecorator.java:240)
	at org.springframework.security.web.ObservationFilterChainDecorator$ObservationFilter.doFilter(ObservationFilterChainDecorator.java:227)
	at org.springframework.security.web.ObservationFilterChainDecorator$VirtualFilterChain.doFilter(ObservationFilterChainDecorator.java:137)
	at org.springframework.security.web.access.ExceptionTranslationFilter.doFilter(ExceptionTranslationFilter.java:126)
	at org.springframework.security.web.access.ExceptionTranslationFilter.doFilter(ExceptionTranslationFilter.java:120)
	at org.springframework.security.web.ObservationFilterChainDecorator$ObservationFilter.wrapFilter(ObservationFilterChainDecorator.java:240)
	at org.springframework.security.web.ObservationFilterChainDecorator$ObservationFilter.doFilter(ObservationFilterChainDecorator.java:227)
	at org.springframework.security.web.ObservationFilterChainDecorator$VirtualFilterChain.doFilter(ObservationFilterChainDecorator.java:137)
	at org.springframework.security.web.session.SessionManagementFilter.doFilter(SessionManagementFilter.java:91)
	at org.springframework.security.web.session.SessionManagementFilter.doFilter(SessionManagementFilter.java:85)
	at org.springframework.security.web.ObservationFilterChainDecorator$ObservationFilter.wrapFilter(ObservationFilterChainDecorator.java:240)
	at org.springframework.security.web.ObservationFilterChainDecorator$ObservationFilter.doFilter(ObservationFilterChainDecorator.java:227)
	at org.springframework.security.web.ObservationFilterChainDecorator$VirtualFilterChain.doFilter(ObservationFilterChainDecorator.java:137)
	at org.springframework.security.web.authentication.AnonymousAuthenticationFilter.doFilter(AnonymousAuthenticationFilter.java:100)
	at org.springframework.security.web.ObservationFilterChainDecorator$ObservationFilter.wrapFilter(ObservationFilterChainDecorator.java:240)
	at org.springframework.security.web.ObservationFilterChainDecorator$ObservationFilter.doFilter(ObservationFilterChainDecorator.java:227)
	at org.springframework.security.web.ObservationFilterChainDecorator$VirtualFilterChain.doFilter(ObservationFilterChainDecorator.java:137)
	at org.springframework.security.web.servletapi.SecurityContextHolderAwareRequestFilter.doFilter(SecurityContextHolderAwareRequestFilter.java:179)
	at org.springframework.security.web.ObservationFilterChainDecorator$ObservationFilter.wrapFilter(ObservationFilterChainDecorator.java:240)
	at org.springframework.security.web.ObservationFilterChainDecorator$ObservationFilter.doFilter(ObservationFilterChainDecorator.java:227)
	at org.springframework.security.web.ObservationFilterChainDecorator$VirtualFilterChain.doFilter(ObservationFilterChainDecorator.java:137)
	at org.springframework.security.web.savedrequest.RequestCacheAwareFilter.doFilter(RequestCacheAwareFilter.java:63)
	at org.springframework.security.web.ObservationFilterChainDecorator$ObservationFilter.wrapFilter(ObservationFilterChainDecorator.java:240)
	at org.springframework.security.web.ObservationFilterChainDecorator$ObservationFilter.doFilter(ObservationFilterChainDecorator.java:227)
	at org.springframework.security.web.ObservationFilterChainDecorator$VirtualFilterChain.doFilter(ObservationFilterChainDecorator.java:137)
	at org.springframework.web.filter.OncePerRequestFilter.doFilter(OncePerRequestFilter.java:101)
	at org.springframework.security.web.ObservationFilterChainDecorator$ObservationFilter.wrapFilter(ObservationFilterChainDecorator.java:240)
	at org.springframework.security.web.ObservationFilterChainDecorator$ObservationFilter.doFilter(ObservationFilterChainDecorator.java:227)
	at org.springframework.security.web.ObservationFilterChainDecorator$VirtualFilterChain.doFilter(ObservationFilterChainDecorator.java:137)
	at org.springframework.security.web.authentication.logout.LogoutFilter.doFilter(LogoutFilter.java:107)
	at org.springframework.security.web.authentication.logout.LogoutFilter.doFilter(LogoutFilter.java:93)
	at org.springframework.security.web.ObservationFilterChainDecorator$ObservationFilter.wrapFilter(ObservationFilterChainDecorator.java:240)
	at org.springframework.security.web.ObservationFilterChainDecorator$ObservationFilter.doFilter(ObservationFilterChainDecorator.java:227)
	at org.springframework.security.web.ObservationFilterChainDecorator$VirtualFilterChain.doFilter(ObservationFilterChainDecorator.java:137)
	at org.springframework.web.filter.OncePerRequestFilter.doFilter(OncePerRequestFilter.java:101)
	at org.springframework.security.web.ObservationFilterChainDecorator$ObservationFilter.wrapFilter(ObservationFilterChainDecorator.java:240)
	at org.springframework.security.web.ObservationFilterChainDecorator$ObservationFilter.doFilter(ObservationFilterChainDecorator.java:227)
	at org.springframework.security.web.ObservationFilterChainDecorator$VirtualFilterChain.doFilter(ObservationFilterChainDecorator.java:137)
	at org.springframework.web.filter.OncePerRequestFilter.doFilter(OncePerRequestFilter.java:101)
	at org.springframework.security.web.ObservationFilterChainDecorator$ObservationFilter.wrapFilter(ObservationFilterChainDecorator.java:240)
	at org.springframework.security.web.ObservationFilterChainDecorator$ObservationFilter.doFilter(ObservationFilterChainDecorator.java:227)
	at org.springframework.security.web.ObservationFilterChainDecorator$VirtualFilterChain.doFilter(ObservationFilterChainDecorator.java:137)
	at org.springframework.security.web.context.SecurityContextHolderFilter.doFilter(SecurityContextHolderFilter.java:82)
	at org.springframework.security.web.context.SecurityContextHolderFilter.doFilter(SecurityContextHolderFilter.java:69)
	at org.springframework.security.web.ObservationFilterChainDecorator$ObservationFilter.wrapFilter(ObservationFilterChainDecorator.java:240)
	at org.springframework.security.web.ObservationFilterChainDecorator$ObservationFilter.doFilter(ObservationFilterChainDecorator.java:227)
	at org.springframework.security.web.ObservationFilterChainDecorator$VirtualFilterChain.doFilter(ObservationFilterChainDecorator.java:137)
	at org.springframework.web.filter.OncePerRequestFilter.doFilter(OncePerRequestFilter.java:101)
	at org.springframework.security.web.ObservationFilterChainDecorator$ObservationFilter.wrapFilter(ObservationFilterChainDecorator.java:240)
	at org.springframework.security.web.ObservationFilterChainDecorator$ObservationFilter.doFilter(ObservationFilterChainDecorator.java:227)
	at org.springframework.security.web.ObservationFilterChainDecorator$VirtualFilterChain.doFilter(ObservationFilterChainDecorator.java:137)
	at org.springframework.web.filter.OncePerRequestFilter.doFilter(OncePerRequestFilter.java:101)
	at org.springframework.security.web.ObservationFilterChainDecorator$ObservationFilter.wrapFilter(ObservationFilterChainDecorator.java:240)
	at org.springframework.security.web.ObservationFilterChainDecorator$AroundFilterObservation$SimpleAroundFilterObservation.lambda$wrap$0(ObservationFilterChainDecorator.java:323)
	at org.springframework.security.web.ObservationFilterChainDecorator$ObservationFilter.doFilter(ObservationFilterChainDecorator.java:224)
	at org.springframework.security.web.ObservationFilterChainDecorator$VirtualFilterChain.doFilter(ObservationFilterChainDecorator.java:137)
	at org.springframework.security.web.FilterChainProxy.doFilterInternal(FilterChainProxy.java:233)
	at org.springframework.security.web.FilterChainProxy.doFilter(FilterChainProxy.java:191)
	at org.springframework.web.filter.CompositeFilter$VirtualFilterChain.doFilter(CompositeFilter.java:113)
	at org.springframework.web.servlet.handler.HandlerMappingIntrospector.lambda$createCacheFilter$3(HandlerMappingIntrospector.java:195)
	at org.springframework.web.filter.CompositeFilter$VirtualFilterChain.doFilter(CompositeFilter.java:113)
	at org.springframework.web.filter.CompositeFilter.doFilter(CompositeFilter.java:74)
	at org.springframework.security.config.annotation.web.configuration.WebMvcSecurityConfiguration$CompositeFilterChainProxy.doFilter(WebMvcSecurityConfiguration.java:230)
	at org.springframework.web.filter.DelegatingFilterProxy.invokeDelegate(DelegatingFilterProxy.java:352)
	at org.springframework.web.filter.DelegatingFilterProxy.doFilter(DelegatingFilterProxy.java:268)
	at org.apache.catalina.core.ApplicationFilterChain.internalDoFilter(ApplicationFilterChain.java:164)
	at org.apache.catalina.core.ApplicationFilterChain.doFilter(ApplicationFilterChain.java:140)
	at org.springframework.web.filter.RequestContextFilter.doFilterInternal(RequestContextFilter.java:100)
	at org.springframework.web.filter.OncePerRequestFilter.doFilter(OncePerRequestFilter.java:116)
	at org.apache.catalina.core.ApplicationFilterChain.internalDoFilter(ApplicationFilterChain.java:164)
	at org.apache.catalina.core.ApplicationFilterChain.doFilter(ApplicationFilterChain.java:140)
	at org.springframework.web.filter.OncePerRequestFilter.doFilter(OncePerRequestFilter.java:101)
	at org.apache.catalina.core.ApplicationFilterChain.internalDoFilter(ApplicationFilterChain.java:164)
	at org.apache.catalina.core.ApplicationFilterChain.doFilter(ApplicationFilterChain.java:140)
	at org.springframework.web.filter.ServerHttpObservationFilter.doFilterInternal(ServerHttpObservationFilter.java:113)
	at org.springframework.web.filter.OncePerRequestFilter.doFilter(OncePerRequestFilter.java:116)
	at org.apache.catalina.core.ApplicationFilterChain.internalDoFilter(ApplicationFilterChain.java:164)
	at org.apache.catalina.core.ApplicationFilterChain.doFilter(ApplicationFilterChain.java:140)
	at org.springframework.web.filter.OncePerRequestFilter.doFilter(OncePerRequestFilter.java:101)
	at org.apache.catalina.core.ApplicationFilterChain.internalDoFilter(ApplicationFilterChain.java:164)
	at org.apache.catalina.core.ApplicationFilterChain.doFilter(ApplicationFilterChain.java:140)
	at org.apache.catalina.core.ApplicationDispatcher.invoke(ApplicationDispatcher.java:632)
	at org.apache.catalina.core.ApplicationDispatcher.doDispatch(ApplicationDispatcher.java:560)
	at org.apache.catalina.core.ApplicationDispatcher.dispatch(ApplicationDispatcher.java:531)
	at org.apache.catalina.core.AsyncContextImpl$AsyncRunnable.run(AsyncContextImpl.java:601)
	at org.apache.catalina.core.AsyncContextImpl.doInternalDispatch(AsyncContextImpl.java:344)
	at org.apache.catalina.core.StandardWrapperValve.invoke(StandardWrapperValve.java:165)
	at org.apache.catalina.core.StandardContextValve.invoke(StandardContextValve.java:90)
	at org.apache.catalina.authenticator.AuthenticatorBase.invoke(AuthenticatorBase.java:483)
	at org.apache.catalina.core.StandardHostValve.invoke(StandardHostValve.java:115)
	at org.apache.catalina.valves.ErrorReportValve.invoke(ErrorReportValve.java:93)
	at org.apache.catalina.core.StandardEngineValve.invoke(StandardEngineValve.java:74)
	at org.apache.catalina.connector.CoyoteAdapter.asyncDispatch(CoyoteAdapter.java:239)
	at org.apache.coyote.AbstractProcessor.dispatch(AbstractProcessor.java:243)
	at org.apache.coyote.AbstractProcessorLight.process(AbstractProcessorLight.java:57)
	at org.apache.coyote.AbstractProtocol$ConnectionHandler.process(AbstractProtocol.java:905)
	at org.apache.tomcat.util.net.NioEndpoint$SocketProcessor.doRun(NioEndpoint.java:1741)
	at org.apache.tomcat.util.net.SocketProcessorBase.run(SocketProcessorBase.java:52)
	at org.apache.tomcat.util.threads.ThreadPoolExecutor.runWorker(ThreadPoolExecutor.java:1190)
	at org.apache.tomcat.util.threads.ThreadPoolExecutor$Worker.run(ThreadPoolExecutor.java:659)
	at org.apache.tomcat.util.threads.TaskThread$WrappingRunnable.run(TaskThread.java:63)
	at java.base/java.lang.Thread.run(Thread.java:1583)
2026-03-09 15:41:13.164 [http-nio-18080-exec-2] ERROR o.a.c.c.C.[.[.[.[dispatcherServlet] - Servlet.service() for servlet [dispatcherServlet] in context with path [/api/v1] threw exception [Unable to handle the Spring Security Exception because the response is already committed.] with root cause
org.springframework.security.access.AccessDeniedException: Access Denied
	at org.springframework.security.web.access.intercept.AuthorizationFilter.doFilter(AuthorizationFilter.java:98)
	at org.springframework.security.web.ObservationFilterChainDecorator$ObservationFilter.wrapFilter(ObservationFilterChainDecorator.java:240)
	at org.springframework.security.web.ObservationFilterChainDecorator$ObservationFilter.doFilter(ObservationFilterChainDecorator.java:227)
	at org.springframework.security.web.ObservationFilterChainDecorator$VirtualFilterChain.doFilter(ObservationFilterChainDecorator.java:137)
	at org.springframework.security.web.access.ExceptionTranslationFilter.doFilter(ExceptionTranslationFilter.java:126)
	at org.springframework.security.web.access.ExceptionTranslationFilter.doFilter(ExceptionTranslationFilter.java:120)
	at org.springframework.security.web.ObservationFilterChainDecorator$ObservationFilter.wrapFilter(ObservationFilterChainDecorator.java:240)
	at org.springframework.security.web.ObservationFilterChainDecorator$ObservationFilter.doFilter(ObservationFilterChainDecorator.java:227)
	at org.springframework.security.web.ObservationFilterChainDecorator$VirtualFilterChain.doFilter(ObservationFilterChainDecorator.java:137)
	at org.springframework.security.web.session.SessionManagementFilter.doFilter(SessionManagementFilter.java:91)
	at org.springframework.security.web.session.SessionManagementFilter.doFilter(SessionManagementFilter.java:85)
	at org.springframework.security.web.ObservationFilterChainDecorator$ObservationFilter.wrapFilter(ObservationFilterChainDecorator.java:240)
	at org.springframework.security.web.ObservationFilterChainDecorator$ObservationFilter.doFilter(ObservationFilterChainDecorator.java:227)
	at org.springframework.security.web.ObservationFilterChainDecorator$VirtualFilterChain.doFilter(ObservationFilterChainDecorator.java:137)
	at org.springframework.security.web.authentication.AnonymousAuthenticationFilter.doFilter(AnonymousAuthenticationFilter.java:100)
	at org.springframework.security.web.ObservationFilterChainDecorator$ObservationFilter.wrapFilter(ObservationFilterChainDecorator.java:240)
	at org.springframework.security.web.ObservationFilterChainDecorator$ObservationFilter.doFilter(ObservationFilterChainDecorator.java:227)
	at org.springframework.security.web.ObservationFilterChainDecorator$VirtualFilterChain.doFilter(ObservationFilterChainDecorator.java:137)
	at org.springframework.security.web.servletapi.SecurityContextHolderAwareRequestFilter.doFilter(SecurityContextHolderAwareRequestFilter.java:179)
	at org.springframework.security.web.ObservationFilterChainDecorator$ObservationFilter.wrapFilter(ObservationFilterChainDecorator.java:240)
	at org.springframework.security.web.ObservationFilterChainDecorator$ObservationFilter.doFilter(ObservationFilterChainDecorator.java:227)
	at org.springframework.security.web.ObservationFilterChainDecorator$VirtualFilterChain.doFilter(ObservationFilterChainDecorator.java:137)
	at org.springframework.security.web.savedrequest.RequestCacheAwareFilter.doFilter(RequestCacheAwareFilter.java:63)
	at org.springframework.security.web.ObservationFilterChainDecorator$ObservationFilter.wrapFilter(ObservationFilterChainDecorator.java:240)
	at org.springframework.security.web.ObservationFilterChainDecorator$ObservationFilter.doFilter(ObservationFilterChainDecorator.java:227)
	at org.springframework.security.web.ObservationFilterChainDecorator$VirtualFilterChain.doFilter(ObservationFilterChainDecorator.java:137)
	at org.springframework.web.filter.OncePerRequestFilter.doFilter(OncePerRequestFilter.java:101)
	at org.springframework.security.web.ObservationFilterChainDecorator$ObservationFilter.wrapFilter(ObservationFilterChainDecorator.java:240)
	at org.springframework.security.web.ObservationFilterChainDecorator$ObservationFilter.doFilter(ObservationFilterChainDecorator.java:227)
	at org.springframework.security.web.ObservationFilterChainDecorator$VirtualFilterChain.doFilter(ObservationFilterChainDecorator.java:137)
	at org.springframework.security.web.authentication.logout.LogoutFilter.doFilter(LogoutFilter.java:107)
	at org.springframework.security.web.authentication.logout.LogoutFilter.doFilter(LogoutFilter.java:93)
	at org.springframework.security.web.ObservationFilterChainDecorator$ObservationFilter.wrapFilter(ObservationFilterChainDecorator.java:240)
	at org.springframework.security.web.ObservationFilterChainDecorator$ObservationFilter.doFilter(ObservationFilterChainDecorator.java:227)
	at org.springframework.security.web.ObservationFilterChainDecorator$VirtualFilterChain.doFilter(ObservationFilterChainDecorator.java:137)
	at org.springframework.web.filter.OncePerRequestFilter.doFilter(OncePerRequestFilter.java:101)
	at org.springframework.security.web.ObservationFilterChainDecorator$ObservationFilter.wrapFilter(ObservationFilterChainDecorator.java:240)
	at org.springframework.security.web.ObservationFilterChainDecorator$ObservationFilter.doFilter(ObservationFilterChainDecorator.java:227)
	at org.springframework.security.web.ObservationFilterChainDecorator$VirtualFilterChain.doFilter(ObservationFilterChainDecorator.java:137)
	at org.springframework.web.filter.OncePerRequestFilter.doFilter(OncePerRequestFilter.java:101)
	at org.springframework.security.web.ObservationFilterChainDecorator$ObservationFilter.wrapFilter(ObservationFilterChainDecorator.java:240)
	at org.springframework.security.web.ObservationFilterChainDecorator$ObservationFilter.doFilter(ObservationFilterChainDecorator.java:227)
	at org.springframework.security.web.ObservationFilterChainDecorator$VirtualFilterChain.doFilter(ObservationFilterChainDecorator.java:137)
	at org.springframework.security.web.context.SecurityContextHolderFilter.doFilter(SecurityContextHolderFilter.java:82)
	at org.springframework.security.web.context.SecurityContextHolderFilter.doFilter(SecurityContextHolderFilter.java:69)
	at org.springframework.security.web.ObservationFilterChainDecorator$ObservationFilter.wrapFilter(ObservationFilterChainDecorator.java:240)
	at org.springframework.security.web.ObservationFilterChainDecorator$ObservationFilter.doFilter(ObservationFilterChainDecorator.java:227)
	at org.springframework.security.web.ObservationFilterChainDecorator$VirtualFilterChain.doFilter(ObservationFilterChainDecorator.java:137)
	at org.springframework.web.filter.OncePerRequestFilter.doFilter(OncePerRequestFilter.java:101)
	at org.springframework.security.web.ObservationFilterChainDecorator$ObservationFilter.wrapFilter(ObservationFilterChainDecorator.java:240)
	at org.springframework.security.web.ObservationFilterChainDecorator$ObservationFilter.doFilter(ObservationFilterChainDecorator.java:227)
	at org.springframework.security.web.ObservationFilterChainDecorator$VirtualFilterChain.doFilter(ObservationFilterChainDecorator.java:137)
	at org.springframework.web.filter.OncePerRequestFilter.doFilter(OncePerRequestFilter.java:101)
	at org.springframework.security.web.ObservationFilterChainDecorator$ObservationFilter.wrapFilter(ObservationFilterChainDecorator.java:240)
	at org.springframework.security.web.ObservationFilterChainDecorator$AroundFilterObservation$SimpleAroundFilterObservation.lambda$wrap$0(ObservationFilterChainDecorator.java:323)
	at org.springframework.security.web.ObservationFilterChainDecorator$ObservationFilter.doFilter(ObservationFilterChainDecorator.java:224)
	at org.springframework.security.web.ObservationFilterChainDecorator$VirtualFilterChain.doFilter(ObservationFilterChainDecorator.java:137)
	at org.springframework.security.web.FilterChainProxy.doFilterInternal(FilterChainProxy.java:233)
	at org.springframework.security.web.FilterChainProxy.doFilter(FilterChainProxy.java:191)
	at org.springframework.web.filter.CompositeFilter$VirtualFilterChain.doFilter(CompositeFilter.java:113)
	at org.springframework.web.servlet.handler.HandlerMappingIntrospector.lambda$createCacheFilter$3(HandlerMappingIntrospector.java:195)
	at org.springframework.web.filter.CompositeFilter$VirtualFilterChain.doFilter(CompositeFilter.java:113)
	at org.springframework.web.filter.CompositeFilter.doFilter(CompositeFilter.java:74)
	at org.springframework.security.config.annotation.web.configuration.WebMvcSecurityConfiguration$CompositeFilterChainProxy.doFilter(WebMvcSecurityConfiguration.java:230)
	at org.springframework.web.filter.DelegatingFilterProxy.invokeDelegate(DelegatingFilterProxy.java:352)
	at org.springframework.web.filter.DelegatingFilterProxy.doFilter(DelegatingFilterProxy.java:268)
	at org.apache.catalina.core.ApplicationFilterChain.internalDoFilter(ApplicationFilterChain.java:164)
	at org.apache.catalina.core.ApplicationFilterChain.doFilter(ApplicationFilterChain.java:140)
	at org.springframework.web.filter.RequestContextFilter.doFilterInternal(RequestContextFilter.java:100)
	at org.springframework.web.filter.OncePerRequestFilter.doFilter(OncePerRequestFilter.java:116)
	at org.apache.catalina.core.ApplicationFilterChain.internalDoFilter(ApplicationFilterChain.java:164)
	at org.apache.catalina.core.ApplicationFilterChain.doFilter(ApplicationFilterChain.java:140)
	at org.springframework.web.filter.OncePerRequestFilter.doFilter(OncePerRequestFilter.java:101)
	at org.apache.catalina.core.ApplicationFilterChain.internalDoFilter(ApplicationFilterChain.java:164)
	at org.apache.catalina.core.ApplicationFilterChain.doFilter(ApplicationFilterChain.java:140)
	at org.springframework.web.filter.ServerHttpObservationFilter.doFilterInternal(ServerHttpObservationFilter.java:113)
	at org.springframework.web.filter.OncePerRequestFilter.doFilter(OncePerRequestFilter.java:116)
	at org.apache.catalina.core.ApplicationFilterChain.internalDoFilter(ApplicationFilterChain.java:164)
	at org.apache.catalina.core.ApplicationFilterChain.doFilter(ApplicationFilterChain.java:140)
	at org.springframework.web.filter.OncePerRequestFilter.doFilter(OncePerRequestFilter.java:101)
	at org.apache.catalina.core.ApplicationFilterChain.internalDoFilter(ApplicationFilterChain.java:164)
	at org.apache.catalina.core.ApplicationFilterChain.doFilter(ApplicationFilterChain.java:140)
	at org.apache.catalina.core.ApplicationDispatcher.invoke(ApplicationDispatcher.java:632)
	at org.apache.catalina.core.ApplicationDispatcher.doDispatch(ApplicationDispatcher.java:560)
	at org.apache.catalina.core.ApplicationDispatcher.dispatch(ApplicationDispatcher.java:531)
	at org.apache.catalina.core.AsyncContextImpl$AsyncRunnable.run(AsyncContextImpl.java:601)
	at org.apache.catalina.core.AsyncContextImpl.doInternalDispatch(AsyncContextImpl.java:344)
	at org.apache.catalina.core.StandardWrapperValve.invoke(StandardWrapperValve.java:165)
	at org.apache.catalina.core.StandardContextValve.invoke(StandardContextValve.java:90)
	at org.apache.catalina.authenticator.AuthenticatorBase.invoke(AuthenticatorBase.java:483)
	at org.apache.catalina.core.StandardHostValve.invoke(StandardHostValve.java:115)
	at org.apache.catalina.valves.ErrorReportValve.invoke(ErrorReportValve.java:93)
	at org.apache.catalina.core.StandardEngineValve.invoke(StandardEngineValve.java:74)
	at org.apache.catalina.connector.CoyoteAdapter.asyncDispatch(CoyoteAdapter.java:239)
	at org.apache.coyote.AbstractProcessor.dispatch(AbstractProcessor.java:243)
	at org.apache.coyote.AbstractProcessorLight.process(AbstractProcessorLight.java:57)
	at org.apache.coyote.AbstractProtocol$ConnectionHandler.process(AbstractProtocol.java:905)
	at org.apache.tomcat.util.net.NioEndpoint$SocketProcessor.doRun(NioEndpoint.java:1741)
	at org.apache.tomcat.util.net.SocketProcessorBase.run(SocketProcessorBase.java:52)
	at org.apache.tomcat.util.threads.ThreadPoolExecutor.runWorker(ThreadPoolExecutor.java:1190)
	at org.apache.tomcat.util.threads.ThreadPoolExecutor$Worker.run(ThreadPoolExecutor.java:659)
	at org.apache.tomcat.util.threads.TaskThread$WrappingRunnable.run(TaskThread.java:63)
	at java.base/java.lang.Thread.run(Thread.java:1583)
2026-03-09 15:41:13.169 [http-nio-18080-exec-2] ERROR o.a.c.c.C.[.[.[.[dispatcherServlet] - Servlet.service() for servlet [dispatcherServlet] threw exception
org.springframework.security.access.AccessDeniedException: Access Denied
	at org.springframework.security.web.access.intercept.AuthorizationFilter.doFilter(AuthorizationFilter.java:98)
	at org.springframework.security.web.ObservationFilterChainDecorator$ObservationFilter.wrapFilter(ObservationFilterChainDecorator.java:240)
	at org.springframework.security.web.ObservationFilterChainDecorator$ObservationFilter.doFilter(ObservationFilterChainDecorator.java:227)
	at org.springframework.security.web.ObservationFilterChainDecorator$VirtualFilterChain.doFilter(ObservationFilterChainDecorator.java:137)
	at org.springframework.security.web.access.ExceptionTranslationFilter.doFilter(ExceptionTranslationFilter.java:126)
	at org.springframework.security.web.access.ExceptionTranslationFilter.doFilter(ExceptionTranslationFilter.java:120)
	at org.springframework.security.web.ObservationFilterChainDecorator$ObservationFilter.wrapFilter(ObservationFilterChainDecorator.java:240)
	at org.springframework.security.web.ObservationFilterChainDecorator$ObservationFilter.doFilter(ObservationFilterChainDecorator.java:227)
	at org.springframework.security.web.ObservationFilterChainDecorator$VirtualFilterChain.doFilter(ObservationFilterChainDecorator.java:137)
	at org.springframework.security.web.session.SessionManagementFilter.doFilter(SessionManagementFilter.java:91)
	at org.springframework.security.web.session.SessionManagementFilter.doFilter(SessionManagementFilter.java:85)
	at org.springframework.security.web.ObservationFilterChainDecorator$ObservationFilter.wrapFilter(ObservationFilterChainDecorator.java:240)
	at org.springframework.security.web.ObservationFilterChainDecorator$ObservationFilter.doFilter(ObservationFilterChainDecorator.java:227)
	at org.springframework.security.web.ObservationFilterChainDecorator$VirtualFilterChain.doFilter(ObservationFilterChainDecorator.java:137)
	at org.springframework.security.web.authentication.AnonymousAuthenticationFilter.doFilter(AnonymousAuthenticationFilter.java:100)
	at org.springframework.security.web.ObservationFilterChainDecorator$ObservationFilter.wrapFilter(ObservationFilterChainDecorator.java:240)
	at org.springframework.security.web.ObservationFilterChainDecorator$ObservationFilter.doFilter(ObservationFilterChainDecorator.java:227)
	at org.springframework.security.web.ObservationFilterChainDecorator$VirtualFilterChain.doFilter(ObservationFilterChainDecorator.java:137)
	at org.springframework.security.web.servletapi.SecurityContextHolderAwareRequestFilter.doFilter(SecurityContextHolderAwareRequestFilter.java:179)
	at org.springframework.security.web.ObservationFilterChainDecorator$ObservationFilter.wrapFilter(ObservationFilterChainDecorator.java:240)
	at org.springframework.security.web.ObservationFilterChainDecorator$ObservationFilter.doFilter(ObservationFilterChainDecorator.java:227)
	at org.springframework.security.web.ObservationFilterChainDecorator$VirtualFilterChain.doFilter(ObservationFilterChainDecorator.java:137)
	at org.springframework.security.web.savedrequest.RequestCacheAwareFilter.doFilter(RequestCacheAwareFilter.java:63)
	at org.springframework.security.web.ObservationFilterChainDecorator$ObservationFilter.wrapFilter(ObservationFilterChainDecorator.java:240)
	at org.springframework.security.web.ObservationFilterChainDecorator$ObservationFilter.doFilter(ObservationFilterChainDecorator.java:227)
	at org.springframework.security.web.ObservationFilterChainDecorator$VirtualFilterChain.doFilter(ObservationFilterChainDecorator.java:137)
	at org.springframework.web.filter.OncePerRequestFilter.doFilter(OncePerRequestFilter.java:101)
	at org.springframework.security.web.ObservationFilterChainDecorator$ObservationFilter.wrapFilter(ObservationFilterChainDecorator.java:240)
	at org.springframework.security.web.ObservationFilterChainDecorator$ObservationFilter.doFilter(ObservationFilterChainDecorator.java:227)
	at org.springframework.security.web.ObservationFilterChainDecorator$VirtualFilterChain.doFilter(ObservationFilterChainDecorator.java:137)
	at org.springframework.security.web.authentication.logout.LogoutFilter.doFilter(LogoutFilter.java:107)
	at org.springframework.security.web.authentication.logout.LogoutFilter.doFilter(LogoutFilter.java:93)
	at org.springframework.security.web.ObservationFilterChainDecorator$ObservationFilter.wrapFilter(ObservationFilterChainDecorator.java:240)
	at org.springframework.security.web.ObservationFilterChainDecorator$ObservationFilter.doFilter(ObservationFilterChainDecorator.java:227)
	at org.springframework.security.web.ObservationFilterChainDecorator$VirtualFilterChain.doFilter(ObservationFilterChainDecorator.java:137)
	at org.springframework.web.filter.OncePerRequestFilter.doFilter(OncePerRequestFilter.java:101)
	at org.springframework.security.web.ObservationFilterChainDecorator$ObservationFilter.wrapFilter(ObservationFilterChainDecorator.java:240)
	at org.springframework.security.web.ObservationFilterChainDecorator$ObservationFilter.doFilter(ObservationFilterChainDecorator.java:227)
	at org.springframework.security.web.ObservationFilterChainDecorator$VirtualFilterChain.doFilter(ObservationFilterChainDecorator.java:137)
	at org.springframework.web.filter.OncePerRequestFilter.doFilter(OncePerRequestFilter.java:101)
	at org.springframework.security.web.ObservationFilterChainDecorator$ObservationFilter.wrapFilter(ObservationFilterChainDecorator.java:240)
	at org.springframework.security.web.ObservationFilterChainDecorator$ObservationFilter.doFilter(ObservationFilterChainDecorator.java:227)
	at org.springframework.security.web.ObservationFilterChainDecorator$VirtualFilterChain.doFilter(ObservationFilterChainDecorator.java:137)
	at org.springframework.security.web.context.SecurityContextHolderFilter.doFilter(SecurityContextHolderFilter.java:82)
	at org.springframework.security.web.context.SecurityContextHolderFilter.doFilter(SecurityContextHolderFilter.java:69)
	at org.springframework.security.web.ObservationFilterChainDecorator$ObservationFilter.wrapFilter(ObservationFilterChainDecorator.java:240)
	at org.springframework.security.web.ObservationFilterChainDecorator$ObservationFilter.doFilter(ObservationFilterChainDecorator.java:227)
	at org.springframework.security.web.ObservationFilterChainDecorator$VirtualFilterChain.doFilter(ObservationFilterChainDecorator.java:137)
	at org.springframework.web.filter.OncePerRequestFilter.doFilter(OncePerRequestFilter.java:101)
	at org.springframework.security.web.ObservationFilterChainDecorator$ObservationFilter.wrapFilter(ObservationFilterChainDecorator.java:240)
	at org.springframework.security.web.ObservationFilterChainDecorator$ObservationFilter.doFilter(ObservationFilterChainDecorator.java:227)
	at org.springframework.security.web.ObservationFilterChainDecorator$VirtualFilterChain.doFilter(ObservationFilterChainDecorator.java:137)
	at org.springframework.web.filter.OncePerRequestFilter.doFilter(OncePerRequestFilter.java:101)
	at org.springframework.security.web.ObservationFilterChainDecorator$ObservationFilter.wrapFilter(ObservationFilterChainDecorator.java:240)
	at org.springframework.security.web.ObservationFilterChainDecorator$AroundFilterObservation$SimpleAroundFilterObservation.lambda$wrap$0(ObservationFilterChainDecorator.java:323)
	at org.springframework.security.web.ObservationFilterChainDecorator$ObservationFilter.doFilter(ObservationFilterChainDecorator.java:224)
	at org.springframework.security.web.ObservationFilterChainDecorator$VirtualFilterChain.doFilter(ObservationFilterChainDecorator.java:137)
	at org.springframework.security.web.FilterChainProxy.doFilterInternal(FilterChainProxy.java:233)
	at org.springframework.security.web.FilterChainProxy.doFilter(FilterChainProxy.java:191)
	at org.springframework.web.filter.CompositeFilter$VirtualFilterChain.doFilter(CompositeFilter.java:113)
	at org.springframework.web.servlet.handler.HandlerMappingIntrospector.lambda$createCacheFilter$3(HandlerMappingIntrospector.java:195)
	at org.springframework.web.filter.CompositeFilter$VirtualFilterChain.doFilter(CompositeFilter.java:113)
	at org.springframework.web.filter.CompositeFilter.doFilter(CompositeFilter.java:74)
	at org.springframework.security.config.annotation.web.configuration.WebMvcSecurityConfiguration$CompositeFilterChainProxy.doFilter(WebMvcSecurityConfiguration.java:230)
	at org.springframework.web.filter.DelegatingFilterProxy.invokeDelegate(DelegatingFilterProxy.java:352)
	at org.springframework.web.filter.DelegatingFilterProxy.doFilter(DelegatingFilterProxy.java:268)
	at org.apache.catalina.core.ApplicationFilterChain.internalDoFilter(ApplicationFilterChain.java:164)
	at org.apache.catalina.core.ApplicationFilterChain.doFilter(ApplicationFilterChain.java:140)
	at org.springframework.web.filter.RequestContextFilter.doFilterInternal(RequestContextFilter.java:100)
	at org.springframework.web.filter.OncePerRequestFilter.doFilter(OncePerRequestFilter.java:116)
	at org.apache.catalina.core.ApplicationFilterChain.internalDoFilter(ApplicationFilterChain.java:164)
	at org.apache.catalina.core.ApplicationFilterChain.doFilter(ApplicationFilterChain.java:140)
	at org.springframework.web.filter.OncePerRequestFilter.doFilter(OncePerRequestFilter.java:101)
	at org.apache.catalina.core.ApplicationFilterChain.internalDoFilter(ApplicationFilterChain.java:164)
	at org.apache.catalina.core.ApplicationFilterChain.doFilter(ApplicationFilterChain.java:140)
	at org.springframework.web.filter.OncePerRequestFilter.doFilter(OncePerRequestFilter.java:101)
	at org.apache.catalina.core.ApplicationFilterChain.internalDoFilter(ApplicationFilterChain.java:164)
	at org.apache.catalina.core.ApplicationFilterChain.doFilter(ApplicationFilterChain.java:140)
	at org.apache.catalina.core.ApplicationDispatcher.invoke(ApplicationDispatcher.java:632)
	at org.apache.catalina.core.ApplicationDispatcher.doInclude(ApplicationDispatcher.java:510)
	at org.apache.catalina.core.ApplicationDispatcher.include(ApplicationDispatcher.java:453)
	at org.apache.catalina.core.StandardHostValve.custom(StandardHostValve.java:343)
	at org.apache.catalina.core.StandardHostValve.status(StandardHostValve.java:222)
	at org.apache.catalina.core.StandardHostValve.throwable(StandardHostValve.java:308)
	at org.apache.catalina.core.StandardHostValve.invoke(StandardHostValve.java:149)
	at org.apache.catalina.valves.ErrorReportValve.invoke(ErrorReportValve.java:93)
	at org.apache.catalina.core.StandardEngineValve.invoke(StandardEngineValve.java:74)
	at org.apache.catalina.connector.CoyoteAdapter.asyncDispatch(CoyoteAdapter.java:239)
	at org.apache.coyote.AbstractProcessor.dispatch(AbstractProcessor.java:243)
	at org.apache.coyote.AbstractProcessorLight.process(AbstractProcessorLight.java:57)
	at org.apache.coyote.AbstractProtocol$ConnectionHandler.process(AbstractProtocol.java:905)
	at org.apache.tomcat.util.net.NioEndpoint$SocketProcessor.doRun(NioEndpoint.java:1741)
	at org.apache.tomcat.util.net.SocketProcessorBase.run(SocketProcessorBase.java:52)
	at org.apache.tomcat.util.threads.ThreadPoolExecutor.runWorker(ThreadPoolExecutor.java:1190)
	at org.apache.tomcat.util.threads.ThreadPoolExecutor$Worker.run(ThreadPoolExecutor.java:659)
	at org.apache.tomcat.util.threads.TaskThread$WrappingRunnable.run(TaskThread.java:63)
	at java.base/java.lang.Thread.run(Thread.java:1583)
2026-03-09 15:41:13.171 [http-nio-18080-exec-2] ERROR o.a.c.c.C.[Tomcat].[localhost] - Exception Processing [ErrorPage[errorCode=0, location=/error]]
jakarta.servlet.ServletException: Unable to handle the Spring Security Exception because the response is already committed.
	at org.springframework.security.web.access.ExceptionTranslationFilter.doFilter(ExceptionTranslationFilter.java:144)
	at org.springframework.security.web.access.ExceptionTranslationFilter.doFilter(ExceptionTranslationFilter.java:120)
	at org.springframework.security.web.ObservationFilterChainDecorator$ObservationFilter.wrapFilter(ObservationFilterChainDecorator.java:240)
	at org.springframework.security.web.ObservationFilterChainDecorator$ObservationFilter.doFilter(ObservationFilterChainDecorator.java:227)
	at org.springframework.security.web.ObservationFilterChainDecorator$VirtualFilterChain.doFilter(ObservationFilterChainDecorator.java:137)
	at org.springframework.security.web.session.SessionManagementFilter.doFilter(SessionManagementFilter.java:91)
	at org.springframework.security.web.session.SessionManagementFilter.doFilter(SessionManagementFilter.java:85)
	at org.springframework.security.web.ObservationFilterChainDecorator$ObservationFilter.wrapFilter(ObservationFilterChainDecorator.java:240)
	at org.springframework.security.web.ObservationFilterChainDecorator$ObservationFilter.doFilter(ObservationFilterChainDecorator.java:227)
	at org.springframework.security.web.ObservationFilterChainDecorator$VirtualFilterChain.doFilter(ObservationFilterChainDecorator.java:137)
	at org.springframework.security.web.authentication.AnonymousAuthenticationFilter.doFilter(AnonymousAuthenticationFilter.java:100)
	at org.springframework.security.web.ObservationFilterChainDecorator$ObservationFilter.wrapFilter(ObservationFilterChainDecorator.java:240)
	at org.springframework.security.web.ObservationFilterChainDecorator$ObservationFilter.doFilter(ObservationFilterChainDecorator.java:227)
	at org.springframework.security.web.ObservationFilterChainDecorator$VirtualFilterChain.doFilter(ObservationFilterChainDecorator.java:137)
	at org.springframework.security.web.servletapi.SecurityContextHolderAwareRequestFilter.doFilter(SecurityContextHolderAwareRequestFilter.java:179)
	at org.springframework.security.web.ObservationFilterChainDecorator$ObservationFilter.wrapFilter(ObservationFilterChainDecorator.java:240)
	at org.springframework.security.web.ObservationFilterChainDecorator$ObservationFilter.doFilter(ObservationFilterChainDecorator.java:227)
	at org.springframework.security.web.ObservationFilterChainDecorator$VirtualFilterChain.doFilter(ObservationFilterChainDecorator.java:137)
	at org.springframework.security.web.savedrequest.RequestCacheAwareFilter.doFilter(RequestCacheAwareFilter.java:63)
	at org.springframework.security.web.ObservationFilterChainDecorator$ObservationFilter.wrapFilter(ObservationFilterChainDecorator.java:240)
	at org.springframework.security.web.ObservationFilterChainDecorator$ObservationFilter.doFilter(ObservationFilterChainDecorator.java:227)
	at org.springframework.security.web.ObservationFilterChainDecorator$VirtualFilterChain.doFilter(ObservationFilterChainDecorator.java:137)
	at org.springframework.web.filter.OncePerRequestFilter.doFilter(OncePerRequestFilter.java:101)
	at org.springframework.security.web.ObservationFilterChainDecorator$ObservationFilter.wrapFilter(ObservationFilterChainDecorator.java:240)
	at org.springframework.security.web.ObservationFilterChainDecorator$ObservationFilter.doFilter(ObservationFilterChainDecorator.java:227)
	at org.springframework.security.web.ObservationFilterChainDecorator$VirtualFilterChain.doFilter(ObservationFilterChainDecorator.java:137)
	at org.springframework.security.web.authentication.logout.LogoutFilter.doFilter(LogoutFilter.java:107)
	at org.springframework.security.web.authentication.logout.LogoutFilter.doFilter(LogoutFilter.java:93)
	at org.springframework.security.web.ObservationFilterChainDecorator$ObservationFilter.wrapFilter(ObservationFilterChainDecorator.java:240)
	at org.springframework.security.web.ObservationFilterChainDecorator$ObservationFilter.doFilter(ObservationFilterChainDecorator.java:227)
	at org.springframework.security.web.ObservationFilterChainDecorator$VirtualFilterChain.doFilter(ObservationFilterChainDecorator.java:137)
	at org.springframework.web.filter.OncePerRequestFilter.doFilter(OncePerRequestFilter.java:101)
	at org.springframework.security.web.ObservationFilterChainDecorator$ObservationFilter.wrapFilter(ObservationFilterChainDecorator.java:240)
	at org.springframework.security.web.ObservationFilterChainDecorator$ObservationFilter.doFilter(ObservationFilterChainDecorator.java:227)
	at org.springframework.security.web.ObservationFilterChainDecorator$VirtualFilterChain.doFilter(ObservationFilterChainDecorator.java:137)
	at org.springframework.web.filter.OncePerRequestFilter.doFilter(OncePerRequestFilter.java:101)
	at org.springframework.security.web.ObservationFilterChainDecorator$ObservationFilter.wrapFilter(ObservationFilterChainDecorator.java:240)
	at org.springframework.security.web.ObservationFilterChainDecorator$ObservationFilter.doFilter(ObservationFilterChainDecorator.java:227)
	at org.springframework.security.web.ObservationFilterChainDecorator$VirtualFilterChain.doFilter(ObservationFilterChainDecorator.java:137)
	at org.springframework.security.web.context.SecurityContextHolderFilter.doFilter(SecurityContextHolderFilter.java:82)
	at org.springframework.security.web.context.SecurityContextHolderFilter.doFilter(SecurityContextHolderFilter.java:69)
	at org.springframework.security.web.ObservationFilterChainDecorator$ObservationFilter.wrapFilter(ObservationFilterChainDecorator.java:240)
	at org.springframework.security.web.ObservationFilterChainDecorator$ObservationFilter.doFilter(ObservationFilterChainDecorator.java:227)
	at org.springframework.security.web.ObservationFilterChainDecorator$VirtualFilterChain.doFilter(ObservationFilterChainDecorator.java:137)
	at org.springframework.web.filter.OncePerRequestFilter.doFilter(OncePerRequestFilter.java:101)
	at org.springframework.security.web.ObservationFilterChainDecorator$ObservationFilter.wrapFilter(ObservationFilterChainDecorator.java:240)
	at org.springframework.security.web.ObservationFilterChainDecorator$ObservationFilter.doFilter(ObservationFilterChainDecorator.java:227)
	at org.springframework.security.web.ObservationFilterChainDecorator$VirtualFilterChain.doFilter(ObservationFilterChainDecorator.java:137)
	at org.springframework.web.filter.OncePerRequestFilter.doFilter(OncePerRequestFilter.java:101)
	at org.springframework.security.web.ObservationFilterChainDecorator$ObservationFilter.wrapFilter(ObservationFilterChainDecorator.java:240)
	at org.springframework.security.web.ObservationFilterChainDecorator$AroundFilterObservation$SimpleAroundFilterObservation.lambda$wrap$0(ObservationFilterChainDecorator.java:323)
	at org.springframework.security.web.ObservationFilterChainDecorator$ObservationFilter.doFilter(ObservationFilterChainDecorator.java:224)
	at org.springframework.security.web.ObservationFilterChainDecorator$VirtualFilterChain.doFilter(ObservationFilterChainDecorator.java:137)
	at org.springframework.security.web.FilterChainProxy.doFilterInternal(FilterChainProxy.java:233)
	at org.springframework.security.web.FilterChainProxy.doFilter(FilterChainProxy.java:191)
	at org.springframework.web.filter.CompositeFilter$VirtualFilterChain.doFilter(CompositeFilter.java:113)
	at org.springframework.web.servlet.handler.HandlerMappingIntrospector.lambda$createCacheFilter$3(HandlerMappingIntrospector.java:195)
	at org.springframework.web.filter.CompositeFilter$VirtualFilterChain.doFilter(CompositeFilter.java:113)
	at org.springframework.web.filter.CompositeFilter.doFilter(CompositeFilter.java:74)
	at org.springframework.security.config.annotation.web.configuration.WebMvcSecurityConfiguration$CompositeFilterChainProxy.doFilter(WebMvcSecurityConfiguration.java:230)
	at org.springframework.web.filter.DelegatingFilterProxy.invokeDelegate(DelegatingFilterProxy.java:352)
	at org.springframework.web.filter.DelegatingFilterProxy.doFilter(DelegatingFilterProxy.java:268)
	at org.apache.catalina.core.ApplicationFilterChain.internalDoFilter(ApplicationFilterChain.java:164)
	at org.apache.catalina.core.ApplicationFilterChain.doFilter(ApplicationFilterChain.java:140)
	at org.springframework.web.filter.RequestContextFilter.doFilterInternal(RequestContextFilter.java:100)
	at org.springframework.web.filter.OncePerRequestFilter.doFilter(OncePerRequestFilter.java:116)
	at org.apache.catalina.core.ApplicationFilterChain.internalDoFilter(ApplicationFilterChain.java:164)
	at org.apache.catalina.core.ApplicationFilterChain.doFilter(ApplicationFilterChain.java:140)
	at org.springframework.web.filter.OncePerRequestFilter.doFilter(OncePerRequestFilter.java:101)
	at org.apache.catalina.core.ApplicationFilterChain.internalDoFilter(ApplicationFilterChain.java:164)
	at org.apache.catalina.core.ApplicationFilterChain.doFilter(ApplicationFilterChain.java:140)
	at org.springframework.web.filter.OncePerRequestFilter.doFilter(OncePerRequestFilter.java:101)
	at org.apache.catalina.core.ApplicationFilterChain.internalDoFilter(ApplicationFilterChain.java:164)
	at org.apache.catalina.core.ApplicationFilterChain.doFilter(ApplicationFilterChain.java:140)
	at org.apache.catalina.core.ApplicationDispatcher.invoke(ApplicationDispatcher.java:632)
	at org.apache.catalina.core.ApplicationDispatcher.doInclude(ApplicationDispatcher.java:510)
	at org.apache.catalina.core.ApplicationDispatcher.include(ApplicationDispatcher.java:453)
	at org.apache.catalina.core.StandardHostValve.custom(StandardHostValve.java:343)
	at org.apache.catalina.core.StandardHostValve.status(StandardHostValve.java:222)
	at org.apache.catalina.core.StandardHostValve.throwable(StandardHostValve.java:308)
	at org.apache.catalina.core.StandardHostValve.invoke(StandardHostValve.java:149)
	at org.apache.catalina.valves.ErrorReportValve.invoke(ErrorReportValve.java:93)
	at org.apache.catalina.core.StandardEngineValve.invoke(StandardEngineValve.java:74)
	at org.apache.catalina.connector.CoyoteAdapter.asyncDispatch(CoyoteAdapter.java:239)
	at org.apache.coyote.AbstractProcessor.dispatch(AbstractProcessor.java:243)
	at org.apache.coyote.AbstractProcessorLight.process(AbstractProcessorLight.java:57)
	at org.apache.coyote.AbstractProtocol$ConnectionHandler.process(AbstractProtocol.java:905)
	at org.apache.tomcat.util.net.NioEndpoint$SocketProcessor.doRun(NioEndpoint.java:1741)
	at org.apache.tomcat.util.net.SocketProcessorBase.run(SocketProcessorBase.java:52)
	at org.apache.tomcat.util.threads.ThreadPoolExecutor.runWorker(ThreadPoolExecutor.java:1190)
	at org.apache.tomcat.util.threads.ThreadPoolExecutor$Worker.run(ThreadPoolExecutor.java:659)
	at org.apache.tomcat.util.threads.TaskThread$WrappingRunnable.run(TaskThread.java:63)
	at java.base/java.lang.Thread.run(Thread.java:1583)
Caused by: org.springframework.security.access.AccessDeniedException: Access Denied
	at org.springframework.security.web.access.intercept.AuthorizationFilter.doFilter(AuthorizationFilter.java:98)
	at org.springframework.security.web.ObservationFilterChainDecorator$ObservationFilter.wrapFilter(ObservationFilterChainDecorator.java:240)
	at org.springframework.security.web.ObservationFilterChainDecorator$ObservationFilter.doFilter(ObservationFilterChainDecorator.java:227)
	at org.springframework.security.web.ObservationFilterChainDecorator$VirtualFilterChain.doFilter(ObservationFilterChainDecorator.java:137)
	at org.springframework.security.web.access.ExceptionTranslationFilter.doFilter(ExceptionTranslationFilter.java:126)
	... 92 common frames omitted
2026-03-09 15:41:13.173 [http-nio-18080-exec-2] INFO  c.r.L.service.ContractReviewService - SSE连接完成: reviewId=1
2026-03-09 15:41:13.213 [http-nio-18080-exec-5] INFO  c.r.L.filter.RequestTrackingFilter - [REQUEST_END] traceId=f8555cf4, method=GET, uri=/api/v1/contracts/1, status=200, duration=13ms
2026-03-09 15:41:13.232 [http-nio-18080-exec-8] INFO  c.r.L.c.ContractReviewController - 用户 demo 请求下载PDF报告，审查ID: 1
2026-03-09 15:41:13.254 [http-nio-18080-exec-8] INFO  c.r.L.c.ContractReviewController - 从缓存读取PDF报告，审查ID: 1, 文件大小: 394778 bytes
2026-03-09 15:41:13.254 [http-nio-18080-exec-8] INFO  c.r.L.c.ContractReviewController - 生成最终报告文件名: contract-saas-procurement分析报告.pdf
2026-03-09 15:41:13.254 [http-nio-18080-exec-8] INFO  c.r.L.c.ContractReviewController - PDF报告准备下载 [缓存]，审查ID: 1, 文件大小: 394778 bytes, 文件名: contract-saas-procurement分析报告.pdf
2026-03-09 15:41:13.257 [http-nio-18080-exec-8] INFO  c.r.L.filter.RequestTrackingFilter - [REQUEST_END] traceId=3df7eade, method=GET, uri=/api/v1/contracts/1/report, status=200, duration=27ms
2026-03-09 15:41:13.648 [http-nio-18080-exec-10] INFO  c.r.L.service.FileStorageService - 文件已存在，跳过保存: F:\LegalAssistant\uploads\contracts\cbaf78431b447c93d0f3a428a34715d70902f4d51ec85c5effc0be0ea4eb02e7_contract-data-processing.md
2026-03-09 15:41:13.648 [http-nio-18080-exec-10] INFO  c.r.L.service.ContractReviewService - 创建待处理审查记录，用户: demo, 文件: contract-data-processing.md
2026-03-09 15:41:13.654 [http-nio-18080-exec-10] INFO  c.r.L.service.ContractReviewService - 待处理审查记录已创建 - ID: 2, 文件: contract-data-processing.md
2026-03-09 15:41:13.656 [http-nio-18080-exec-10] INFO  c.r.L.filter.RequestTrackingFilter - [REQUEST_END] traceId=81e43341, method=POST, uri=/api/v1/contracts/upload, status=202, duration=14ms
2026-03-09 15:41:13.656 [Async-3] INFO  c.r.L.service.ContractReviewService - 开始异步处理合同文件，审查ID: 2
2026-03-09 15:41:13.656 [Async-3] INFO  c.r.L.service.ContractReviewService - 异步处理线程: Async-3
2026-03-09 15:41:13.659 [Async-3] INFO  c.r.L.service.ContractReviewService - 开始解析文件: contract-data-processing.md, 路径: F:\LegalAssistant\uploads\contracts\cbaf78431b447c93d0f3a428a34715d70902f4d51ec85c5effc0be0ea4eb02e7_contract-data-processing.md
2026-03-09 15:41:13.660 [Async-3] INFO  c.r.L.service.DocumentParserService - 开始解析文档: contract-data-processing.md, 类型: md, 大小: 574 bytes
2026-03-09 15:41:13.660 [Async-3] INFO  c.r.L.service.DocumentParserService - 文档解析成功: contract-data-processing.md, 内容长度: 202 字符
2026-03-09 15:41:13.660 [Async-3] INFO  c.r.L.service.ContractReviewService - 文件解析成功: contract-data-processing.md, 内容长度: 202
2026-03-09 15:41:13.661 [Async-3] INFO  c.r.L.service.ContractReviewService - 文档解析完成，文本内容已保存: reviewId=2, 文本长度: 202
2026-03-09 15:41:13.661 [Async-3] INFO  c.r.L.service.EtlService - 开始处理文本内容，长度: 202 字符
2026-03-09 15:41:13.661 [Async-3] INFO  c.r.L.service.EtlService - 文本分块完成，生成 1 个文本块
2026-03-09 15:41:13.679 [http-nio-18080-exec-3] INFO  c.r.L.filter.RequestTrackingFilter - [REQUEST_END] traceId=136ed035, method=GET, uri=/api/v1/contracts/2, status=200, duration=11ms
2026-03-09 15:41:13.690 [http-nio-18080-exec-4] INFO  c.r.L.c.ContractReviewController - Starting async contract analysis: reviewId=2, allowQueryToken=false
2026-03-09 15:41:13.691 [http-nio-18080-exec-4] INFO  c.r.L.c.ContractReviewController - JWT validated for user demo, reviewId=2
2026-03-09 15:41:13.691 [http-nio-18080-exec-4] INFO  c.r.L.c.ContractReviewController - SSE connection established: reviewId=2
2026-03-09 15:41:13.692 [http-nio-18080-exec-4] INFO  c.r.L.filter.RequestTrackingFilter - [REQUEST_END] traceId=abd2c28f, method=POST, uri=/api/v1/contracts/2/analyze-async-auth, status=200, duration=3ms
2026-03-09 15:41:13.692 [Async-4] INFO  c.r.L.service.ContractReviewService - 开始异步分析合同（四步流程版），审查ID: 2
2026-03-09 15:41:13.693 [Async-4] INFO  c.r.L.service.ContractReviewService - 刷新审查记录（新事务）: reviewId=2
2026-03-09 15:41:13.695 [Async-4] INFO  c.r.L.service.ContractReviewService - 刷新完成，文本内容长度: 0
2026-03-09 15:41:13.795 [Async-3] INFO  c.r.L.service.EtlService - 文本内容处理完成，1 个向量块已存储
2026-03-09 15:41:13.795 [Async-3] INFO  c.r.L.service.ContractReviewService - 已成功将合同内容添加到AI知识库，审查ID: 2, 块数: 1
2026-03-09 15:41:13.796 [Async-3] INFO  c.r.L.service.ContractReviewService - 合同文件处理完成，审查ID: 2
2026-03-09 15:41:13.797 [Async-3] INFO  c.r.L.service.ContractReviewService - 异步处理合同文件方法结束，审查ID: 2
2026-03-09 15:41:14.712 [Async-4] INFO  c.r.L.service.ContractReviewService - 刷新审查记录（新事务）: reviewId=2
2026-03-09 15:41:14.717 [Async-4] INFO  c.r.L.service.ContractReviewService - 刷新完成，文本内容长度: 202
2026-03-09 15:41:14.718 [Async-4] INFO  c.r.L.service.ContractReviewService - 文件解析完成，等待时间: 1秒, reviewId=2
2026-03-09 15:41:14.719 [Async-4] INFO  c.r.L.service.ContractReviewService - 步骤1完成：文档解析成功, reviewId=2
2026-03-09 15:41:14.720 [Async-4] INFO  c.r.LegalAssistant.service.AiService - 进行结构化合同风险分析，内容长度: 202
2026-03-09 15:44:01.298 [Async-4] INFO  c.r.LegalAssistant.service.AiService - 结构化风险分析完成，识别出 10 个风险维度
2026-03-09 15:44:01.303 [Async-4] INFO  c.r.L.service.ContractReviewService - 步骤2完成：风险识别成功, reviewId=2
2026-03-09 15:44:01.305 [Async-4] INFO  c.r.L.service.AgentService - 开始分析合同关键条款，内容长度: 202
2026-03-09 15:45:28.281 [Async-4] INFO  c.r.L.service.AgentService - JSON格式验证成功，包含 10 个关键条款
2026-03-09 15:45:28.285 [Async-4] INFO  c.r.L.service.AgentService - 关键条款分析完成，原始响应长度: 3492, 清理后长度: 3480
2026-03-09 15:45:28.286 [Async-4] INFO  c.r.L.service.ContractReviewService - 关键条款分析成功，识别出 10 个关键条款
2026-03-09 15:45:28.286 [Async-4] INFO  c.r.L.service.ContractReviewService - 步骤3完成：条款分析成功, reviewId=2
2026-03-09 15:45:28.320 [Async-4] INFO  c.r.L.service.ContractReviewService - 步骤4完成：分析结果保存成功, reviewId=2
2026-03-09 15:45:28.327 [Async-4] INFO  c.r.L.s.ReportGenerationService - 开始生成PDF报告，审查ID: 2
2026-03-09 15:45:28.328 [Async-4] INFO  c.r.L.s.ReportGenerationService - 初始化PDF中文字体支持...
2026-03-09 15:45:28.328 [Async-4] INFO  c.r.L.s.ReportGenerationService - ✓ 成功加载系统字体: C:/Windows/Fonts/STSONG.TTF (华文宋体优先，PDF兼容性最佳)
2026-03-09 15:45:28.329 [Async-4] INFO  c.r.L.s.ReportGenerationService - ✓ PDF文档字体设置成功
2026-03-09 15:45:28.329 [Async-4] INFO  c.r.L.s.ReportGenerationService - 准备生成增强内容...
2026-03-09 15:45:28.329 [Async-4] INFO  c.r.L.s.ReportGenerationService - 使用DeepSeek生成增强报告内容（带降级处理），审查ID: 2
2026-03-09 15:45:28.329 [Async-4] INFO  c.r.L.s.ReportGenerationService - 使用结构化方式生成增强报告内容，审查ID: 2
2026-03-09 15:45:34.117 [Async-4] INFO  c.r.L.s.ReportGenerationService - 开始使用结构化内容生成器生成报告，合同内容长度: 202
2026-03-09 15:45:34.122 [ForkJoinPool.commonPool-worker-5] INFO  c.r.L.s.StructuredContentGenerator - 生成执行摘要结构化内容，审查ID: 2
2026-03-09 15:45:34.123 [ForkJoinPool.commonPool-worker-6] INFO  c.r.L.s.StructuredContentGenerator - 生成深度分析结构化内容，审查ID: 2
2026-03-09 15:45:34.123 [ForkJoinPool.commonPool-worker-7] INFO  c.r.L.s.StructuredContentGenerator - 生成改进建议结构化内容，审查ID: 2
2026-03-09 15:47:26.235 [Async-4] INFO  c.r.L.s.ReportGenerationService - 结构化内容生成成功
2026-03-09 15:47:26.240 [Async-4] INFO  c.r.L.s.ReportGenerationService - 结构化内容生成完成，耗时: 117911ms
2026-03-09 15:47:26.240 [Async-4] INFO  c.r.L.util.ReportContentValidator - 【报告完整性验证通过】所有必要内容齐全
2026-03-09 15:47:26.241 [Async-4] INFO  c.r.L.s.ReportGenerationService - ✓ 增强内容生成成功
2026-03-09 15:47:26.241 [Async-4] INFO  c.r.L.s.ReportGenerationService - 开始添加报告各部分内容...
2026-03-09 15:47:26.258 [Async-4] INFO  c.r.L.s.ReportGenerationService - AI分析内容过长(3388 字符)，截取摘要部分
2026-03-09 15:47:26.271 [Async-4] INFO  c.r.L.s.ReportGenerationService - 所有PDF内容添加完成
2026-03-09 15:47:26.307 [Async-4] INFO  c.r.L.s.ReportGenerationService - PDF报告生成成功，审查ID: 2, 文件大小: 385271 bytes
2026-03-09 15:47:26.309 [Async-4] INFO  c.r.L.service.ContractReviewService - PDF报告已保存到文件系统: F:\LegalAssistant\uploads\reports\2_report.pdf
2026-03-09 15:47:26.325 [Async-4] INFO  c.r.L.service.ContractReviewService - 步骤5完成：PDF报告生成并保存成功, reviewId=2, 文件大小: 385271 bytes
2026-03-09 15:47:26.334 [Async-4] INFO  c.r.L.service.ContractReviewService - 合同异步分析流程全部完成, reviewId=2
2026-03-09 15:47:26.337 [http-nio-18080-exec-7] ERROR o.a.c.c.C.[.[.[.[dispatcherServlet] - Servlet.service() for servlet [dispatcherServlet] threw exception
org.springframework.security.access.AccessDeniedException: Access Denied
	at org.springframework.security.web.access.intercept.AuthorizationFilter.doFilter(AuthorizationFilter.java:98)
	at org.springframework.security.web.ObservationFilterChainDecorator$ObservationFilter.wrapFilter(ObservationFilterChainDecorator.java:240)
	at org.springframework.security.web.ObservationFilterChainDecorator$ObservationFilter.doFilter(ObservationFilterChainDecorator.java:227)
	at org.springframework.security.web.ObservationFilterChainDecorator$VirtualFilterChain.doFilter(ObservationFilterChainDecorator.java:137)
	at org.springframework.security.web.access.ExceptionTranslationFilter.doFilter(ExceptionTranslationFilter.java:126)
	at org.springframework.security.web.access.ExceptionTranslationFilter.doFilter(ExceptionTranslationFilter.java:120)
	at org.springframework.security.web.ObservationFilterChainDecorator$ObservationFilter.wrapFilter(ObservationFilterChainDecorator.java:240)
	at org.springframework.security.web.ObservationFilterChainDecorator$ObservationFilter.doFilter(ObservationFilterChainDecorator.java:227)
	at org.springframework.security.web.ObservationFilterChainDecorator$VirtualFilterChain.doFilter(ObservationFilterChainDecorator.java:137)
	at org.springframework.security.web.session.SessionManagementFilter.doFilter(SessionManagementFilter.java:91)
	at org.springframework.security.web.session.SessionManagementFilter.doFilter(SessionManagementFilter.java:85)
	at org.springframework.security.web.ObservationFilterChainDecorator$ObservationFilter.wrapFilter(ObservationFilterChainDecorator.java:240)
	at org.springframework.security.web.ObservationFilterChainDecorator$ObservationFilter.doFilter(ObservationFilterChainDecorator.java:227)
	at org.springframework.security.web.ObservationFilterChainDecorator$VirtualFilterChain.doFilter(ObservationFilterChainDecorator.java:137)
	at org.springframework.security.web.authentication.AnonymousAuthenticationFilter.doFilter(AnonymousAuthenticationFilter.java:100)
	at org.springframework.security.web.ObservationFilterChainDecorator$ObservationFilter.wrapFilter(ObservationFilterChainDecorator.java:240)
	at org.springframework.security.web.ObservationFilterChainDecorator$ObservationFilter.doFilter(ObservationFilterChainDecorator.java:227)
	at org.springframework.security.web.ObservationFilterChainDecorator$VirtualFilterChain.doFilter(ObservationFilterChainDecorator.java:137)
	at org.springframework.security.web.servletapi.SecurityContextHolderAwareRequestFilter.doFilter(SecurityContextHolderAwareRequestFilter.java:179)
	at org.springframework.security.web.ObservationFilterChainDecorator$ObservationFilter.wrapFilter(ObservationFilterChainDecorator.java:240)
	at org.springframework.security.web.ObservationFilterChainDecorator$ObservationFilter.doFilter(ObservationFilterChainDecorator.java:227)
	at org.springframework.security.web.ObservationFilterChainDecorator$VirtualFilterChain.doFilter(ObservationFilterChainDecorator.java:137)
	at org.springframework.security.web.savedrequest.RequestCacheAwareFilter.doFilter(RequestCacheAwareFilter.java:63)
	at org.springframework.security.web.ObservationFilterChainDecorator$ObservationFilter.wrapFilter(ObservationFilterChainDecorator.java:240)
	at org.springframework.security.web.ObservationFilterChainDecorator$ObservationFilter.doFilter(ObservationFilterChainDecorator.java:227)
	at org.springframework.security.web.ObservationFilterChainDecorator$VirtualFilterChain.doFilter(ObservationFilterChainDecorator.java:137)
	at org.springframework.web.filter.OncePerRequestFilter.doFilter(OncePerRequestFilter.java:101)
	at org.springframework.security.web.ObservationFilterChainDecorator$ObservationFilter.wrapFilter(ObservationFilterChainDecorator.java:240)
	at org.springframework.security.web.ObservationFilterChainDecorator$ObservationFilter.doFilter(ObservationFilterChainDecorator.java:227)
	at org.springframework.security.web.ObservationFilterChainDecorator$VirtualFilterChain.doFilter(ObservationFilterChainDecorator.java:137)
	at org.springframework.security.web.authentication.logout.LogoutFilter.doFilter(LogoutFilter.java:107)
	at org.springframework.security.web.authentication.logout.LogoutFilter.doFilter(LogoutFilter.java:93)
	at org.springframework.security.web.ObservationFilterChainDecorator$ObservationFilter.wrapFilter(ObservationFilterChainDecorator.java:240)
	at org.springframework.security.web.ObservationFilterChainDecorator$ObservationFilter.doFilter(ObservationFilterChainDecorator.java:227)
	at org.springframework.security.web.ObservationFilterChainDecorator$VirtualFilterChain.doFilter(ObservationFilterChainDecorator.java:137)
	at org.springframework.web.filter.OncePerRequestFilter.doFilter(OncePerRequestFilter.java:101)
	at org.springframework.security.web.ObservationFilterChainDecorator$ObservationFilter.wrapFilter(ObservationFilterChainDecorator.java:240)
	at org.springframework.security.web.ObservationFilterChainDecorator$ObservationFilter.doFilter(ObservationFilterChainDecorator.java:227)
	at org.springframework.security.web.ObservationFilterChainDecorator$VirtualFilterChain.doFilter(ObservationFilterChainDecorator.java:137)
	at org.springframework.web.filter.OncePerRequestFilter.doFilter(OncePerRequestFilter.java:101)
	at org.springframework.security.web.ObservationFilterChainDecorator$ObservationFilter.wrapFilter(ObservationFilterChainDecorator.java:240)
	at org.springframework.security.web.ObservationFilterChainDecorator$ObservationFilter.doFilter(ObservationFilterChainDecorator.java:227)
	at org.springframework.security.web.ObservationFilterChainDecorator$VirtualFilterChain.doFilter(ObservationFilterChainDecorator.java:137)
	at org.springframework.security.web.context.SecurityContextHolderFilter.doFilter(SecurityContextHolderFilter.java:82)
	at org.springframework.security.web.context.SecurityContextHolderFilter.doFilter(SecurityContextHolderFilter.java:69)
	at org.springframework.security.web.ObservationFilterChainDecorator$ObservationFilter.wrapFilter(ObservationFilterChainDecorator.java:240)
	at org.springframework.security.web.ObservationFilterChainDecorator$ObservationFilter.doFilter(ObservationFilterChainDecorator.java:227)
	at org.springframework.security.web.ObservationFilterChainDecorator$VirtualFilterChain.doFilter(ObservationFilterChainDecorator.java:137)
	at org.springframework.web.filter.OncePerRequestFilter.doFilter(OncePerRequestFilter.java:101)
	at org.springframework.security.web.ObservationFilterChainDecorator$ObservationFilter.wrapFilter(ObservationFilterChainDecorator.java:240)
	at org.springframework.security.web.ObservationFilterChainDecorator$ObservationFilter.doFilter(ObservationFilterChainDecorator.java:227)
	at org.springframework.security.web.ObservationFilterChainDecorator$VirtualFilterChain.doFilter(ObservationFilterChainDecorator.java:137)
	at org.springframework.web.filter.OncePerRequestFilter.doFilter(OncePerRequestFilter.java:101)
	at org.springframework.security.web.ObservationFilterChainDecorator$ObservationFilter.wrapFilter(ObservationFilterChainDecorator.java:240)
	at org.springframework.security.web.ObservationFilterChainDecorator$AroundFilterObservation$SimpleAroundFilterObservation.lambda$wrap$0(ObservationFilterChainDecorator.java:323)
	at org.springframework.security.web.ObservationFilterChainDecorator$ObservationFilter.doFilter(ObservationFilterChainDecorator.java:224)
	at org.springframework.security.web.ObservationFilterChainDecorator$VirtualFilterChain.doFilter(ObservationFilterChainDecorator.java:137)
	at org.springframework.security.web.FilterChainProxy.doFilterInternal(FilterChainProxy.java:233)
	at org.springframework.security.web.FilterChainProxy.doFilter(FilterChainProxy.java:191)
	at org.springframework.web.filter.CompositeFilter$VirtualFilterChain.doFilter(CompositeFilter.java:113)
	at org.springframework.web.servlet.handler.HandlerMappingIntrospector.lambda$createCacheFilter$3(HandlerMappingIntrospector.java:195)
	at org.springframework.web.filter.CompositeFilter$VirtualFilterChain.doFilter(CompositeFilter.java:113)
	at org.springframework.web.filter.CompositeFilter.doFilter(CompositeFilter.java:74)
	at org.springframework.security.config.annotation.web.configuration.WebMvcSecurityConfiguration$CompositeFilterChainProxy.doFilter(WebMvcSecurityConfiguration.java:230)
	at org.springframework.web.filter.DelegatingFilterProxy.invokeDelegate(DelegatingFilterProxy.java:352)
	at org.springframework.web.filter.DelegatingFilterProxy.doFilter(DelegatingFilterProxy.java:268)
	at org.apache.catalina.core.ApplicationFilterChain.internalDoFilter(ApplicationFilterChain.java:164)
	at org.apache.catalina.core.ApplicationFilterChain.doFilter(ApplicationFilterChain.java:140)
	at org.springframework.web.filter.RequestContextFilter.doFilterInternal(RequestContextFilter.java:100)
	at org.springframework.web.filter.OncePerRequestFilter.doFilter(OncePerRequestFilter.java:116)
	at org.apache.catalina.core.ApplicationFilterChain.internalDoFilter(ApplicationFilterChain.java:164)
	at org.apache.catalina.core.ApplicationFilterChain.doFilter(ApplicationFilterChain.java:140)
	at org.springframework.web.filter.OncePerRequestFilter.doFilter(OncePerRequestFilter.java:101)
	at org.apache.catalina.core.ApplicationFilterChain.internalDoFilter(ApplicationFilterChain.java:164)
	at org.apache.catalina.core.ApplicationFilterChain.doFilter(ApplicationFilterChain.java:140)
	at org.springframework.web.filter.ServerHttpObservationFilter.doFilterInternal(ServerHttpObservationFilter.java:113)
	at org.springframework.web.filter.OncePerRequestFilter.doFilter(OncePerRequestFilter.java:116)
	at org.apache.catalina.core.ApplicationFilterChain.internalDoFilter(ApplicationFilterChain.java:164)
	at org.apache.catalina.core.ApplicationFilterChain.doFilter(ApplicationFilterChain.java:140)
	at org.springframework.web.filter.OncePerRequestFilter.doFilter(OncePerRequestFilter.java:101)
	at org.apache.catalina.core.ApplicationFilterChain.internalDoFilter(ApplicationFilterChain.java:164)
	at org.apache.catalina.core.ApplicationFilterChain.doFilter(ApplicationFilterChain.java:140)
	at org.apache.catalina.core.ApplicationDispatcher.invoke(ApplicationDispatcher.java:632)
	at org.apache.catalina.core.ApplicationDispatcher.doDispatch(ApplicationDispatcher.java:560)
	at org.apache.catalina.core.ApplicationDispatcher.dispatch(ApplicationDispatcher.java:531)
	at org.apache.catalina.core.AsyncContextImpl$AsyncRunnable.run(AsyncContextImpl.java:601)
	at org.apache.catalina.core.AsyncContextImpl.doInternalDispatch(AsyncContextImpl.java:344)
	at org.apache.catalina.core.StandardWrapperValve.invoke(StandardWrapperValve.java:165)
	at org.apache.catalina.core.StandardContextValve.invoke(StandardContextValve.java:90)
	at org.apache.catalina.authenticator.AuthenticatorBase.invoke(AuthenticatorBase.java:483)
	at org.apache.catalina.core.StandardHostValve.invoke(StandardHostValve.java:115)
	at org.apache.catalina.valves.ErrorReportValve.invoke(ErrorReportValve.java:93)
	at org.apache.catalina.core.StandardEngineValve.invoke(StandardEngineValve.java:74)
	at org.apache.catalina.connector.CoyoteAdapter.asyncDispatch(CoyoteAdapter.java:239)
	at org.apache.coyote.AbstractProcessor.dispatch(AbstractProcessor.java:243)
	at org.apache.coyote.AbstractProcessorLight.process(AbstractProcessorLight.java:57)
	at org.apache.coyote.AbstractProtocol$ConnectionHandler.process(AbstractProtocol.java:905)
	at org.apache.tomcat.util.net.NioEndpoint$SocketProcessor.doRun(NioEndpoint.java:1741)
	at org.apache.tomcat.util.net.SocketProcessorBase.run(SocketProcessorBase.java:52)
	at org.apache.tomcat.util.threads.ThreadPoolExecutor.runWorker(ThreadPoolExecutor.java:1190)
	at org.apache.tomcat.util.threads.ThreadPoolExecutor$Worker.run(ThreadPoolExecutor.java:659)
	at org.apache.tomcat.util.threads.TaskThread$WrappingRunnable.run(TaskThread.java:63)
	at java.base/java.lang.Thread.run(Thread.java:1583)
2026-03-09 15:47:26.338 [http-nio-18080-exec-7] ERROR o.a.c.c.C.[.[.[.[dispatcherServlet] - Servlet.service() for servlet [dispatcherServlet] in context with path [/api/v1] threw exception [Unable to handle the Spring Security Exception because the response is already committed.] with root cause
org.springframework.security.access.AccessDeniedException: Access Denied
	at org.springframework.security.web.access.intercept.AuthorizationFilter.doFilter(AuthorizationFilter.java:98)
	at org.springframework.security.web.ObservationFilterChainDecorator$ObservationFilter.wrapFilter(ObservationFilterChainDecorator.java:240)
	at org.springframework.security.web.ObservationFilterChainDecorator$ObservationFilter.doFilter(ObservationFilterChainDecorator.java:227)
	at org.springframework.security.web.ObservationFilterChainDecorator$VirtualFilterChain.doFilter(ObservationFilterChainDecorator.java:137)
	at org.springframework.security.web.access.ExceptionTranslationFilter.doFilter(ExceptionTranslationFilter.java:126)
	at org.springframework.security.web.access.ExceptionTranslationFilter.doFilter(ExceptionTranslationFilter.java:120)
	at org.springframework.security.web.ObservationFilterChainDecorator$ObservationFilter.wrapFilter(ObservationFilterChainDecorator.java:240)
	at org.springframework.security.web.ObservationFilterChainDecorator$ObservationFilter.doFilter(ObservationFilterChainDecorator.java:227)
	at org.springframework.security.web.ObservationFilterChainDecorator$VirtualFilterChain.doFilter(ObservationFilterChainDecorator.java:137)
	at org.springframework.security.web.session.SessionManagementFilter.doFilter(SessionManagementFilter.java:91)
	at org.springframework.security.web.session.SessionManagementFilter.doFilter(SessionManagementFilter.java:85)
	at org.springframework.security.web.ObservationFilterChainDecorator$ObservationFilter.wrapFilter(ObservationFilterChainDecorator.java:240)
	at org.springframework.security.web.ObservationFilterChainDecorator$ObservationFilter.doFilter(ObservationFilterChainDecorator.java:227)
	at org.springframework.security.web.ObservationFilterChainDecorator$VirtualFilterChain.doFilter(ObservationFilterChainDecorator.java:137)
	at org.springframework.security.web.authentication.AnonymousAuthenticationFilter.doFilter(AnonymousAuthenticationFilter.java:100)
	at org.springframework.security.web.ObservationFilterChainDecorator$ObservationFilter.wrapFilter(ObservationFilterChainDecorator.java:240)
	at org.springframework.security.web.ObservationFilterChainDecorator$ObservationFilter.doFilter(ObservationFilterChainDecorator.java:227)
	at org.springframework.security.web.ObservationFilterChainDecorator$VirtualFilterChain.doFilter(ObservationFilterChainDecorator.java:137)
	at org.springframework.security.web.servletapi.SecurityContextHolderAwareRequestFilter.doFilter(SecurityContextHolderAwareRequestFilter.java:179)
	at org.springframework.security.web.ObservationFilterChainDecorator$ObservationFilter.wrapFilter(ObservationFilterChainDecorator.java:240)
	at org.springframework.security.web.ObservationFilterChainDecorator$ObservationFilter.doFilter(ObservationFilterChainDecorator.java:227)
	at org.springframework.security.web.ObservationFilterChainDecorator$VirtualFilterChain.doFilter(ObservationFilterChainDecorator.java:137)
	at org.springframework.security.web.savedrequest.RequestCacheAwareFilter.doFilter(RequestCacheAwareFilter.java:63)
	at org.springframework.security.web.ObservationFilterChainDecorator$ObservationFilter.wrapFilter(ObservationFilterChainDecorator.java:240)
	at org.springframework.security.web.ObservationFilterChainDecorator$ObservationFilter.doFilter(ObservationFilterChainDecorator.java:227)
	at org.springframework.security.web.ObservationFilterChainDecorator$VirtualFilterChain.doFilter(ObservationFilterChainDecorator.java:137)
	at org.springframework.web.filter.OncePerRequestFilter.doFilter(OncePerRequestFilter.java:101)
	at org.springframework.security.web.ObservationFilterChainDecorator$ObservationFilter.wrapFilter(ObservationFilterChainDecorator.java:240)
	at org.springframework.security.web.ObservationFilterChainDecorator$ObservationFilter.doFilter(ObservationFilterChainDecorator.java:227)
	at org.springframework.security.web.ObservationFilterChainDecorator$VirtualFilterChain.doFilter(ObservationFilterChainDecorator.java:137)
	at org.springframework.security.web.authentication.logout.LogoutFilter.doFilter(LogoutFilter.java:107)
	at org.springframework.security.web.authentication.logout.LogoutFilter.doFilter(LogoutFilter.java:93)
	at org.springframework.security.web.ObservationFilterChainDecorator$ObservationFilter.wrapFilter(ObservationFilterChainDecorator.java:240)
	at org.springframework.security.web.ObservationFilterChainDecorator$ObservationFilter.doFilter(ObservationFilterChainDecorator.java:227)
	at org.springframework.security.web.ObservationFilterChainDecorator$VirtualFilterChain.doFilter(ObservationFilterChainDecorator.java:137)
	at org.springframework.web.filter.OncePerRequestFilter.doFilter(OncePerRequestFilter.java:101)
	at org.springframework.security.web.ObservationFilterChainDecorator$ObservationFilter.wrapFilter(ObservationFilterChainDecorator.java:240)
	at org.springframework.security.web.ObservationFilterChainDecorator$ObservationFilter.doFilter(ObservationFilterChainDecorator.java:227)
	at org.springframework.security.web.ObservationFilterChainDecorator$VirtualFilterChain.doFilter(ObservationFilterChainDecorator.java:137)
	at org.springframework.web.filter.OncePerRequestFilter.doFilter(OncePerRequestFilter.java:101)
	at org.springframework.security.web.ObservationFilterChainDecorator$ObservationFilter.wrapFilter(ObservationFilterChainDecorator.java:240)
	at org.springframework.security.web.ObservationFilterChainDecorator$ObservationFilter.doFilter(ObservationFilterChainDecorator.java:227)
	at org.springframework.security.web.ObservationFilterChainDecorator$VirtualFilterChain.doFilter(ObservationFilterChainDecorator.java:137)
	at org.springframework.security.web.context.SecurityContextHolderFilter.doFilter(SecurityContextHolderFilter.java:82)
	at org.springframework.security.web.context.SecurityContextHolderFilter.doFilter(SecurityContextHolderFilter.java:69)
	at org.springframework.security.web.ObservationFilterChainDecorator$ObservationFilter.wrapFilter(ObservationFilterChainDecorator.java:240)
	at org.springframework.security.web.ObservationFilterChainDecorator$ObservationFilter.doFilter(ObservationFilterChainDecorator.java:227)
	at org.springframework.security.web.ObservationFilterChainDecorator$VirtualFilterChain.doFilter(ObservationFilterChainDecorator.java:137)
	at org.springframework.web.filter.OncePerRequestFilter.doFilter(OncePerRequestFilter.java:101)
	at org.springframework.security.web.ObservationFilterChainDecorator$ObservationFilter.wrapFilter(ObservationFilterChainDecorator.java:240)
	at org.springframework.security.web.ObservationFilterChainDecorator$ObservationFilter.doFilter(ObservationFilterChainDecorator.java:227)
	at org.springframework.security.web.ObservationFilterChainDecorator$VirtualFilterChain.doFilter(ObservationFilterChainDecorator.java:137)
	at org.springframework.web.filter.OncePerRequestFilter.doFilter(OncePerRequestFilter.java:101)
	at org.springframework.security.web.ObservationFilterChainDecorator$ObservationFilter.wrapFilter(ObservationFilterChainDecorator.java:240)
	at org.springframework.security.web.ObservationFilterChainDecorator$AroundFilterObservation$SimpleAroundFilterObservation.lambda$wrap$0(ObservationFilterChainDecorator.java:323)
	at org.springframework.security.web.ObservationFilterChainDecorator$ObservationFilter.doFilter(ObservationFilterChainDecorator.java:224)
	at org.springframework.security.web.ObservationFilterChainDecorator$VirtualFilterChain.doFilter(ObservationFilterChainDecorator.java:137)
	at org.springframework.security.web.FilterChainProxy.doFilterInternal(FilterChainProxy.java:233)
	at org.springframework.security.web.FilterChainProxy.doFilter(FilterChainProxy.java:191)
	at org.springframework.web.filter.CompositeFilter$VirtualFilterChain.doFilter(CompositeFilter.java:113)
	at org.springframework.web.servlet.handler.HandlerMappingIntrospector.lambda$createCacheFilter$3(HandlerMappingIntrospector.java:195)
	at org.springframework.web.filter.CompositeFilter$VirtualFilterChain.doFilter(CompositeFilter.java:113)
	at org.springframework.web.filter.CompositeFilter.doFilter(CompositeFilter.java:74)
	at org.springframework.security.config.annotation.web.configuration.WebMvcSecurityConfiguration$CompositeFilterChainProxy.doFilter(WebMvcSecurityConfiguration.java:230)
	at org.springframework.web.filter.DelegatingFilterProxy.invokeDelegate(DelegatingFilterProxy.java:352)
	at org.springframework.web.filter.DelegatingFilterProxy.doFilter(DelegatingFilterProxy.java:268)
	at org.apache.catalina.core.ApplicationFilterChain.internalDoFilter(ApplicationFilterChain.java:164)
	at org.apache.catalina.core.ApplicationFilterChain.doFilter(ApplicationFilterChain.java:140)
	at org.springframework.web.filter.RequestContextFilter.doFilterInternal(RequestContextFilter.java:100)
	at org.springframework.web.filter.OncePerRequestFilter.doFilter(OncePerRequestFilter.java:116)
	at org.apache.catalina.core.ApplicationFilterChain.internalDoFilter(ApplicationFilterChain.java:164)
	at org.apache.catalina.core.ApplicationFilterChain.doFilter(ApplicationFilterChain.java:140)
	at org.springframework.web.filter.OncePerRequestFilter.doFilter(OncePerRequestFilter.java:101)
	at org.apache.catalina.core.ApplicationFilterChain.internalDoFilter(ApplicationFilterChain.java:164)
	at org.apache.catalina.core.ApplicationFilterChain.doFilter(ApplicationFilterChain.java:140)
	at org.springframework.web.filter.ServerHttpObservationFilter.doFilterInternal(ServerHttpObservationFilter.java:113)
	at org.springframework.web.filter.OncePerRequestFilter.doFilter(OncePerRequestFilter.java:116)
	at org.apache.catalina.core.ApplicationFilterChain.internalDoFilter(ApplicationFilterChain.java:164)
	at org.apache.catalina.core.ApplicationFilterChain.doFilter(ApplicationFilterChain.java:140)
	at org.springframework.web.filter.OncePerRequestFilter.doFilter(OncePerRequestFilter.java:101)
	at org.apache.catalina.core.ApplicationFilterChain.internalDoFilter(ApplicationFilterChain.java:164)
	at org.apache.catalina.core.ApplicationFilterChain.doFilter(ApplicationFilterChain.java:140)
	at org.apache.catalina.core.ApplicationDispatcher.invoke(ApplicationDispatcher.java:632)
	at org.apache.catalina.core.ApplicationDispatcher.doDispatch(ApplicationDispatcher.java:560)
	at org.apache.catalina.core.ApplicationDispatcher.dispatch(ApplicationDispatcher.java:531)
	at org.apache.catalina.core.AsyncContextImpl$AsyncRunnable.run(AsyncContextImpl.java:601)
	at org.apache.catalina.core.AsyncContextImpl.doInternalDispatch(AsyncContextImpl.java:344)
	at org.apache.catalina.core.StandardWrapperValve.invoke(StandardWrapperValve.java:165)
	at org.apache.catalina.core.StandardContextValve.invoke(StandardContextValve.java:90)
	at org.apache.catalina.authenticator.AuthenticatorBase.invoke(AuthenticatorBase.java:483)
	at org.apache.catalina.core.StandardHostValve.invoke(StandardHostValve.java:115)
	at org.apache.catalina.valves.ErrorReportValve.invoke(ErrorReportValve.java:93)
	at org.apache.catalina.core.StandardEngineValve.invoke(StandardEngineValve.java:74)
	at org.apache.catalina.connector.CoyoteAdapter.asyncDispatch(CoyoteAdapter.java:239)
	at org.apache.coyote.AbstractProcessor.dispatch(AbstractProcessor.java:243)
	at org.apache.coyote.AbstractProcessorLight.process(AbstractProcessorLight.java:57)
	at org.apache.coyote.AbstractProtocol$ConnectionHandler.process(AbstractProtocol.java:905)
	at org.apache.tomcat.util.net.NioEndpoint$SocketProcessor.doRun(NioEndpoint.java:1741)
	at org.apache.tomcat.util.net.SocketProcessorBase.run(SocketProcessorBase.java:52)
	at org.apache.tomcat.util.threads.ThreadPoolExecutor.runWorker(ThreadPoolExecutor.java:1190)
	at org.apache.tomcat.util.threads.ThreadPoolExecutor$Worker.run(ThreadPoolExecutor.java:659)
	at org.apache.tomcat.util.threads.TaskThread$WrappingRunnable.run(TaskThread.java:63)
	at java.base/java.lang.Thread.run(Thread.java:1583)
2026-03-09 15:47:26.339 [http-nio-18080-exec-7] ERROR o.a.c.c.C.[.[.[.[dispatcherServlet] - Servlet.service() for servlet [dispatcherServlet] threw exception
org.springframework.security.access.AccessDeniedException: Access Denied
	at org.springframework.security.web.access.intercept.AuthorizationFilter.doFilter(AuthorizationFilter.java:98)
	at org.springframework.security.web.ObservationFilterChainDecorator$ObservationFilter.wrapFilter(ObservationFilterChainDecorator.java:240)
	at org.springframework.security.web.ObservationFilterChainDecorator$ObservationFilter.doFilter(ObservationFilterChainDecorator.java:227)
	at org.springframework.security.web.ObservationFilterChainDecorator$VirtualFilterChain.doFilter(ObservationFilterChainDecorator.java:137)
	at org.springframework.security.web.access.ExceptionTranslationFilter.doFilter(ExceptionTranslationFilter.java:126)
	at org.springframework.security.web.access.ExceptionTranslationFilter.doFilter(ExceptionTranslationFilter.java:120)
	at org.springframework.security.web.ObservationFilterChainDecorator$ObservationFilter.wrapFilter(ObservationFilterChainDecorator.java:240)
	at org.springframework.security.web.ObservationFilterChainDecorator$ObservationFilter.doFilter(ObservationFilterChainDecorator.java:227)
	at org.springframework.security.web.ObservationFilterChainDecorator$VirtualFilterChain.doFilter(ObservationFilterChainDecorator.java:137)
	at org.springframework.security.web.session.SessionManagementFilter.doFilter(SessionManagementFilter.java:91)
	at org.springframework.security.web.session.SessionManagementFilter.doFilter(SessionManagementFilter.java:85)
	at org.springframework.security.web.ObservationFilterChainDecorator$ObservationFilter.wrapFilter(ObservationFilterChainDecorator.java:240)
	at org.springframework.security.web.ObservationFilterChainDecorator$ObservationFilter.doFilter(ObservationFilterChainDecorator.java:227)
	at org.springframework.security.web.ObservationFilterChainDecorator$VirtualFilterChain.doFilter(ObservationFilterChainDecorator.java:137)
	at org.springframework.security.web.authentication.AnonymousAuthenticationFilter.doFilter(AnonymousAuthenticationFilter.java:100)
	at org.springframework.security.web.ObservationFilterChainDecorator$ObservationFilter.wrapFilter(ObservationFilterChainDecorator.java:240)
	at org.springframework.security.web.ObservationFilterChainDecorator$ObservationFilter.doFilter(ObservationFilterChainDecorator.java:227)
	at org.springframework.security.web.ObservationFilterChainDecorator$VirtualFilterChain.doFilter(ObservationFilterChainDecorator.java:137)
	at org.springframework.security.web.servletapi.SecurityContextHolderAwareRequestFilter.doFilter(SecurityContextHolderAwareRequestFilter.java:179)
	at org.springframework.security.web.ObservationFilterChainDecorator$ObservationFilter.wrapFilter(ObservationFilterChainDecorator.java:240)
	at org.springframework.security.web.ObservationFilterChainDecorator$ObservationFilter.doFilter(ObservationFilterChainDecorator.java:227)
	at org.springframework.security.web.ObservationFilterChainDecorator$VirtualFilterChain.doFilter(ObservationFilterChainDecorator.java:137)
	at org.springframework.security.web.savedrequest.RequestCacheAwareFilter.doFilter(RequestCacheAwareFilter.java:63)
	at org.springframework.security.web.ObservationFilterChainDecorator$ObservationFilter.wrapFilter(ObservationFilterChainDecorator.java:240)
	at org.springframework.security.web.ObservationFilterChainDecorator$ObservationFilter.doFilter(ObservationFilterChainDecorator.java:227)
	at org.springframework.security.web.ObservationFilterChainDecorator$VirtualFilterChain.doFilter(ObservationFilterChainDecorator.java:137)
	at org.springframework.web.filter.OncePerRequestFilter.doFilter(OncePerRequestFilter.java:101)
	at org.springframework.security.web.ObservationFilterChainDecorator$ObservationFilter.wrapFilter(ObservationFilterChainDecorator.java:240)
	at org.springframework.security.web.ObservationFilterChainDecorator$ObservationFilter.doFilter(ObservationFilterChainDecorator.java:227)
	at org.springframework.security.web.ObservationFilterChainDecorator$VirtualFilterChain.doFilter(ObservationFilterChainDecorator.java:137)
	at org.springframework.security.web.authentication.logout.LogoutFilter.doFilter(LogoutFilter.java:107)
	at org.springframework.security.web.authentication.logout.LogoutFilter.doFilter(LogoutFilter.java:93)
	at org.springframework.security.web.ObservationFilterChainDecorator$ObservationFilter.wrapFilter(ObservationFilterChainDecorator.java:240)
	at org.springframework.security.web.ObservationFilterChainDecorator$ObservationFilter.doFilter(ObservationFilterChainDecorator.java:227)
	at org.springframework.security.web.ObservationFilterChainDecorator$VirtualFilterChain.doFilter(ObservationFilterChainDecorator.java:137)
	at org.springframework.web.filter.OncePerRequestFilter.doFilter(OncePerRequestFilter.java:101)
	at org.springframework.security.web.ObservationFilterChainDecorator$ObservationFilter.wrapFilter(ObservationFilterChainDecorator.java:240)
	at org.springframework.security.web.ObservationFilterChainDecorator$ObservationFilter.doFilter(ObservationFilterChainDecorator.java:227)
	at org.springframework.security.web.ObservationFilterChainDecorator$VirtualFilterChain.doFilter(ObservationFilterChainDecorator.java:137)
	at org.springframework.web.filter.OncePerRequestFilter.doFilter(OncePerRequestFilter.java:101)
	at org.springframework.security.web.ObservationFilterChainDecorator$ObservationFilter.wrapFilter(ObservationFilterChainDecorator.java:240)
	at org.springframework.security.web.ObservationFilterChainDecorator$ObservationFilter.doFilter(ObservationFilterChainDecorator.java:227)
	at org.springframework.security.web.ObservationFilterChainDecorator$VirtualFilterChain.doFilter(ObservationFilterChainDecorator.java:137)
	at org.springframework.security.web.context.SecurityContextHolderFilter.doFilter(SecurityContextHolderFilter.java:82)
	at org.springframework.security.web.context.SecurityContextHolderFilter.doFilter(SecurityContextHolderFilter.java:69)
	at org.springframework.security.web.ObservationFilterChainDecorator$ObservationFilter.wrapFilter(ObservationFilterChainDecorator.java:240)
	at org.springframework.security.web.ObservationFilterChainDecorator$ObservationFilter.doFilter(ObservationFilterChainDecorator.java:227)
	at org.springframework.security.web.ObservationFilterChainDecorator$VirtualFilterChain.doFilter(ObservationFilterChainDecorator.java:137)
	at org.springframework.web.filter.OncePerRequestFilter.doFilter(OncePerRequestFilter.java:101)
	at org.springframework.security.web.ObservationFilterChainDecorator$ObservationFilter.wrapFilter(ObservationFilterChainDecorator.java:240)
	at org.springframework.security.web.ObservationFilterChainDecorator$ObservationFilter.doFilter(ObservationFilterChainDecorator.java:227)
	at org.springframework.security.web.ObservationFilterChainDecorator$VirtualFilterChain.doFilter(ObservationFilterChainDecorator.java:137)
	at org.springframework.web.filter.OncePerRequestFilter.doFilter(OncePerRequestFilter.java:101)
	at org.springframework.security.web.ObservationFilterChainDecorator$ObservationFilter.wrapFilter(ObservationFilterChainDecorator.java:240)
	at org.springframework.security.web.ObservationFilterChainDecorator$AroundFilterObservation$SimpleAroundFilterObservation.lambda$wrap$0(ObservationFilterChainDecorator.java:323)
	at org.springframework.security.web.ObservationFilterChainDecorator$ObservationFilter.doFilter(ObservationFilterChainDecorator.java:224)
	at org.springframework.security.web.ObservationFilterChainDecorator$VirtualFilterChain.doFilter(ObservationFilterChainDecorator.java:137)
	at org.springframework.security.web.FilterChainProxy.doFilterInternal(FilterChainProxy.java:233)
	at org.springframework.security.web.FilterChainProxy.doFilter(FilterChainProxy.java:191)
	at org.springframework.web.filter.CompositeFilter$VirtualFilterChain.doFilter(CompositeFilter.java:113)
	at org.springframework.web.servlet.handler.HandlerMappingIntrospector.lambda$createCacheFilter$3(HandlerMappingIntrospector.java:195)
	at org.springframework.web.filter.CompositeFilter$VirtualFilterChain.doFilter(CompositeFilter.java:113)
	at org.springframework.web.filter.CompositeFilter.doFilter(CompositeFilter.java:74)
	at org.springframework.security.config.annotation.web.configuration.WebMvcSecurityConfiguration$CompositeFilterChainProxy.doFilter(WebMvcSecurityConfiguration.java:230)
	at org.springframework.web.filter.DelegatingFilterProxy.invokeDelegate(DelegatingFilterProxy.java:352)
	at org.springframework.web.filter.DelegatingFilterProxy.doFilter(DelegatingFilterProxy.java:268)
	at org.apache.catalina.core.ApplicationFilterChain.internalDoFilter(ApplicationFilterChain.java:164)
	at org.apache.catalina.core.ApplicationFilterChain.doFilter(ApplicationFilterChain.java:140)
	at org.springframework.web.filter.RequestContextFilter.doFilterInternal(RequestContextFilter.java:100)
	at org.springframework.web.filter.OncePerRequestFilter.doFilter(OncePerRequestFilter.java:116)
	at org.apache.catalina.core.ApplicationFilterChain.internalDoFilter(ApplicationFilterChain.java:164)
	at org.apache.catalina.core.ApplicationFilterChain.doFilter(ApplicationFilterChain.java:140)
	at org.springframework.web.filter.OncePerRequestFilter.doFilter(OncePerRequestFilter.java:101)
	at org.apache.catalina.core.ApplicationFilterChain.internalDoFilter(ApplicationFilterChain.java:164)
	at org.apache.catalina.core.ApplicationFilterChain.doFilter(ApplicationFilterChain.java:140)
	at org.springframework.web.filter.OncePerRequestFilter.doFilter(OncePerRequestFilter.java:101)
	at org.apache.catalina.core.ApplicationFilterChain.internalDoFilter(ApplicationFilterChain.java:164)
	at org.apache.catalina.core.ApplicationFilterChain.doFilter(ApplicationFilterChain.java:140)
	at org.apache.catalina.core.ApplicationDispatcher.invoke(ApplicationDispatcher.java:632)
	at org.apache.catalina.core.ApplicationDispatcher.doInclude(ApplicationDispatcher.java:510)
	at org.apache.catalina.core.ApplicationDispatcher.include(ApplicationDispatcher.java:453)
	at org.apache.catalina.core.StandardHostValve.custom(StandardHostValve.java:343)
	at org.apache.catalina.core.StandardHostValve.status(StandardHostValve.java:222)
	at org.apache.catalina.core.StandardHostValve.throwable(StandardHostValve.java:308)
	at org.apache.catalina.core.StandardHostValve.invoke(StandardHostValve.java:149)
	at org.apache.catalina.valves.ErrorReportValve.invoke(ErrorReportValve.java:93)
	at org.apache.catalina.core.StandardEngineValve.invoke(StandardEngineValve.java:74)
	at org.apache.catalina.connector.CoyoteAdapter.asyncDispatch(CoyoteAdapter.java:239)
	at org.apache.coyote.AbstractProcessor.dispatch(AbstractProcessor.java:243)
	at org.apache.coyote.AbstractProcessorLight.process(AbstractProcessorLight.java:57)
	at org.apache.coyote.AbstractProtocol$ConnectionHandler.process(AbstractProtocol.java:905)
	at org.apache.tomcat.util.net.NioEndpoint$SocketProcessor.doRun(NioEndpoint.java:1741)
	at org.apache.tomcat.util.net.SocketProcessorBase.run(SocketProcessorBase.java:52)
	at org.apache.tomcat.util.threads.ThreadPoolExecutor.runWorker(ThreadPoolExecutor.java:1190)
	at org.apache.tomcat.util.threads.ThreadPoolExecutor$Worker.run(ThreadPoolExecutor.java:659)
	at org.apache.tomcat.util.threads.TaskThread$WrappingRunnable.run(TaskThread.java:63)
	at java.base/java.lang.Thread.run(Thread.java:1583)
2026-03-09 15:47:26.339 [http-nio-18080-exec-7] ERROR o.a.c.c.C.[Tomcat].[localhost] - Exception Processing [ErrorPage[errorCode=0, location=/error]]
jakarta.servlet.ServletException: Unable to handle the Spring Security Exception because the response is already committed.
	at org.springframework.security.web.access.ExceptionTranslationFilter.doFilter(ExceptionTranslationFilter.java:144)
	at org.springframework.security.web.access.ExceptionTranslationFilter.doFilter(ExceptionTranslationFilter.java:120)
	at org.springframework.security.web.ObservationFilterChainDecorator$ObservationFilter.wrapFilter(ObservationFilterChainDecorator.java:240)
	at org.springframework.security.web.ObservationFilterChainDecorator$ObservationFilter.doFilter(ObservationFilterChainDecorator.java:227)
	at org.springframework.security.web.ObservationFilterChainDecorator$VirtualFilterChain.doFilter(ObservationFilterChainDecorator.java:137)
	at org.springframework.security.web.session.SessionManagementFilter.doFilter(SessionManagementFilter.java:91)
	at org.springframework.security.web.session.SessionManagementFilter.doFilter(SessionManagementFilter.java:85)
	at org.springframework.security.web.ObservationFilterChainDecorator$ObservationFilter.wrapFilter(ObservationFilterChainDecorator.java:240)
	at org.springframework.security.web.ObservationFilterChainDecorator$ObservationFilter.doFilter(ObservationFilterChainDecorator.java:227)
	at org.springframework.security.web.ObservationFilterChainDecorator$VirtualFilterChain.doFilter(ObservationFilterChainDecorator.java:137)
	at org.springframework.security.web.authentication.AnonymousAuthenticationFilter.doFilter(AnonymousAuthenticationFilter.java:100)
	at org.springframework.security.web.ObservationFilterChainDecorator$ObservationFilter.wrapFilter(ObservationFilterChainDecorator.java:240)
	at org.springframework.security.web.ObservationFilterChainDecorator$ObservationFilter.doFilter(ObservationFilterChainDecorator.java:227)
	at org.springframework.security.web.ObservationFilterChainDecorator$VirtualFilterChain.doFilter(ObservationFilterChainDecorator.java:137)
	at org.springframework.security.web.servletapi.SecurityContextHolderAwareRequestFilter.doFilter(SecurityContextHolderAwareRequestFilter.java:179)
	at org.springframework.security.web.ObservationFilterChainDecorator$ObservationFilter.wrapFilter(ObservationFilterChainDecorator.java:240)
	at org.springframework.security.web.ObservationFilterChainDecorator$ObservationFilter.doFilter(ObservationFilterChainDecorator.java:227)
	at org.springframework.security.web.ObservationFilterChainDecorator$VirtualFilterChain.doFilter(ObservationFilterChainDecorator.java:137)
	at org.springframework.security.web.savedrequest.RequestCacheAwareFilter.doFilter(RequestCacheAwareFilter.java:63)
	at org.springframework.security.web.ObservationFilterChainDecorator$ObservationFilter.wrapFilter(ObservationFilterChainDecorator.java:240)
	at org.springframework.security.web.ObservationFilterChainDecorator$ObservationFilter.doFilter(ObservationFilterChainDecorator.java:227)
	at org.springframework.security.web.ObservationFilterChainDecorator$VirtualFilterChain.doFilter(ObservationFilterChainDecorator.java:137)
	at org.springframework.web.filter.OncePerRequestFilter.doFilter(OncePerRequestFilter.java:101)
	at org.springframework.security.web.ObservationFilterChainDecorator$ObservationFilter.wrapFilter(ObservationFilterChainDecorator.java:240)
	at org.springframework.security.web.ObservationFilterChainDecorator$ObservationFilter.doFilter(ObservationFilterChainDecorator.java:227)
	at org.springframework.security.web.ObservationFilterChainDecorator$VirtualFilterChain.doFilter(ObservationFilterChainDecorator.java:137)
	at org.springframework.security.web.authentication.logout.LogoutFilter.doFilter(LogoutFilter.java:107)
	at org.springframework.security.web.authentication.logout.LogoutFilter.doFilter(LogoutFilter.java:93)
	at org.springframework.security.web.ObservationFilterChainDecorator$ObservationFilter.wrapFilter(ObservationFilterChainDecorator.java:240)
	at org.springframework.security.web.ObservationFilterChainDecorator$ObservationFilter.doFilter(ObservationFilterChainDecorator.java:227)
	at org.springframework.security.web.ObservationFilterChainDecorator$VirtualFilterChain.doFilter(ObservationFilterChainDecorator.java:137)
	at org.springframework.web.filter.OncePerRequestFilter.doFilter(OncePerRequestFilter.java:101)
	at org.springframework.security.web.ObservationFilterChainDecorator$ObservationFilter.wrapFilter(ObservationFilterChainDecorator.java:240)
	at org.springframework.security.web.ObservationFilterChainDecorator$ObservationFilter.doFilter(ObservationFilterChainDecorator.java:227)
	at org.springframework.security.web.ObservationFilterChainDecorator$VirtualFilterChain.doFilter(ObservationFilterChainDecorator.java:137)
	at org.springframework.web.filter.OncePerRequestFilter.doFilter(OncePerRequestFilter.java:101)
	at org.springframework.security.web.ObservationFilterChainDecorator$ObservationFilter.wrapFilter(ObservationFilterChainDecorator.java:240)
	at org.springframework.security.web.ObservationFilterChainDecorator$ObservationFilter.doFilter(ObservationFilterChainDecorator.java:227)
	at org.springframework.security.web.ObservationFilterChainDecorator$VirtualFilterChain.doFilter(ObservationFilterChainDecorator.java:137)
	at org.springframework.security.web.context.SecurityContextHolderFilter.doFilter(SecurityContextHolderFilter.java:82)
	at org.springframework.security.web.context.SecurityContextHolderFilter.doFilter(SecurityContextHolderFilter.java:69)
	at org.springframework.security.web.ObservationFilterChainDecorator$ObservationFilter.wrapFilter(ObservationFilterChainDecorator.java:240)
	at org.springframework.security.web.ObservationFilterChainDecorator$ObservationFilter.doFilter(ObservationFilterChainDecorator.java:227)
	at org.springframework.security.web.ObservationFilterChainDecorator$VirtualFilterChain.doFilter(ObservationFilterChainDecorator.java:137)
	at org.springframework.web.filter.OncePerRequestFilter.doFilter(OncePerRequestFilter.java:101)
	at org.springframework.security.web.ObservationFilterChainDecorator$ObservationFilter.wrapFilter(ObservationFilterChainDecorator.java:240)
	at org.springframework.security.web.ObservationFilterChainDecorator$ObservationFilter.doFilter(ObservationFilterChainDecorator.java:227)
	at org.springframework.security.web.ObservationFilterChainDecorator$VirtualFilterChain.doFilter(ObservationFilterChainDecorator.java:137)
	at org.springframework.web.filter.OncePerRequestFilter.doFilter(OncePerRequestFilter.java:101)
	at org.springframework.security.web.ObservationFilterChainDecorator$ObservationFilter.wrapFilter(ObservationFilterChainDecorator.java:240)
	at org.springframework.security.web.ObservationFilterChainDecorator$AroundFilterObservation$SimpleAroundFilterObservation.lambda$wrap$0(ObservationFilterChainDecorator.java:323)
	at org.springframework.security.web.ObservationFilterChainDecorator$ObservationFilter.doFilter(ObservationFilterChainDecorator.java:224)
	at org.springframework.security.web.ObservationFilterChainDecorator$VirtualFilterChain.doFilter(ObservationFilterChainDecorator.java:137)
	at org.springframework.security.web.FilterChainProxy.doFilterInternal(FilterChainProxy.java:233)
	at org.springframework.security.web.FilterChainProxy.doFilter(FilterChainProxy.java:191)
	at org.springframework.web.filter.CompositeFilter$VirtualFilterChain.doFilter(CompositeFilter.java:113)
	at org.springframework.web.servlet.handler.HandlerMappingIntrospector.lambda$createCacheFilter$3(HandlerMappingIntrospector.java:195)
	at org.springframework.web.filter.CompositeFilter$VirtualFilterChain.doFilter(CompositeFilter.java:113)
	at org.springframework.web.filter.CompositeFilter.doFilter(CompositeFilter.java:74)
	at org.springframework.security.config.annotation.web.configuration.WebMvcSecurityConfiguration$CompositeFilterChainProxy.doFilter(WebMvcSecurityConfiguration.java:230)
	at org.springframework.web.filter.DelegatingFilterProxy.invokeDelegate(DelegatingFilterProxy.java:352)
	at org.springframework.web.filter.DelegatingFilterProxy.doFilter(DelegatingFilterProxy.java:268)
	at org.apache.catalina.core.ApplicationFilterChain.internalDoFilter(ApplicationFilterChain.java:164)
	at org.apache.catalina.core.ApplicationFilterChain.doFilter(ApplicationFilterChain.java:140)
	at org.springframework.web.filter.RequestContextFilter.doFilterInternal(RequestContextFilter.java:100)
	at org.springframework.web.filter.OncePerRequestFilter.doFilter(OncePerRequestFilter.java:116)
	at org.apache.catalina.core.ApplicationFilterChain.internalDoFilter(ApplicationFilterChain.java:164)
	at org.apache.catalina.core.ApplicationFilterChain.doFilter(ApplicationFilterChain.java:140)
	at org.springframework.web.filter.OncePerRequestFilter.doFilter(OncePerRequestFilter.java:101)
	at org.apache.catalina.core.ApplicationFilterChain.internalDoFilter(ApplicationFilterChain.java:164)
	at org.apache.catalina.core.ApplicationFilterChain.doFilter(ApplicationFilterChain.java:140)
	at org.springframework.web.filter.OncePerRequestFilter.doFilter(OncePerRequestFilter.java:101)
	at org.apache.catalina.core.ApplicationFilterChain.internalDoFilter(ApplicationFilterChain.java:164)
	at org.apache.catalina.core.ApplicationFilterChain.doFilter(ApplicationFilterChain.java:140)
	at org.apache.catalina.core.ApplicationDispatcher.invoke(ApplicationDispatcher.java:632)
	at org.apache.catalina.core.ApplicationDispatcher.doInclude(ApplicationDispatcher.java:510)
	at org.apache.catalina.core.ApplicationDispatcher.include(ApplicationDispatcher.java:453)
	at org.apache.catalina.core.StandardHostValve.custom(StandardHostValve.java:343)
	at org.apache.catalina.core.StandardHostValve.status(StandardHostValve.java:222)
	at org.apache.catalina.core.StandardHostValve.throwable(StandardHostValve.java:308)
	at org.apache.catalina.core.StandardHostValve.invoke(StandardHostValve.java:149)
	at org.apache.catalina.valves.ErrorReportValve.invoke(ErrorReportValve.java:93)
	at org.apache.catalina.core.StandardEngineValve.invoke(StandardEngineValve.java:74)
	at org.apache.catalina.connector.CoyoteAdapter.asyncDispatch(CoyoteAdapter.java:239)
	at org.apache.coyote.AbstractProcessor.dispatch(AbstractProcessor.java:243)
	at org.apache.coyote.AbstractProcessorLight.process(AbstractProcessorLight.java:57)
	at org.apache.coyote.AbstractProtocol$ConnectionHandler.process(AbstractProtocol.java:905)
	at org.apache.tomcat.util.net.NioEndpoint$SocketProcessor.doRun(NioEndpoint.java:1741)
	at org.apache.tomcat.util.net.SocketProcessorBase.run(SocketProcessorBase.java:52)
	at org.apache.tomcat.util.threads.ThreadPoolExecutor.runWorker(ThreadPoolExecutor.java:1190)
	at org.apache.tomcat.util.threads.ThreadPoolExecutor$Worker.run(ThreadPoolExecutor.java:659)
	at org.apache.tomcat.util.threads.TaskThread$WrappingRunnable.run(TaskThread.java:63)
	at java.base/java.lang.Thread.run(Thread.java:1583)
Caused by: org.springframework.security.access.AccessDeniedException: Access Denied
	at org.springframework.security.web.access.intercept.AuthorizationFilter.doFilter(AuthorizationFilter.java:98)
	at org.springframework.security.web.ObservationFilterChainDecorator$ObservationFilter.wrapFilter(ObservationFilterChainDecorator.java:240)
	at org.springframework.security.web.ObservationFilterChainDecorator$ObservationFilter.doFilter(ObservationFilterChainDecorator.java:227)
	at org.springframework.security.web.ObservationFilterChainDecorator$VirtualFilterChain.doFilter(ObservationFilterChainDecorator.java:137)
	at org.springframework.security.web.access.ExceptionTranslationFilter.doFilter(ExceptionTranslationFilter.java:126)
	... 92 common frames omitted
2026-03-09 15:47:26.340 [http-nio-18080-exec-7] INFO  c.r.L.service.ContractReviewService - SSE连接完成: reviewId=2
2026-03-09 15:47:26.357 [http-nio-18080-exec-9] INFO  c.r.L.filter.RequestTrackingFilter - [REQUEST_END] traceId=2e6ac779, method=GET, uri=/api/v1/contracts/2, status=200, duration=8ms
2026-03-09 15:47:26.365 [http-nio-18080-exec-2] INFO  c.r.L.c.ContractReviewController - 用户 demo 请求下载PDF报告，审查ID: 2
2026-03-09 15:47:26.374 [http-nio-18080-exec-2] INFO  c.r.L.c.ContractReviewController - 从缓存读取PDF报告，审查ID: 2, 文件大小: 385271 bytes
2026-03-09 15:47:26.375 [http-nio-18080-exec-2] INFO  c.r.L.c.ContractReviewController - 生成最终报告文件名: contract-data-processing分析报告.pdf
2026-03-09 15:47:26.375 [http-nio-18080-exec-2] INFO  c.r.L.c.ContractReviewController - PDF报告准备下载 [缓存]，审查ID: 2, 文件大小: 385271 bytes, 文件名: contract-data-processing分析报告.pdf
2026-03-09 15:47:26.379 [http-nio-18080-exec-2] INFO  c.r.L.filter.RequestTrackingFilter - [REQUEST_END] traceId=2a61ea89, method=GET, uri=/api/v1/contracts/2/report, status=200, duration=15ms
2026-03-09 15:47:26.665 [http-nio-18080-exec-5] INFO  c.r.L.service.FileStorageService - 文件已存在，跳过保存: F:\LegalAssistant\uploads\contracts\1b75f7602a580b9517d4b111d9161d6bf74d9db78edeaed3c05163995118ac14_contract-labor-outsourcing.md
2026-03-09 15:47:26.665 [http-nio-18080-exec-5] INFO  c.r.L.service.ContractReviewService - 创建待处理审查记录，用户: demo, 文件: contract-labor-outsourcing.md
2026-03-09 15:47:26.670 [http-nio-18080-exec-5] INFO  c.r.L.service.ContractReviewService - 待处理审查记录已创建 - ID: 3, 文件: contract-labor-outsourcing.md
2026-03-09 15:47:26.680 [Async-5] INFO  c.r.L.service.ContractReviewService - 开始异步处理合同文件，审查ID: 3
2026-03-09 15:47:26.681 [Async-5] INFO  c.r.L.service.ContractReviewService - 异步处理线程: Async-5
2026-03-09 15:47:26.681 [http-nio-18080-exec-5] INFO  c.r.L.filter.RequestTrackingFilter - [REQUEST_END] traceId=c7af137e, method=POST, uri=/api/v1/contracts/upload, status=202, duration=21ms
2026-03-09 15:47:26.682 [Async-5] INFO  c.r.L.service.ContractReviewService - 开始解析文件: contract-labor-outsourcing.md, 路径: F:\LegalAssistant\uploads\contracts\1b75f7602a580b9517d4b111d9161d6bf74d9db78edeaed3c05163995118ac14_contract-labor-outsourcing.md
2026-03-09 15:47:26.683 [Async-5] INFO  c.r.L.service.DocumentParserService - 开始解析文档: contract-labor-outsourcing.md, 类型: md, 大小: 601 bytes
2026-03-09 15:47:26.683 [Async-5] INFO  c.r.L.service.DocumentParserService - 文档解析成功: contract-labor-outsourcing.md, 内容长度: 211 字符
2026-03-09 15:47:26.683 [Async-5] INFO  c.r.L.service.ContractReviewService - 文件解析成功: contract-labor-outsourcing.md, 内容长度: 211
2026-03-09 15:47:26.683 [Async-5] INFO  c.r.L.service.ContractReviewService - 文档解析完成，文本内容已保存: reviewId=3, 文本长度: 211
2026-03-09 15:47:26.684 [Async-5] INFO  c.r.L.service.EtlService - 开始处理文本内容，长度: 211 字符
2026-03-09 15:47:26.684 [Async-5] INFO  c.r.L.service.EtlService - 文本分块完成，生成 1 个文本块
2026-03-09 15:47:26.695 [http-nio-18080-exec-10] INFO  c.r.L.filter.RequestTrackingFilter - [REQUEST_END] traceId=73e2dbe7, method=GET, uri=/api/v1/contracts/3, status=200, duration=6ms
2026-03-09 15:47:26.703 [http-nio-18080-exec-1] INFO  c.r.L.c.ContractReviewController - Starting async contract analysis: reviewId=3, allowQueryToken=false
2026-03-09 15:47:26.704 [http-nio-18080-exec-1] INFO  c.r.L.c.ContractReviewController - JWT validated for user demo, reviewId=3
2026-03-09 15:47:26.704 [http-nio-18080-exec-1] INFO  c.r.L.c.ContractReviewController - SSE connection established: reviewId=3
2026-03-09 15:47:26.706 [Async-6] INFO  c.r.L.service.ContractReviewService - 开始异步分析合同（四步流程版），审查ID: 3
2026-03-09 15:47:26.706 [http-nio-18080-exec-1] INFO  c.r.L.filter.RequestTrackingFilter - [REQUEST_END] traceId=30d5f2e4, method=POST, uri=/api/v1/contracts/3/analyze-async-auth, status=200, duration=3ms
2026-03-09 15:47:26.706 [Async-6] INFO  c.r.L.service.ContractReviewService - 刷新审查记录（新事务）: reviewId=3
2026-03-09 15:47:26.707 [Async-6] INFO  c.r.L.service.ContractReviewService - 刷新完成，文本内容长度: 0
2026-03-09 15:47:26.817 [Async-5] INFO  c.r.L.service.EtlService - 文本内容处理完成，1 个向量块已存储
2026-03-09 15:47:26.818 [Async-5] INFO  c.r.L.service.ContractReviewService - 已成功将合同内容添加到AI知识库，审查ID: 3, 块数: 1
2026-03-09 15:47:26.819 [Async-5] INFO  c.r.L.service.ContractReviewService - 合同文件处理完成，审查ID: 3
2026-03-09 15:47:26.819 [Async-5] INFO  c.r.L.service.ContractReviewService - 异步处理合同文件方法结束，审查ID: 3
2026-03-09 15:47:27.726 [Async-6] INFO  c.r.L.service.ContractReviewService - 刷新审查记录（新事务）: reviewId=3
2026-03-09 15:47:27.731 [Async-6] INFO  c.r.L.service.ContractReviewService - 刷新完成，文本内容长度: 211
2026-03-09 15:47:27.732 [Async-6] INFO  c.r.L.service.ContractReviewService - 文件解析完成，等待时间: 1秒, reviewId=3
2026-03-09 15:47:27.732 [Async-6] INFO  c.r.L.service.ContractReviewService - 步骤1完成：文档解析成功, reviewId=3
2026-03-09 15:47:27.734 [Async-6] INFO  c.r.LegalAssistant.service.AiService - 进行结构化合同风险分析，内容长度: 211
2026-03-09 15:50:01.093 [Async-6] INFO  c.r.LegalAssistant.service.AiService - 结构化风险分析完成，识别出 10 个风险维度
2026-03-09 15:50:01.093 [Async-6] INFO  c.r.L.service.ContractReviewService - 步骤2完成：风险识别成功, reviewId=3
2026-03-09 15:50:01.094 [Async-6] INFO  c.r.L.service.AgentService - 开始分析合同关键条款，内容长度: 211
2026-03-09 15:51:29.213 [Async-6] INFO  c.r.L.service.AgentService - JSON格式验证成功，包含 10 个关键条款
2026-03-09 15:51:29.218 [Async-6] INFO  c.r.L.service.AgentService - 关键条款分析完成，原始响应长度: 3518, 清理后长度: 3506
2026-03-09 15:51:29.218 [Async-6] INFO  c.r.L.service.ContractReviewService - 关键条款分析成功，识别出 10 个关键条款
2026-03-09 15:51:29.218 [Async-6] INFO  c.r.L.service.ContractReviewService - 步骤3完成：条款分析成功, reviewId=3
2026-03-09 15:51:29.232 [Async-6] INFO  c.r.L.service.ContractReviewService - 步骤4完成：分析结果保存成功, reviewId=3
2026-03-09 15:51:29.238 [Async-6] INFO  c.r.L.s.ReportGenerationService - 开始生成PDF报告，审查ID: 3
2026-03-09 15:51:29.238 [Async-6] INFO  c.r.L.s.ReportGenerationService - 初始化PDF中文字体支持...
2026-03-09 15:51:29.238 [Async-6] INFO  c.r.L.s.ReportGenerationService - ✓ 成功加载系统字体: C:/Windows/Fonts/STSONG.TTF (华文宋体优先，PDF兼容性最佳)
2026-03-09 15:51:29.239 [Async-6] INFO  c.r.L.s.ReportGenerationService - ✓ PDF文档字体设置成功
2026-03-09 15:51:29.239 [Async-6] INFO  c.r.L.s.ReportGenerationService - 准备生成增强内容...
2026-03-09 15:51:29.239 [Async-6] INFO  c.r.L.s.ReportGenerationService - 使用DeepSeek生成增强报告内容（带降级处理），审查ID: 3
2026-03-09 15:51:29.239 [Async-6] INFO  c.r.L.s.ReportGenerationService - 使用结构化方式生成增强报告内容，审查ID: 3
2026-03-09 15:51:32.727 [Async-6] INFO  c.r.L.s.ReportGenerationService - 开始使用结构化内容生成器生成报告，合同内容长度: 211
2026-03-09 15:51:32.731 [ForkJoinPool.commonPool-worker-9] INFO  c.r.L.s.StructuredContentGenerator - 生成执行摘要结构化内容，审查ID: 3
2026-03-09 15:51:32.731 [ForkJoinPool.commonPool-worker-10] INFO  c.r.L.s.StructuredContentGenerator - 生成深度分析结构化内容，审查ID: 3
2026-03-09 15:51:32.732 [ForkJoinPool.commonPool-worker-11] INFO  c.r.L.s.StructuredContentGenerator - 生成改进建议结构化内容，审查ID: 3
2026-03-09 15:53:20.812 [Async-6] INFO  c.r.L.s.ReportGenerationService - 结构化内容生成成功
2026-03-09 15:53:20.815 [Async-6] INFO  c.r.L.s.ReportGenerationService - 结构化内容生成完成，耗时: 111576ms
2026-03-09 15:53:20.815 [Async-6] INFO  c.r.L.util.ReportContentValidator - 【报告完整性验证通过】所有必要内容齐全
2026-03-09 15:53:20.817 [Async-6] INFO  c.r.L.s.ReportGenerationService - ✓ 增强内容生成成功
2026-03-09 15:53:20.817 [Async-6] INFO  c.r.L.s.ReportGenerationService - 开始添加报告各部分内容...
2026-03-09 15:53:20.828 [Async-6] INFO  c.r.L.s.ReportGenerationService - AI分析内容过长(3266 字符)，截取摘要部分
2026-03-09 15:53:20.836 [Async-6] INFO  c.r.L.s.ReportGenerationService - 所有PDF内容添加完成
2026-03-09 15:53:20.867 [Async-6] INFO  c.r.L.s.ReportGenerationService - PDF报告生成成功，审查ID: 3, 文件大小: 392147 bytes
2026-03-09 15:53:20.870 [Async-6] INFO  c.r.L.service.ContractReviewService - PDF报告已保存到文件系统: F:\LegalAssistant\uploads\reports\3_report.pdf
2026-03-09 15:53:20.877 [Async-6] INFO  c.r.L.service.ContractReviewService - 步骤5完成：PDF报告生成并保存成功, reviewId=3, 文件大小: 392147 bytes
2026-03-09 15:53:20.885 [Async-6] INFO  c.r.L.service.ContractReviewService - 合同异步分析流程全部完成, reviewId=3
2026-03-09 15:53:20.887 [http-nio-18080-exec-4] ERROR o.a.c.c.C.[.[.[.[dispatcherServlet] - Servlet.service() for servlet [dispatcherServlet] threw exception
org.springframework.security.access.AccessDeniedException: Access Denied
	at org.springframework.security.web.access.intercept.AuthorizationFilter.doFilter(AuthorizationFilter.java:98)
	at org.springframework.security.web.ObservationFilterChainDecorator$ObservationFilter.wrapFilter(ObservationFilterChainDecorator.java:240)
	at org.springframework.security.web.ObservationFilterChainDecorator$ObservationFilter.doFilter(ObservationFilterChainDecorator.java:227)
	at org.springframework.security.web.ObservationFilterChainDecorator$VirtualFilterChain.doFilter(ObservationFilterChainDecorator.java:137)
	at org.springframework.security.web.access.ExceptionTranslationFilter.doFilter(ExceptionTranslationFilter.java:126)
	at org.springframework.security.web.access.ExceptionTranslationFilter.doFilter(ExceptionTranslationFilter.java:120)
	at org.springframework.security.web.ObservationFilterChainDecorator$ObservationFilter.wrapFilter(ObservationFilterChainDecorator.java:240)
	at org.springframework.security.web.ObservationFilterChainDecorator$ObservationFilter.doFilter(ObservationFilterChainDecorator.java:227)
	at org.springframework.security.web.ObservationFilterChainDecorator$VirtualFilterChain.doFilter(ObservationFilterChainDecorator.java:137)
	at org.springframework.security.web.session.SessionManagementFilter.doFilter(SessionManagementFilter.java:91)
	at org.springframework.security.web.session.SessionManagementFilter.doFilter(SessionManagementFilter.java:85)
	at org.springframework.security.web.ObservationFilterChainDecorator$ObservationFilter.wrapFilter(ObservationFilterChainDecorator.java:240)
	at org.springframework.security.web.ObservationFilterChainDecorator$ObservationFilter.doFilter(ObservationFilterChainDecorator.java:227)
	at org.springframework.security.web.ObservationFilterChainDecorator$VirtualFilterChain.doFilter(ObservationFilterChainDecorator.java:137)
	at org.springframework.security.web.authentication.AnonymousAuthenticationFilter.doFilter(AnonymousAuthenticationFilter.java:100)
	at org.springframework.security.web.ObservationFilterChainDecorator$ObservationFilter.wrapFilter(ObservationFilterChainDecorator.java:240)
	at org.springframework.security.web.ObservationFilterChainDecorator$ObservationFilter.doFilter(ObservationFilterChainDecorator.java:227)
	at org.springframework.security.web.ObservationFilterChainDecorator$VirtualFilterChain.doFilter(ObservationFilterChainDecorator.java:137)
	at org.springframework.security.web.servletapi.SecurityContextHolderAwareRequestFilter.doFilter(SecurityContextHolderAwareRequestFilter.java:179)
	at org.springframework.security.web.ObservationFilterChainDecorator$ObservationFilter.wrapFilter(ObservationFilterChainDecorator.java:240)
	at org.springframework.security.web.ObservationFilterChainDecorator$ObservationFilter.doFilter(ObservationFilterChainDecorator.java:227)
	at org.springframework.security.web.ObservationFilterChainDecorator$VirtualFilterChain.doFilter(ObservationFilterChainDecorator.java:137)
	at org.springframework.security.web.savedrequest.RequestCacheAwareFilter.doFilter(RequestCacheAwareFilter.java:63)
	at org.springframework.security.web.ObservationFilterChainDecorator$ObservationFilter.wrapFilter(ObservationFilterChainDecorator.java:240)
	at org.springframework.security.web.ObservationFilterChainDecorator$ObservationFilter.doFilter(ObservationFilterChainDecorator.java:227)
	at org.springframework.security.web.ObservationFilterChainDecorator$VirtualFilterChain.doFilter(ObservationFilterChainDecorator.java:137)
	at org.springframework.web.filter.OncePerRequestFilter.doFilter(OncePerRequestFilter.java:101)
	at org.springframework.security.web.ObservationFilterChainDecorator$ObservationFilter.wrapFilter(ObservationFilterChainDecorator.java:240)
	at org.springframework.security.web.ObservationFilterChainDecorator$ObservationFilter.doFilter(ObservationFilterChainDecorator.java:227)
	at org.springframework.security.web.ObservationFilterChainDecorator$VirtualFilterChain.doFilter(ObservationFilterChainDecorator.java:137)
	at org.springframework.security.web.authentication.logout.LogoutFilter.doFilter(LogoutFilter.java:107)
	at org.springframework.security.web.authentication.logout.LogoutFilter.doFilter(LogoutFilter.java:93)
	at org.springframework.security.web.ObservationFilterChainDecorator$ObservationFilter.wrapFilter(ObservationFilterChainDecorator.java:240)
	at org.springframework.security.web.ObservationFilterChainDecorator$ObservationFilter.doFilter(ObservationFilterChainDecorator.java:227)
	at org.springframework.security.web.ObservationFilterChainDecorator$VirtualFilterChain.doFilter(ObservationFilterChainDecorator.java:137)
	at org.springframework.web.filter.OncePerRequestFilter.doFilter(OncePerRequestFilter.java:101)
	at org.springframework.security.web.ObservationFilterChainDecorator$ObservationFilter.wrapFilter(ObservationFilterChainDecorator.java:240)
	at org.springframework.security.web.ObservationFilterChainDecorator$ObservationFilter.doFilter(ObservationFilterChainDecorator.java:227)
	at org.springframework.security.web.ObservationFilterChainDecorator$VirtualFilterChain.doFilter(ObservationFilterChainDecorator.java:137)
	at org.springframework.web.filter.OncePerRequestFilter.doFilter(OncePerRequestFilter.java:101)
	at org.springframework.security.web.ObservationFilterChainDecorator$ObservationFilter.wrapFilter(ObservationFilterChainDecorator.java:240)
	at org.springframework.security.web.ObservationFilterChainDecorator$ObservationFilter.doFilter(ObservationFilterChainDecorator.java:227)
	at org.springframework.security.web.ObservationFilterChainDecorator$VirtualFilterChain.doFilter(ObservationFilterChainDecorator.java:137)
	at org.springframework.security.web.context.SecurityContextHolderFilter.doFilter(SecurityContextHolderFilter.java:82)
	at org.springframework.security.web.context.SecurityContextHolderFilter.doFilter(SecurityContextHolderFilter.java:69)
	at org.springframework.security.web.ObservationFilterChainDecorator$ObservationFilter.wrapFilter(ObservationFilterChainDecorator.java:240)
	at org.springframework.security.web.ObservationFilterChainDecorator$ObservationFilter.doFilter(ObservationFilterChainDecorator.java:227)
	at org.springframework.security.web.ObservationFilterChainDecorator$VirtualFilterChain.doFilter(ObservationFilterChainDecorator.java:137)
	at org.springframework.web.filter.OncePerRequestFilter.doFilter(OncePerRequestFilter.java:101)
	at org.springframework.security.web.ObservationFilterChainDecorator$ObservationFilter.wrapFilter(ObservationFilterChainDecorator.java:240)
	at org.springframework.security.web.ObservationFilterChainDecorator$ObservationFilter.doFilter(ObservationFilterChainDecorator.java:227)
	at org.springframework.security.web.ObservationFilterChainDecorator$VirtualFilterChain.doFilter(ObservationFilterChainDecorator.java:137)
	at org.springframework.web.filter.OncePerRequestFilter.doFilter(OncePerRequestFilter.java:101)
	at org.springframework.security.web.ObservationFilterChainDecorator$ObservationFilter.wrapFilter(ObservationFilterChainDecorator.java:240)
	at org.springframework.security.web.ObservationFilterChainDecorator$AroundFilterObservation$SimpleAroundFilterObservation.lambda$wrap$0(ObservationFilterChainDecorator.java:323)
	at org.springframework.security.web.ObservationFilterChainDecorator$ObservationFilter.doFilter(ObservationFilterChainDecorator.java:224)
	at org.springframework.security.web.ObservationFilterChainDecorator$VirtualFilterChain.doFilter(ObservationFilterChainDecorator.java:137)
	at org.springframework.security.web.FilterChainProxy.doFilterInternal(FilterChainProxy.java:233)
	at org.springframework.security.web.FilterChainProxy.doFilter(FilterChainProxy.java:191)
	at org.springframework.web.filter.CompositeFilter$VirtualFilterChain.doFilter(CompositeFilter.java:113)
	at org.springframework.web.servlet.handler.HandlerMappingIntrospector.lambda$createCacheFilter$3(HandlerMappingIntrospector.java:195)
	at org.springframework.web.filter.CompositeFilter$VirtualFilterChain.doFilter(CompositeFilter.java:113)
	at org.springframework.web.filter.CompositeFilter.doFilter(CompositeFilter.java:74)
	at org.springframework.security.config.annotation.web.configuration.WebMvcSecurityConfiguration$CompositeFilterChainProxy.doFilter(WebMvcSecurityConfiguration.java:230)
	at org.springframework.web.filter.DelegatingFilterProxy.invokeDelegate(DelegatingFilterProxy.java:352)
	at org.springframework.web.filter.DelegatingFilterProxy.doFilter(DelegatingFilterProxy.java:268)
	at org.apache.catalina.core.ApplicationFilterChain.internalDoFilter(ApplicationFilterChain.java:164)
	at org.apache.catalina.core.ApplicationFilterChain.doFilter(ApplicationFilterChain.java:140)
	at org.springframework.web.filter.RequestContextFilter.doFilterInternal(RequestContextFilter.java:100)
	at org.springframework.web.filter.OncePerRequestFilter.doFilter(OncePerRequestFilter.java:116)
	at org.apache.catalina.core.ApplicationFilterChain.internalDoFilter(ApplicationFilterChain.java:164)
	at org.apache.catalina.core.ApplicationFilterChain.doFilter(ApplicationFilterChain.java:140)
	at org.springframework.web.filter.OncePerRequestFilter.doFilter(OncePerRequestFilter.java:101)
	at org.apache.catalina.core.ApplicationFilterChain.internalDoFilter(ApplicationFilterChain.java:164)
	at org.apache.catalina.core.ApplicationFilterChain.doFilter(ApplicationFilterChain.java:140)
	at org.springframework.web.filter.ServerHttpObservationFilter.doFilterInternal(ServerHttpObservationFilter.java:113)
	at org.springframework.web.filter.OncePerRequestFilter.doFilter(OncePerRequestFilter.java:116)
	at org.apache.catalina.core.ApplicationFilterChain.internalDoFilter(ApplicationFilterChain.java:164)
	at org.apache.catalina.core.ApplicationFilterChain.doFilter(ApplicationFilterChain.java:140)
	at org.springframework.web.filter.OncePerRequestFilter.doFilter(OncePerRequestFilter.java:101)
	at org.apache.catalina.core.ApplicationFilterChain.internalDoFilter(ApplicationFilterChain.java:164)
	at org.apache.catalina.core.ApplicationFilterChain.doFilter(ApplicationFilterChain.java:140)
	at org.apache.catalina.core.ApplicationDispatcher.invoke(ApplicationDispatcher.java:632)
	at org.apache.catalina.core.ApplicationDispatcher.doDispatch(ApplicationDispatcher.java:560)
	at org.apache.catalina.core.ApplicationDispatcher.dispatch(ApplicationDispatcher.java:531)
	at org.apache.catalina.core.AsyncContextImpl$AsyncRunnable.run(AsyncContextImpl.java:601)
	at org.apache.catalina.core.AsyncContextImpl.doInternalDispatch(AsyncContextImpl.java:344)
	at org.apache.catalina.core.StandardWrapperValve.invoke(StandardWrapperValve.java:165)
	at org.apache.catalina.core.StandardContextValve.invoke(StandardContextValve.java:90)
	at org.apache.catalina.authenticator.AuthenticatorBase.invoke(AuthenticatorBase.java:483)
	at org.apache.catalina.core.StandardHostValve.invoke(StandardHostValve.java:115)
	at org.apache.catalina.valves.ErrorReportValve.invoke(ErrorReportValve.java:93)
	at org.apache.catalina.core.StandardEngineValve.invoke(StandardEngineValve.java:74)
	at org.apache.catalina.connector.CoyoteAdapter.asyncDispatch(CoyoteAdapter.java:239)
	at org.apache.coyote.AbstractProcessor.dispatch(AbstractProcessor.java:243)
	at org.apache.coyote.AbstractProcessorLight.process(AbstractProcessorLight.java:57)
	at org.apache.coyote.AbstractProtocol$ConnectionHandler.process(AbstractProtocol.java:905)
	at org.apache.tomcat.util.net.NioEndpoint$SocketProcessor.doRun(NioEndpoint.java:1741)
	at org.apache.tomcat.util.net.SocketProcessorBase.run(SocketProcessorBase.java:52)
	at org.apache.tomcat.util.threads.ThreadPoolExecutor.runWorker(ThreadPoolExecutor.java:1190)
	at org.apache.tomcat.util.threads.ThreadPoolExecutor$Worker.run(ThreadPoolExecutor.java:659)
	at org.apache.tomcat.util.threads.TaskThread$WrappingRunnable.run(TaskThread.java:63)
	at java.base/java.lang.Thread.run(Thread.java:1583)
2026-03-09 15:53:20.888 [http-nio-18080-exec-4] ERROR o.a.c.c.C.[.[.[.[dispatcherServlet] - Servlet.service() for servlet [dispatcherServlet] in context with path [/api/v1] threw exception [Unable to handle the Spring Security Exception because the response is already committed.] with root cause
org.springframework.security.access.AccessDeniedException: Access Denied
	at org.springframework.security.web.access.intercept.AuthorizationFilter.doFilter(AuthorizationFilter.java:98)
	at org.springframework.security.web.ObservationFilterChainDecorator$ObservationFilter.wrapFilter(ObservationFilterChainDecorator.java:240)
	at org.springframework.security.web.ObservationFilterChainDecorator$ObservationFilter.doFilter(ObservationFilterChainDecorator.java:227)
	at org.springframework.security.web.ObservationFilterChainDecorator$VirtualFilterChain.doFilter(ObservationFilterChainDecorator.java:137)
	at org.springframework.security.web.access.ExceptionTranslationFilter.doFilter(ExceptionTranslationFilter.java:126)
	at org.springframework.security.web.access.ExceptionTranslationFilter.doFilter(ExceptionTranslationFilter.java:120)
	at org.springframework.security.web.ObservationFilterChainDecorator$ObservationFilter.wrapFilter(ObservationFilterChainDecorator.java:240)
	at org.springframework.security.web.ObservationFilterChainDecorator$ObservationFilter.doFilter(ObservationFilterChainDecorator.java:227)
	at org.springframework.security.web.ObservationFilterChainDecorator$VirtualFilterChain.doFilter(ObservationFilterChainDecorator.java:137)
	at org.springframework.security.web.session.SessionManagementFilter.doFilter(SessionManagementFilter.java:91)
	at org.springframework.security.web.session.SessionManagementFilter.doFilter(SessionManagementFilter.java:85)
	at org.springframework.security.web.ObservationFilterChainDecorator$ObservationFilter.wrapFilter(ObservationFilterChainDecorator.java:240)
	at org.springframework.security.web.ObservationFilterChainDecorator$ObservationFilter.doFilter(ObservationFilterChainDecorator.java:227)
	at org.springframework.security.web.ObservationFilterChainDecorator$VirtualFilterChain.doFilter(ObservationFilterChainDecorator.java:137)
	at org.springframework.security.web.authentication.AnonymousAuthenticationFilter.doFilter(AnonymousAuthenticationFilter.java:100)
	at org.springframework.security.web.ObservationFilterChainDecorator$ObservationFilter.wrapFilter(ObservationFilterChainDecorator.java:240)
	at org.springframework.security.web.ObservationFilterChainDecorator$ObservationFilter.doFilter(ObservationFilterChainDecorator.java:227)
	at org.springframework.security.web.ObservationFilterChainDecorator$VirtualFilterChain.doFilter(ObservationFilterChainDecorator.java:137)
	at org.springframework.security.web.servletapi.SecurityContextHolderAwareRequestFilter.doFilter(SecurityContextHolderAwareRequestFilter.java:179)
	at org.springframework.security.web.ObservationFilterChainDecorator$ObservationFilter.wrapFilter(ObservationFilterChainDecorator.java:240)
	at org.springframework.security.web.ObservationFilterChainDecorator$ObservationFilter.doFilter(ObservationFilterChainDecorator.java:227)
	at org.springframework.security.web.ObservationFilterChainDecorator$VirtualFilterChain.doFilter(ObservationFilterChainDecorator.java:137)
	at org.springframework.security.web.savedrequest.RequestCacheAwareFilter.doFilter(RequestCacheAwareFilter.java:63)
	at org.springframework.security.web.ObservationFilterChainDecorator$ObservationFilter.wrapFilter(ObservationFilterChainDecorator.java:240)
	at org.springframework.security.web.ObservationFilterChainDecorator$ObservationFilter.doFilter(ObservationFilterChainDecorator.java:227)
	at org.springframework.security.web.ObservationFilterChainDecorator$VirtualFilterChain.doFilter(ObservationFilterChainDecorator.java:137)
	at org.springframework.web.filter.OncePerRequestFilter.doFilter(OncePerRequestFilter.java:101)
	at org.springframework.security.web.ObservationFilterChainDecorator$ObservationFilter.wrapFilter(ObservationFilterChainDecorator.java:240)
	at org.springframework.security.web.ObservationFilterChainDecorator$ObservationFilter.doFilter(ObservationFilterChainDecorator.java:227)
	at org.springframework.security.web.ObservationFilterChainDecorator$VirtualFilterChain.doFilter(ObservationFilterChainDecorator.java:137)
	at org.springframework.security.web.authentication.logout.LogoutFilter.doFilter(LogoutFilter.java:107)
	at org.springframework.security.web.authentication.logout.LogoutFilter.doFilter(LogoutFilter.java:93)
	at org.springframework.security.web.ObservationFilterChainDecorator$ObservationFilter.wrapFilter(ObservationFilterChainDecorator.java:240)
	at org.springframework.security.web.ObservationFilterChainDecorator$ObservationFilter.doFilter(ObservationFilterChainDecorator.java:227)
	at org.springframework.security.web.ObservationFilterChainDecorator$VirtualFilterChain.doFilter(ObservationFilterChainDecorator.java:137)
	at org.springframework.web.filter.OncePerRequestFilter.doFilter(OncePerRequestFilter.java:101)
	at org.springframework.security.web.ObservationFilterChainDecorator$ObservationFilter.wrapFilter(ObservationFilterChainDecorator.java:240)
	at org.springframework.security.web.ObservationFilterChainDecorator$ObservationFilter.doFilter(ObservationFilterChainDecorator.java:227)
	at org.springframework.security.web.ObservationFilterChainDecorator$VirtualFilterChain.doFilter(ObservationFilterChainDecorator.java:137)
	at org.springframework.web.filter.OncePerRequestFilter.doFilter(OncePerRequestFilter.java:101)
	at org.springframework.security.web.ObservationFilterChainDecorator$ObservationFilter.wrapFilter(ObservationFilterChainDecorator.java:240)
	at org.springframework.security.web.ObservationFilterChainDecorator$ObservationFilter.doFilter(ObservationFilterChainDecorator.java:227)
	at org.springframework.security.web.ObservationFilterChainDecorator$VirtualFilterChain.doFilter(ObservationFilterChainDecorator.java:137)
	at org.springframework.security.web.context.SecurityContextHolderFilter.doFilter(SecurityContextHolderFilter.java:82)
	at org.springframework.security.web.context.SecurityContextHolderFilter.doFilter(SecurityContextHolderFilter.java:69)
	at org.springframework.security.web.ObservationFilterChainDecorator$ObservationFilter.wrapFilter(ObservationFilterChainDecorator.java:240)
	at org.springframework.security.web.ObservationFilterChainDecorator$ObservationFilter.doFilter(ObservationFilterChainDecorator.java:227)
	at org.springframework.security.web.ObservationFilterChainDecorator$VirtualFilterChain.doFilter(ObservationFilterChainDecorator.java:137)
	at org.springframework.web.filter.OncePerRequestFilter.doFilter(OncePerRequestFilter.java:101)
	at org.springframework.security.web.ObservationFilterChainDecorator$ObservationFilter.wrapFilter(ObservationFilterChainDecorator.java:240)
	at org.springframework.security.web.ObservationFilterChainDecorator$ObservationFilter.doFilter(ObservationFilterChainDecorator.java:227)
	at org.springframework.security.web.ObservationFilterChainDecorator$VirtualFilterChain.doFilter(ObservationFilterChainDecorator.java:137)
	at org.springframework.web.filter.OncePerRequestFilter.doFilter(OncePerRequestFilter.java:101)
	at org.springframework.security.web.ObservationFilterChainDecorator$ObservationFilter.wrapFilter(ObservationFilterChainDecorator.java:240)
	at org.springframework.security.web.ObservationFilterChainDecorator$AroundFilterObservation$SimpleAroundFilterObservation.lambda$wrap$0(ObservationFilterChainDecorator.java:323)
	at org.springframework.security.web.ObservationFilterChainDecorator$ObservationFilter.doFilter(ObservationFilterChainDecorator.java:224)
	at org.springframework.security.web.ObservationFilterChainDecorator$VirtualFilterChain.doFilter(ObservationFilterChainDecorator.java:137)
	at org.springframework.security.web.FilterChainProxy.doFilterInternal(FilterChainProxy.java:233)
	at org.springframework.security.web.FilterChainProxy.doFilter(FilterChainProxy.java:191)
	at org.springframework.web.filter.CompositeFilter$VirtualFilterChain.doFilter(CompositeFilter.java:113)
	at org.springframework.web.servlet.handler.HandlerMappingIntrospector.lambda$createCacheFilter$3(HandlerMappingIntrospector.java:195)
	at org.springframework.web.filter.CompositeFilter$VirtualFilterChain.doFilter(CompositeFilter.java:113)
	at org.springframework.web.filter.CompositeFilter.doFilter(CompositeFilter.java:74)
	at org.springframework.security.config.annotation.web.configuration.WebMvcSecurityConfiguration$CompositeFilterChainProxy.doFilter(WebMvcSecurityConfiguration.java:230)
	at org.springframework.web.filter.DelegatingFilterProxy.invokeDelegate(DelegatingFilterProxy.java:352)
	at org.springframework.web.filter.DelegatingFilterProxy.doFilter(DelegatingFilterProxy.java:268)
	at org.apache.catalina.core.ApplicationFilterChain.internalDoFilter(ApplicationFilterChain.java:164)
	at org.apache.catalina.core.ApplicationFilterChain.doFilter(ApplicationFilterChain.java:140)
	at org.springframework.web.filter.RequestContextFilter.doFilterInternal(RequestContextFilter.java:100)
	at org.springframework.web.filter.OncePerRequestFilter.doFilter(OncePerRequestFilter.java:116)
	at org.apache.catalina.core.ApplicationFilterChain.internalDoFilter(ApplicationFilterChain.java:164)
	at org.apache.catalina.core.ApplicationFilterChain.doFilter(ApplicationFilterChain.java:140)
	at org.springframework.web.filter.OncePerRequestFilter.doFilter(OncePerRequestFilter.java:101)
	at org.apache.catalina.core.ApplicationFilterChain.internalDoFilter(ApplicationFilterChain.java:164)
	at org.apache.catalina.core.ApplicationFilterChain.doFilter(ApplicationFilterChain.java:140)
	at org.springframework.web.filter.ServerHttpObservationFilter.doFilterInternal(ServerHttpObservationFilter.java:113)
	at org.springframework.web.filter.OncePerRequestFilter.doFilter(OncePerRequestFilter.java:116)
	at org.apache.catalina.core.ApplicationFilterChain.internalDoFilter(ApplicationFilterChain.java:164)
	at org.apache.catalina.core.ApplicationFilterChain.doFilter(ApplicationFilterChain.java:140)
	at org.springframework.web.filter.OncePerRequestFilter.doFilter(OncePerRequestFilter.java:101)
	at org.apache.catalina.core.ApplicationFilterChain.internalDoFilter(ApplicationFilterChain.java:164)
	at org.apache.catalina.core.ApplicationFilterChain.doFilter(ApplicationFilterChain.java:140)
	at org.apache.catalina.core.ApplicationDispatcher.invoke(ApplicationDispatcher.java:632)
	at org.apache.catalina.core.ApplicationDispatcher.doDispatch(ApplicationDispatcher.java:560)
	at org.apache.catalina.core.ApplicationDispatcher.dispatch(ApplicationDispatcher.java:531)
	at org.apache.catalina.core.AsyncContextImpl$AsyncRunnable.run(AsyncContextImpl.java:601)
	at org.apache.catalina.core.AsyncContextImpl.doInternalDispatch(AsyncContextImpl.java:344)
	at org.apache.catalina.core.StandardWrapperValve.invoke(StandardWrapperValve.java:165)
	at org.apache.catalina.core.StandardContextValve.invoke(StandardContextValve.java:90)
	at org.apache.catalina.authenticator.AuthenticatorBase.invoke(AuthenticatorBase.java:483)
	at org.apache.catalina.core.StandardHostValve.invoke(StandardHostValve.java:115)
	at org.apache.catalina.valves.ErrorReportValve.invoke(ErrorReportValve.java:93)
	at org.apache.catalina.core.StandardEngineValve.invoke(StandardEngineValve.java:74)
	at org.apache.catalina.connector.CoyoteAdapter.asyncDispatch(CoyoteAdapter.java:239)
	at org.apache.coyote.AbstractProcessor.dispatch(AbstractProcessor.java:243)
	at org.apache.coyote.AbstractProcessorLight.process(AbstractProcessorLight.java:57)
	at org.apache.coyote.AbstractProtocol$ConnectionHandler.process(AbstractProtocol.java:905)
	at org.apache.tomcat.util.net.NioEndpoint$SocketProcessor.doRun(NioEndpoint.java:1741)
	at org.apache.tomcat.util.net.SocketProcessorBase.run(SocketProcessorBase.java:52)
	at org.apache.tomcat.util.threads.ThreadPoolExecutor.runWorker(ThreadPoolExecutor.java:1190)
	at org.apache.tomcat.util.threads.ThreadPoolExecutor$Worker.run(ThreadPoolExecutor.java:659)
	at org.apache.tomcat.util.threads.TaskThread$WrappingRunnable.run(TaskThread.java:63)
	at java.base/java.lang.Thread.run(Thread.java:1583)
2026-03-09 15:53:20.889 [http-nio-18080-exec-4] ERROR o.a.c.c.C.[.[.[.[dispatcherServlet] - Servlet.service() for servlet [dispatcherServlet] threw exception
org.springframework.security.access.AccessDeniedException: Access Denied
	at org.springframework.security.web.access.intercept.AuthorizationFilter.doFilter(AuthorizationFilter.java:98)
	at org.springframework.security.web.ObservationFilterChainDecorator$ObservationFilter.wrapFilter(ObservationFilterChainDecorator.java:240)
	at org.springframework.security.web.ObservationFilterChainDecorator$ObservationFilter.doFilter(ObservationFilterChainDecorator.java:227)
	at org.springframework.security.web.ObservationFilterChainDecorator$VirtualFilterChain.doFilter(ObservationFilterChainDecorator.java:137)
	at org.springframework.security.web.access.ExceptionTranslationFilter.doFilter(ExceptionTranslationFilter.java:126)
	at org.springframework.security.web.access.ExceptionTranslationFilter.doFilter(ExceptionTranslationFilter.java:120)
	at org.springframework.security.web.ObservationFilterChainDecorator$ObservationFilter.wrapFilter(ObservationFilterChainDecorator.java:240)
	at org.springframework.security.web.ObservationFilterChainDecorator$ObservationFilter.doFilter(ObservationFilterChainDecorator.java:227)
	at org.springframework.security.web.ObservationFilterChainDecorator$VirtualFilterChain.doFilter(ObservationFilterChainDecorator.java:137)
	at org.springframework.security.web.session.SessionManagementFilter.doFilter(SessionManagementFilter.java:91)
	at org.springframework.security.web.session.SessionManagementFilter.doFilter(SessionManagementFilter.java:85)
	at org.springframework.security.web.ObservationFilterChainDecorator$ObservationFilter.wrapFilter(ObservationFilterChainDecorator.java:240)
	at org.springframework.security.web.ObservationFilterChainDecorator$ObservationFilter.doFilter(ObservationFilterChainDecorator.java:227)
	at org.springframework.security.web.ObservationFilterChainDecorator$VirtualFilterChain.doFilter(ObservationFilterChainDecorator.java:137)
	at org.springframework.security.web.authentication.AnonymousAuthenticationFilter.doFilter(AnonymousAuthenticationFilter.java:100)
	at org.springframework.security.web.ObservationFilterChainDecorator$ObservationFilter.wrapFilter(ObservationFilterChainDecorator.java:240)
	at org.springframework.security.web.ObservationFilterChainDecorator$ObservationFilter.doFilter(ObservationFilterChainDecorator.java:227)
	at org.springframework.security.web.ObservationFilterChainDecorator$VirtualFilterChain.doFilter(ObservationFilterChainDecorator.java:137)
	at org.springframework.security.web.servletapi.SecurityContextHolderAwareRequestFilter.doFilter(SecurityContextHolderAwareRequestFilter.java:179)
	at org.springframework.security.web.ObservationFilterChainDecorator$ObservationFilter.wrapFilter(ObservationFilterChainDecorator.java:240)
	at org.springframework.security.web.ObservationFilterChainDecorator$ObservationFilter.doFilter(ObservationFilterChainDecorator.java:227)
	at org.springframework.security.web.ObservationFilterChainDecorator$VirtualFilterChain.doFilter(ObservationFilterChainDecorator.java:137)
	at org.springframework.security.web.savedrequest.RequestCacheAwareFilter.doFilter(RequestCacheAwareFilter.java:63)
	at org.springframework.security.web.ObservationFilterChainDecorator$ObservationFilter.wrapFilter(ObservationFilterChainDecorator.java:240)
	at org.springframework.security.web.ObservationFilterChainDecorator$ObservationFilter.doFilter(ObservationFilterChainDecorator.java:227)
	at org.springframework.security.web.ObservationFilterChainDecorator$VirtualFilterChain.doFilter(ObservationFilterChainDecorator.java:137)
	at org.springframework.web.filter.OncePerRequestFilter.doFilter(OncePerRequestFilter.java:101)
	at org.springframework.security.web.ObservationFilterChainDecorator$ObservationFilter.wrapFilter(ObservationFilterChainDecorator.java:240)
	at org.springframework.security.web.ObservationFilterChainDecorator$ObservationFilter.doFilter(ObservationFilterChainDecorator.java:227)
	at org.springframework.security.web.ObservationFilterChainDecorator$VirtualFilterChain.doFilter(ObservationFilterChainDecorator.java:137)
	at org.springframework.security.web.authentication.logout.LogoutFilter.doFilter(LogoutFilter.java:107)
	at org.springframework.security.web.authentication.logout.LogoutFilter.doFilter(LogoutFilter.java:93)
	at org.springframework.security.web.ObservationFilterChainDecorator$ObservationFilter.wrapFilter(ObservationFilterChainDecorator.java:240)
	at org.springframework.security.web.ObservationFilterChainDecorator$ObservationFilter.doFilter(ObservationFilterChainDecorator.java:227)
	at org.springframework.security.web.ObservationFilterChainDecorator$VirtualFilterChain.doFilter(ObservationFilterChainDecorator.java:137)
	at org.springframework.web.filter.OncePerRequestFilter.doFilter(OncePerRequestFilter.java:101)
	at org.springframework.security.web.ObservationFilterChainDecorator$ObservationFilter.wrapFilter(ObservationFilterChainDecorator.java:240)
	at org.springframework.security.web.ObservationFilterChainDecorator$ObservationFilter.doFilter(ObservationFilterChainDecorator.java:227)
	at org.springframework.security.web.ObservationFilterChainDecorator$VirtualFilterChain.doFilter(ObservationFilterChainDecorator.java:137)
	at org.springframework.web.filter.OncePerRequestFilter.doFilter(OncePerRequestFilter.java:101)
	at org.springframework.security.web.ObservationFilterChainDecorator$ObservationFilter.wrapFilter(ObservationFilterChainDecorator.java:240)
	at org.springframework.security.web.ObservationFilterChainDecorator$ObservationFilter.doFilter(ObservationFilterChainDecorator.java:227)
	at org.springframework.security.web.ObservationFilterChainDecorator$VirtualFilterChain.doFilter(ObservationFilterChainDecorator.java:137)
	at org.springframework.security.web.context.SecurityContextHolderFilter.doFilter(SecurityContextHolderFilter.java:82)
	at org.springframework.security.web.context.SecurityContextHolderFilter.doFilter(SecurityContextHolderFilter.java:69)
	at org.springframework.security.web.ObservationFilterChainDecorator$ObservationFilter.wrapFilter(ObservationFilterChainDecorator.java:240)
	at org.springframework.security.web.ObservationFilterChainDecorator$ObservationFilter.doFilter(ObservationFilterChainDecorator.java:227)
	at org.springframework.security.web.ObservationFilterChainDecorator$VirtualFilterChain.doFilter(ObservationFilterChainDecorator.java:137)
	at org.springframework.web.filter.OncePerRequestFilter.doFilter(OncePerRequestFilter.java:101)
	at org.springframework.security.web.ObservationFilterChainDecorator$ObservationFilter.wrapFilter(ObservationFilterChainDecorator.java:240)
	at org.springframework.security.web.ObservationFilterChainDecorator$ObservationFilter.doFilter(ObservationFilterChainDecorator.java:227)
	at org.springframework.security.web.ObservationFilterChainDecorator$VirtualFilterChain.doFilter(ObservationFilterChainDecorator.java:137)
	at org.springframework.web.filter.OncePerRequestFilter.doFilter(OncePerRequestFilter.java:101)
	at org.springframework.security.web.ObservationFilterChainDecorator$ObservationFilter.wrapFilter(ObservationFilterChainDecorator.java:240)
	at org.springframework.security.web.ObservationFilterChainDecorator$AroundFilterObservation$SimpleAroundFilterObservation.lambda$wrap$0(ObservationFilterChainDecorator.java:323)
	at org.springframework.security.web.ObservationFilterChainDecorator$ObservationFilter.doFilter(ObservationFilterChainDecorator.java:224)
	at org.springframework.security.web.ObservationFilterChainDecorator$VirtualFilterChain.doFilter(ObservationFilterChainDecorator.java:137)
	at org.springframework.security.web.FilterChainProxy.doFilterInternal(FilterChainProxy.java:233)
	at org.springframework.security.web.FilterChainProxy.doFilter(FilterChainProxy.java:191)
	at org.springframework.web.filter.CompositeFilter$VirtualFilterChain.doFilter(CompositeFilter.java:113)
	at org.springframework.web.servlet.handler.HandlerMappingIntrospector.lambda$createCacheFilter$3(HandlerMappingIntrospector.java:195)
	at org.springframework.web.filter.CompositeFilter$VirtualFilterChain.doFilter(CompositeFilter.java:113)
	at org.springframework.web.filter.CompositeFilter.doFilter(CompositeFilter.java:74)
	at org.springframework.security.config.annotation.web.configuration.WebMvcSecurityConfiguration$CompositeFilterChainProxy.doFilter(WebMvcSecurityConfiguration.java:230)
	at org.springframework.web.filter.DelegatingFilterProxy.invokeDelegate(DelegatingFilterProxy.java:352)
	at org.springframework.web.filter.DelegatingFilterProxy.doFilter(DelegatingFilterProxy.java:268)
	at org.apache.catalina.core.ApplicationFilterChain.internalDoFilter(ApplicationFilterChain.java:164)
	at org.apache.catalina.core.ApplicationFilterChain.doFilter(ApplicationFilterChain.java:140)
	at org.springframework.web.filter.RequestContextFilter.doFilterInternal(RequestContextFilter.java:100)
	at org.springframework.web.filter.OncePerRequestFilter.doFilter(OncePerRequestFilter.java:116)
	at org.apache.catalina.core.ApplicationFilterChain.internalDoFilter(ApplicationFilterChain.java:164)
	at org.apache.catalina.core.ApplicationFilterChain.doFilter(ApplicationFilterChain.java:140)
	at org.springframework.web.filter.OncePerRequestFilter.doFilter(OncePerRequestFilter.java:101)
	at org.apache.catalina.core.ApplicationFilterChain.internalDoFilter(ApplicationFilterChain.java:164)
	at org.apache.catalina.core.ApplicationFilterChain.doFilter(ApplicationFilterChain.java:140)
	at org.springframework.web.filter.OncePerRequestFilter.doFilter(OncePerRequestFilter.java:101)
	at org.apache.catalina.core.ApplicationFilterChain.internalDoFilter(ApplicationFilterChain.java:164)
	at org.apache.catalina.core.ApplicationFilterChain.doFilter(ApplicationFilterChain.java:140)
	at org.apache.catalina.core.ApplicationDispatcher.invoke(ApplicationDispatcher.java:632)
	at org.apache.catalina.core.ApplicationDispatcher.doInclude(ApplicationDispatcher.java:510)
	at org.apache.catalina.core.ApplicationDispatcher.include(ApplicationDispatcher.java:453)
	at org.apache.catalina.core.StandardHostValve.custom(StandardHostValve.java:343)
	at org.apache.catalina.core.StandardHostValve.status(StandardHostValve.java:222)
	at org.apache.catalina.core.StandardHostValve.throwable(StandardHostValve.java:308)
	at org.apache.catalina.core.StandardHostValve.invoke(StandardHostValve.java:149)
	at org.apache.catalina.valves.ErrorReportValve.invoke(ErrorReportValve.java:93)
	at org.apache.catalina.core.StandardEngineValve.invoke(StandardEngineValve.java:74)
	at org.apache.catalina.connector.CoyoteAdapter.asyncDispatch(CoyoteAdapter.java:239)
	at org.apache.coyote.AbstractProcessor.dispatch(AbstractProcessor.java:243)
	at org.apache.coyote.AbstractProcessorLight.process(AbstractProcessorLight.java:57)
	at org.apache.coyote.AbstractProtocol$ConnectionHandler.process(AbstractProtocol.java:905)
	at org.apache.tomcat.util.net.NioEndpoint$SocketProcessor.doRun(NioEndpoint.java:1741)
	at org.apache.tomcat.util.net.SocketProcessorBase.run(SocketProcessorBase.java:52)
	at org.apache.tomcat.util.threads.ThreadPoolExecutor.runWorker(ThreadPoolExecutor.java:1190)
	at org.apache.tomcat.util.threads.ThreadPoolExecutor$Worker.run(ThreadPoolExecutor.java:659)
	at org.apache.tomcat.util.threads.TaskThread$WrappingRunnable.run(TaskThread.java:63)
	at java.base/java.lang.Thread.run(Thread.java:1583)
2026-03-09 15:53:20.890 [http-nio-18080-exec-4] ERROR o.a.c.c.C.[Tomcat].[localhost] - Exception Processing [ErrorPage[errorCode=0, location=/error]]
jakarta.servlet.ServletException: Unable to handle the Spring Security Exception because the response is already committed.
	at org.springframework.security.web.access.ExceptionTranslationFilter.doFilter(ExceptionTranslationFilter.java:144)
	at org.springframework.security.web.access.ExceptionTranslationFilter.doFilter(ExceptionTranslationFilter.java:120)
	at org.springframework.security.web.ObservationFilterChainDecorator$ObservationFilter.wrapFilter(ObservationFilterChainDecorator.java:240)
	at org.springframework.security.web.ObservationFilterChainDecorator$ObservationFilter.doFilter(ObservationFilterChainDecorator.java:227)
	at org.springframework.security.web.ObservationFilterChainDecorator$VirtualFilterChain.doFilter(ObservationFilterChainDecorator.java:137)
	at org.springframework.security.web.session.SessionManagementFilter.doFilter(SessionManagementFilter.java:91)
	at org.springframework.security.web.session.SessionManagementFilter.doFilter(SessionManagementFilter.java:85)
	at org.springframework.security.web.ObservationFilterChainDecorator$ObservationFilter.wrapFilter(ObservationFilterChainDecorator.java:240)
	at org.springframework.security.web.ObservationFilterChainDecorator$ObservationFilter.doFilter(ObservationFilterChainDecorator.java:227)
	at org.springframework.security.web.ObservationFilterChainDecorator$VirtualFilterChain.doFilter(ObservationFilterChainDecorator.java:137)
	at org.springframework.security.web.authentication.AnonymousAuthenticationFilter.doFilter(AnonymousAuthenticationFilter.java:100)
	at org.springframework.security.web.ObservationFilterChainDecorator$ObservationFilter.wrapFilter(ObservationFilterChainDecorator.java:240)
	at org.springframework.security.web.ObservationFilterChainDecorator$ObservationFilter.doFilter(ObservationFilterChainDecorator.java:227)
	at org.springframework.security.web.ObservationFilterChainDecorator$VirtualFilterChain.doFilter(ObservationFilterChainDecorator.java:137)
	at org.springframework.security.web.servletapi.SecurityContextHolderAwareRequestFilter.doFilter(SecurityContextHolderAwareRequestFilter.java:179)
	at org.springframework.security.web.ObservationFilterChainDecorator$ObservationFilter.wrapFilter(ObservationFilterChainDecorator.java:240)
	at org.springframework.security.web.ObservationFilterChainDecorator$ObservationFilter.doFilter(ObservationFilterChainDecorator.java:227)
	at org.springframework.security.web.ObservationFilterChainDecorator$VirtualFilterChain.doFilter(ObservationFilterChainDecorator.java:137)
	at org.springframework.security.web.savedrequest.RequestCacheAwareFilter.doFilter(RequestCacheAwareFilter.java:63)
	at org.springframework.security.web.ObservationFilterChainDecorator$ObservationFilter.wrapFilter(ObservationFilterChainDecorator.java:240)
	at org.springframework.security.web.ObservationFilterChainDecorator$ObservationFilter.doFilter(ObservationFilterChainDecorator.java:227)
	at org.springframework.security.web.ObservationFilterChainDecorator$VirtualFilterChain.doFilter(ObservationFilterChainDecorator.java:137)
	at org.springframework.web.filter.OncePerRequestFilter.doFilter(OncePerRequestFilter.java:101)
	at org.springframework.security.web.ObservationFilterChainDecorator$ObservationFilter.wrapFilter(ObservationFilterChainDecorator.java:240)
	at org.springframework.security.web.ObservationFilterChainDecorator$ObservationFilter.doFilter(ObservationFilterChainDecorator.java:227)
	at org.springframework.security.web.ObservationFilterChainDecorator$VirtualFilterChain.doFilter(ObservationFilterChainDecorator.java:137)
	at org.springframework.security.web.authentication.logout.LogoutFilter.doFilter(LogoutFilter.java:107)
	at org.springframework.security.web.authentication.logout.LogoutFilter.doFilter(LogoutFilter.java:93)
	at org.springframework.security.web.ObservationFilterChainDecorator$ObservationFilter.wrapFilter(ObservationFilterChainDecorator.java:240)
	at org.springframework.security.web.ObservationFilterChainDecorator$ObservationFilter.doFilter(ObservationFilterChainDecorator.java:227)
	at org.springframework.security.web.ObservationFilterChainDecorator$VirtualFilterChain.doFilter(ObservationFilterChainDecorator.java:137)
	at org.springframework.web.filter.OncePerRequestFilter.doFilter(OncePerRequestFilter.java:101)
	at org.springframework.security.web.ObservationFilterChainDecorator$ObservationFilter.wrapFilter(ObservationFilterChainDecorator.java:240)
	at org.springframework.security.web.ObservationFilterChainDecorator$ObservationFilter.doFilter(ObservationFilterChainDecorator.java:227)
	at org.springframework.security.web.ObservationFilterChainDecorator$VirtualFilterChain.doFilter(ObservationFilterChainDecorator.java:137)
	at org.springframework.web.filter.OncePerRequestFilter.doFilter(OncePerRequestFilter.java:101)
	at org.springframework.security.web.ObservationFilterChainDecorator$ObservationFilter.wrapFilter(ObservationFilterChainDecorator.java:240)
	at org.springframework.security.web.ObservationFilterChainDecorator$ObservationFilter.doFilter(ObservationFilterChainDecorator.java:227)
	at org.springframework.security.web.ObservationFilterChainDecorator$VirtualFilterChain.doFilter(ObservationFilterChainDecorator.java:137)
	at org.springframework.security.web.context.SecurityContextHolderFilter.doFilter(SecurityContextHolderFilter.java:82)
	at org.springframework.security.web.context.SecurityContextHolderFilter.doFilter(SecurityContextHolderFilter.java:69)
	at org.springframework.security.web.ObservationFilterChainDecorator$ObservationFilter.wrapFilter(ObservationFilterChainDecorator.java:240)
	at org.springframework.security.web.ObservationFilterChainDecorator$ObservationFilter.doFilter(ObservationFilterChainDecorator.java:227)
	at org.springframework.security.web.ObservationFilterChainDecorator$VirtualFilterChain.doFilter(ObservationFilterChainDecorator.java:137)
	at org.springframework.web.filter.OncePerRequestFilter.doFilter(OncePerRequestFilter.java:101)
	at org.springframework.security.web.ObservationFilterChainDecorator$ObservationFilter.wrapFilter(ObservationFilterChainDecorator.java:240)
	at org.springframework.security.web.ObservationFilterChainDecorator$ObservationFilter.doFilter(ObservationFilterChainDecorator.java:227)
	at org.springframework.security.web.ObservationFilterChainDecorator$VirtualFilterChain.doFilter(ObservationFilterChainDecorator.java:137)
	at org.springframework.web.filter.OncePerRequestFilter.doFilter(OncePerRequestFilter.java:101)
	at org.springframework.security.web.ObservationFilterChainDecorator$ObservationFilter.wrapFilter(ObservationFilterChainDecorator.java:240)
	at org.springframework.security.web.ObservationFilterChainDecorator$AroundFilterObservation$SimpleAroundFilterObservation.lambda$wrap$0(ObservationFilterChainDecorator.java:323)
	at org.springframework.security.web.ObservationFilterChainDecorator$ObservationFilter.doFilter(ObservationFilterChainDecorator.java:224)
	at org.springframework.security.web.ObservationFilterChainDecorator$VirtualFilterChain.doFilter(ObservationFilterChainDecorator.java:137)
	at org.springframework.security.web.FilterChainProxy.doFilterInternal(FilterChainProxy.java:233)
	at org.springframework.security.web.FilterChainProxy.doFilter(FilterChainProxy.java:191)
	at org.springframework.web.filter.CompositeFilter$VirtualFilterChain.doFilter(CompositeFilter.java:113)
	at org.springframework.web.servlet.handler.HandlerMappingIntrospector.lambda$createCacheFilter$3(HandlerMappingIntrospector.java:195)
	at org.springframework.web.filter.CompositeFilter$VirtualFilterChain.doFilter(CompositeFilter.java:113)
	at org.springframework.web.filter.CompositeFilter.doFilter(CompositeFilter.java:74)
	at org.springframework.security.config.annotation.web.configuration.WebMvcSecurityConfiguration$CompositeFilterChainProxy.doFilter(WebMvcSecurityConfiguration.java:230)
	at org.springframework.web.filter.DelegatingFilterProxy.invokeDelegate(DelegatingFilterProxy.java:352)
	at org.springframework.web.filter.DelegatingFilterProxy.doFilter(DelegatingFilterProxy.java:268)
	at org.apache.catalina.core.ApplicationFilterChain.internalDoFilter(ApplicationFilterChain.java:164)
	at org.apache.catalina.core.ApplicationFilterChain.doFilter(ApplicationFilterChain.java:140)
	at org.springframework.web.filter.RequestContextFilter.doFilterInternal(RequestContextFilter.java:100)
	at org.springframework.web.filter.OncePerRequestFilter.doFilter(OncePerRequestFilter.java:116)
	at org.apache.catalina.core.ApplicationFilterChain.internalDoFilter(ApplicationFilterChain.java:164)
	at org.apache.catalina.core.ApplicationFilterChain.doFilter(ApplicationFilterChain.java:140)
	at org.springframework.web.filter.OncePerRequestFilter.doFilter(OncePerRequestFilter.java:101)
	at org.apache.catalina.core.ApplicationFilterChain.internalDoFilter(ApplicationFilterChain.java:164)
	at org.apache.catalina.core.ApplicationFilterChain.doFilter(ApplicationFilterChain.java:140)
	at org.springframework.web.filter.OncePerRequestFilter.doFilter(OncePerRequestFilter.java:101)
	at org.apache.catalina.core.ApplicationFilterChain.internalDoFilter(ApplicationFilterChain.java:164)
	at org.apache.catalina.core.ApplicationFilterChain.doFilter(ApplicationFilterChain.java:140)
	at org.apache.catalina.core.ApplicationDispatcher.invoke(ApplicationDispatcher.java:632)
	at org.apache.catalina.core.ApplicationDispatcher.doInclude(ApplicationDispatcher.java:510)
	at org.apache.catalina.core.ApplicationDispatcher.include(ApplicationDispatcher.java:453)
	at org.apache.catalina.core.StandardHostValve.custom(StandardHostValve.java:343)
	at org.apache.catalina.core.StandardHostValve.status(StandardHostValve.java:222)
	at org.apache.catalina.core.StandardHostValve.throwable(StandardHostValve.java:308)
	at org.apache.catalina.core.StandardHostValve.invoke(StandardHostValve.java:149)
	at org.apache.catalina.valves.ErrorReportValve.invoke(ErrorReportValve.java:93)
	at org.apache.catalina.core.StandardEngineValve.invoke(StandardEngineValve.java:74)
	at org.apache.catalina.connector.CoyoteAdapter.asyncDispatch(CoyoteAdapter.java:239)
	at org.apache.coyote.AbstractProcessor.dispatch(AbstractProcessor.java:243)
	at org.apache.coyote.AbstractProcessorLight.process(AbstractProcessorLight.java:57)
	at org.apache.coyote.AbstractProtocol$ConnectionHandler.process(AbstractProtocol.java:905)
	at org.apache.tomcat.util.net.NioEndpoint$SocketProcessor.doRun(NioEndpoint.java:1741)
	at org.apache.tomcat.util.net.SocketProcessorBase.run(SocketProcessorBase.java:52)
	at org.apache.tomcat.util.threads.ThreadPoolExecutor.runWorker(ThreadPoolExecutor.java:1190)
	at org.apache.tomcat.util.threads.ThreadPoolExecutor$Worker.run(ThreadPoolExecutor.java:659)
	at org.apache.tomcat.util.threads.TaskThread$WrappingRunnable.run(TaskThread.java:63)
	at java.base/java.lang.Thread.run(Thread.java:1583)
Caused by: org.springframework.security.access.AccessDeniedException: Access Denied
	at org.springframework.security.web.access.intercept.AuthorizationFilter.doFilter(AuthorizationFilter.java:98)
	at org.springframework.security.web.ObservationFilterChainDecorator$ObservationFilter.wrapFilter(ObservationFilterChainDecorator.java:240)
	at org.springframework.security.web.ObservationFilterChainDecorator$ObservationFilter.doFilter(ObservationFilterChainDecorator.java:227)
	at org.springframework.security.web.ObservationFilterChainDecorator$VirtualFilterChain.doFilter(ObservationFilterChainDecorator.java:137)
	at org.springframework.security.web.access.ExceptionTranslationFilter.doFilter(ExceptionTranslationFilter.java:126)
	... 92 common frames omitted
2026-03-09 15:53:20.890 [http-nio-18080-exec-4] INFO  c.r.L.service.ContractReviewService - SSE连接完成: reviewId=3
2026-03-09 15:53:20.907 [http-nio-18080-exec-6] INFO  c.r.L.filter.RequestTrackingFilter - [REQUEST_END] traceId=11d0460e, method=GET, uri=/api/v1/contracts/3, status=200, duration=8ms
2026-03-09 15:53:20.913 [http-nio-18080-exec-7] INFO  c.r.L.c.ContractReviewController - 用户 demo 请求下载PDF报告，审查ID: 3
2026-03-09 15:53:20.919 [http-nio-18080-exec-7] INFO  c.r.L.c.ContractReviewController - 从缓存读取PDF报告，审查ID: 3, 文件大小: 392147 bytes
2026-03-09 15:53:20.919 [http-nio-18080-exec-7] INFO  c.r.L.c.ContractReviewController - 生成最终报告文件名: contract-labor-outsourcing分析报告.pdf
2026-03-09 15:53:20.920 [http-nio-18080-exec-7] INFO  c.r.L.c.ContractReviewController - PDF报告准备下载 [缓存]，审查ID: 3, 文件大小: 392147 bytes, 文件名: contract-labor-outsourcing分析报告.pdf
2026-03-09 15:53:20.922 [http-nio-18080-exec-7] INFO  c.r.L.filter.RequestTrackingFilter - [REQUEST_END] traceId=1d9512ab, method=GET, uri=/api/v1/contracts/3/report, status=200, duration=10ms
